order_id,customer_id,order_date,order_amount,order_status
100001,205,2025-01-02,1495.29,Completed
100002,439,2025-01-18,1981.0,Completed
100003,640,2025-06-30,1080.59,Cancelled
100004,389,2024-08-10,1285.74,Pending
100005,47,2025-12-08,704.4,Completed
100006,670,2024-11-01,1054.61,Completed
100007,747,2025-11-17,2096.44,Cancelled
100008,656,2025-05-18,3543.72,Cancelled
100009,664,2024-05-24,3260.59,Completed
100010,657,2025-08-29,2380.2,Completed
100011,321,2024-03-14,666.15,Completed
100012,20,2025-11-26,1028.53,Completed
100013,989,2025-01-01,1583.2,Completed
100014,201,2025-10-14,3365.67,Completed
100015,836,2024-08-22,1253.36,Completed
100016,537,2025-01-31,814.6,Completed
100017,536,2024-10-24,4614.36,Completed
100018,25,2024-09-01,1116.37,Completed
100019,992,2024-11-29,864.74,Completed
100020,527,2024-02-22,2086.64,Completed
100021,837,2025-01-21,1742.36,Pending
100022,782,2024-04-29,1300.44,Completed
100023,137,2025-05-19,1800.43,Completed
100024,950,2024-03-29,986.02,Completed
100025,593,2024-01-10,1290.8,Completed
100026,183,2025-03-03,1758.22,Cancelled
100027,580,2024-10-16,479.26,Pending
100028,618,2026-05-03,3348.72,Completed
100029,654,2024-09-14,737.42,Completed
100030,313,2025-01-23,977.78,Completed
100031,943,2024-08-17,3448.32,Completed
100032,234,2026-05-15,2606.06,Completed
100033,483,2026-02-06,1905.12,Completed
100034,847,2024-06-16,593.01,Completed
100035,79,2024-09-01,1214.21,Completed
100036,400,2024-06-30,1564.06,Pending
100037,473,2024-05-26,1639.68,Completed
100038,777,2024-08-22,3779.94,Completed
100039,792,2026-04-08,6580.28,Cancelled
100040,803,2025-03-22,2684.36,Completed
100041,351,2025-01-07,1271.8,Pending
100042,483,2024-07-04,3963.61,Completed
100043,30,2024-06-28,1226.99,Completed
100044,830,2025-06-24,327.06,Completed
100045,296,2025-12-31,798.99,Completed
100046,462,2025-06-26,385.21,Completed
100047,682,2025-10-01,1402.56,Completed
100048,781,2024-09-11,1603.04,Completed
100049,86,2026-07-08,639.26,Cancelled
100050,770,2026-03-11,1033.15,Completed
100051,369,2026-05-04,712.24,Completed
100052,415,2025-10-11,1657.37,Completed
100053,132,2025-11-06,1033.57,Pending
100054,720,2024-03-09,3470.32,Completed
100055,470,2024-06-05,2009.89,Cancelled
100056,103,2024-05-08,5108.46,Completed
100057,140,2025-04-15,1339.36,Completed
100058,727,2025-07-26,7254.52,Completed
100059,108,2024-04-25,1802.95,Completed
100060,519,2026-01-01,1276.71,Completed
100061,698,2025-06-18,8614.66,Cancelled
100062,917,2025-08-02,548.4,Completed
100063,158,2026-06-11,1256.77,Completed
100064,290,2025-07-22,609.88,Completed
100065,154,2024-01-04,544.93,Completed
100066,887,2026-01-18,469.61,Completed
100067,595,2026-05-02,2687.68,Cancelled
100068,982,2024-03-22,758.74,Pending
100069,46,2025-06-08,1525.29,Completed
100070,708,2025-04-02,3214.05,Completed
100071,37,2024-05-27,2432.6,Completed
100072,108,2024-09-25,2355.69,Completed
100073,426,2026-04-12,3962.09,Completed
100074,359,2025-01-16,5123.9,Completed
100075,357,2025-06-06,797.84,Completed
100076,68,2026-01-26,2464.2,Pending
100077,543,2025-03-12,1508.09,Pending
100078,334,2026-05-17,1636.32,Completed
100079,994,2025-05-01,673.9,Pending
100080,793,2026-08-17,1273.82,Cancelled
100081,429,2024-05-23,1367.52,Completed
100082,769,2026-05-14,4560.59,Cancelled
100083,576,2024-04-19,849.45,Pending
100084,488,2026-03-02,381.84,Completed
100085,923,2025-10-05,1792.88,Cancelled
100086,589,2025-06-28,795.24,Completed
100087,476,2026-05-06,1643.88,Completed
100088,566,2025-09-15,2765.66,Completed
100089,786,2025-11-06,1686.92,Completed
100090,748,2026-01-03,1359.99,Completed
100091,548,2026-03-29,1625.84,Completed
100092,176,2024-08-13,3122.38,Cancelled
100093,639,2026-04-01,849.81,Cancelled
100094,426,2025-07-27,2890.13,Completed
100095,936,2024-02-01,936.97,Completed
100096,913,2026-06-12,2662.15,Completed
100097,1,2026-01-20,660.19,Completed
100098,1000,2026-05-17,2561.05,Completed
100099,906,2026-01-21,1684.67,Pending
100100,912,2024-12-02,1916.59,Completed
100101,491,2024-12-06,3357.18,Completed
100102,269,2024-09-26,1055.56,Completed
100103,609,2025-02-02,1770.93,Completed
100104,890,2024-02-03,2192.26,Completed
100105,443,2025-12-26,1482.05,Completed
100106,984,2026-01-02,2868.24,Completed
100107,258,2026-08-17,2230.38,Cancelled
100108,863,2025-06-19,1234.71,Completed
100109,66,2026-08-19,4084.76,Completed
100110,849,2024-07-23,2593.53,Completed
100111,946,2025-04-06,1040.93,Completed
100112,704,2026-01-31,1034.17,Completed
100113,624,2026-02-07,1560.65,Cancelled
100114,408,2026-01-22,2407.64,Pending
100115,881,2025-03-29,427.01,Completed
100116,125,2024-03-12,1069.78,Completed
100117,286,2026-04-22,1236.67,Completed
100118,129,2025-01-06,707.03,Completed
100119,275,2025-09-24,926.48,Pending
100120,521,2024-05-09,1968.03,Completed
100121,329,2026-06-30,1309.96,Completed
100122,417,2024-09-06,1378.61,Completed
100123,228,2026-08-28,734.67,Completed
100124,346,2025-11-27,1566.75,Completed
100125,491,2024-11-17,677.16,Completed
100126,210,2024-12-25,4646.69,Pending
100127,939,2026-08-10,5589.83,Completed
100128,903,2025-07-31,1323.43,Cancelled
100129,883,2025-11-04,867.8,Completed
100130,3,2025-08-19,3137.04,Completed
100131,488,2024-08-19,2645.4,Completed
100132,802,2024-05-08,6088.31,Completed
100133,342,2024-01-04,7239.03,Pending
100134,229,2025-01-29,482.08,Cancelled
100135,614,2025-10-27,3822.54,Completed
100136,4,2024-10-20,1557.62,Completed
100137,615,2024-08-04,2572.03,Completed
100138,444,2025-01-13,2984.37,Completed
100139,683,2024-08-13,2904.12,Completed
100140,682,2025-02-27,3448.8,Completed
100141,533,2025-06-21,1250.58,Completed
100142,585,2024-09-22,968.91,Cancelled
100143,30,2024-01-31,3893.39,Completed
100144,981,2024-04-09,1021.39,Completed
100145,78,2025-02-09,6035.72,Pending
100146,977,2024-06-21,1095.21,Completed
100147,974,2026-02-16,1405.29,Completed
100148,722,2024-06-09,1590.45,Completed
100149,752,2024-01-27,661.07,Completed
100150,34,2025-08-25,662.31,Completed
100151,951,2025-08-30,3256.36,Completed
100152,527,2025-10-15,588.46,Completed
100153,333,2024-06-03,9258.74,Completed
100154,670,2025-10-24,1693.17,Completed
100155,532,2026-04-19,921.93,Completed
100156,353,2025-08-11,2365.36,Cancelled
100157,313,2025-01-15,363.33,Completed
100158,118,2025-04-13,1449.14,Completed
100159,914,2026-03-01,1575.09,Completed
100160,667,2024-05-19,790.38,Completed
100161,283,2025-12-05,1193.79,Completed
100162,728,2024-09-19,4853.51,Completed
100163,693,2026-05-04,2027.69,Completed
100164,138,2024-05-16,2333.67,Completed
100165,173,2025-05-17,1079.34,Completed
100166,228,2025-01-24,761.53,Completed
100167,104,2025-04-17,1538.95,Completed
100168,830,2025-01-06,364.34,Completed
100169,155,2024-02-06,882.37,Completed
100170,819,2026-04-14,797.45,Completed
100171,528,2025-06-03,478.35,Completed
100172,117,2025-08-07,2744.99,Completed
100173,853,2025-05-22,1653.6,Completed
100174,172,2025-05-29,1203.22,Completed
100175,1000,2025-08-13,2784.16,Completed
100176,17,2025-02-12,618.17,Completed
100177,623,2024-05-07,751.61,Completed
100178,305,2024-01-29,3721.21,Completed
100179,531,2025-06-09,7930.38,Completed
100180,849,2024-06-30,2808.17,Completed
100181,791,2025-03-17,2445.64,Completed
100182,278,2025-08-11,1233.16,Completed
100183,64,2025-08-02,1251.73,Completed
100184,280,2024-06-12,2086.55,Cancelled
100185,818,2025-10-04,4393.69,Pending
100186,513,2026-07-04,2375.1,Completed
100187,763,2024-12-17,3355.03,Completed
100188,488,2024-04-25,992.27,Completed
100189,528,2025-05-05,2687.97,Completed
100190,65,2025-08-23,1163.48,Completed
100191,27,2025-01-19,1971.68,Completed
100192,704,2025-08-06,2686.05,Completed
100193,199,2026-01-14,1274.41,Completed
100194,353,2025-07-16,929.31,Completed
100195,361,2026-02-13,2278.4,Completed
100196,635,2024-05-22,1649.03,Cancelled
100197,943,2024-10-12,1966.53,Completed
100198,762,2025-06-24,2759.17,Completed
100199,640,2024-09-09,4210.25,Completed
100200,843,2026-08-25,2770.17,Completed
100201,506,2025-10-22,2543.52,Completed
100202,145,2025-02-04,1300.23,Completed
100203,480,2026-01-23,1436.69,Cancelled
100204,978,2026-08-14,2418.66,Pending
100205,784,2024-01-11,1421.45,Completed
100206,342,2025-06-25,2412.15,Completed
100207,314,2025-02-19,1059.33,Completed
100208,922,2026-01-04,6308.29,Cancelled
100209,94,2024-10-26,2041.48,Completed
100210,936,2024-11-12,1956.17,Completed
100211,677,2026-01-15,1315.34,Completed
100212,815,2026-05-16,6241.68,Completed
100213,319,2024-05-19,797.04,Completed
100214,650,2025-08-21,1139.77,Cancelled
100215,316,2026-01-27,3134.98,Completed
100216,20,2024-06-09,2103.42,Completed
100217,449,2025-10-05,1237.25,Completed
100218,980,2026-08-11,1260.53,Completed
100219,241,2026-03-31,1489.9,Completed
100220,162,2024-07-08,1923.56,Cancelled
100221,925,2026-08-21,4941.39,Completed
100222,916,2024-12-13,2667.5,Pending
100223,855,2025-04-08,3500.67,Completed
100224,977,2024-10-10,1357.31,Cancelled
100225,992,2025-11-11,2516.86,Cancelled
100226,923,2024-05-02,655.19,Completed
100227,966,2025-11-21,2026.23,Pending
100228,750,2024-02-23,1943.44,Completed
100229,307,2026-04-01,5880.89,Completed
100230,452,2024-11-13,4954.11,Completed
100231,374,2025-05-19,1521.66,Completed
100232,505,2024-08-09,1058.28,Completed
100233,698,2024-04-14,1077.33,Cancelled
100234,240,2024-01-23,1486.27,Pending
100235,19,2026-08-10,4195.1,Completed
100236,605,2024-05-12,2357.2,Cancelled
100237,994,2024-02-25,2520.59,Cancelled
100238,870,2025-05-14,3049.79,Completed
100239,15,2026-07-25,943.26,Completed
100240,600,2024-03-21,1135.3,Completed
100241,530,2024-09-05,2524.24,Completed
100242,421,2025-06-24,1084.9,Cancelled
100243,669,2025-04-24,667.39,Completed
100244,422,2024-05-21,890.57,Cancelled
100245,919,2026-07-13,3571.98,Pending
100246,913,2024-12-14,1411.47,Completed
100247,646,2025-10-20,2084.63,Cancelled
100248,452,2025-03-21,920.02,Completed
100249,599,2025-07-23,2303.43,Completed
100250,905,2026-05-30,1510.67,Completed
100251,294,2024-11-13,2405.64,Pending
100252,877,2026-03-03,1319.38,Cancelled
100253,593,2024-10-11,2498.2,Completed
100254,64,2024-11-04,1277.91,Completed
100255,754,2024-02-01,1708.43,Completed
100256,199,2024-12-03,1508.62,Cancelled
100257,513,2025-07-24,1830.96,Pending
100258,953,2025-09-14,2157.99,Pending
100259,784,2025-02-22,1304.86,Completed
100260,699,2024-12-12,1665.35,Completed
100261,72,2024-08-06,2031.96,Completed
100262,868,2026-05-29,2503.73,Completed
100263,327,2025-01-08,1713.15,Completed
100264,53,2024-10-24,1011.27,Cancelled
100265,962,2026-07-04,1904.05,Completed
100266,187,2025-09-11,2782.95,Pending
100267,314,2026-04-05,756.73,Completed
100268,140,2025-01-13,762.49,Completed
100269,623,2025-02-22,1170.4,Completed
100270,876,2025-12-10,1588.47,Completed
100271,518,2026-08-11,431.62,Completed
100272,877,2026-02-06,2614.17,Completed
100273,939,2025-03-25,1598.62,Completed
100274,880,2025-08-04,390.46,Completed
100275,163,2024-12-05,873.04,Cancelled
100276,203,2025-03-19,1480.54,Pending
100277,293,2025-01-12,568.72,Completed
100278,639,2024-04-06,3382.4,Completed
100279,870,2026-05-01,2032.42,Completed
100280,304,2024-05-13,2797.17,Completed
100281,667,2024-09-17,922.12,Pending
100282,184,2024-09-03,2351.8,Completed
100283,540,2024-08-04,1171.6,Completed
100284,784,2025-04-29,1588.33,Completed
100285,391,2026-07-23,2263.98,Completed
100286,163,2024-11-15,1719.86,Completed
100287,408,2025-12-15,3044.26,Completed
100288,766,2025-12-13,1970.3,Completed
100289,938,2026-01-13,1332.1,Cancelled
100290,618,2025-08-28,3113.22,Completed
100291,671,2025-12-21,3570.34,Completed
100292,416,2026-01-10,1905.46,Completed
100293,933,2025-10-26,4289.87,Completed
100294,878,2025-06-27,1544.58,Completed
100295,972,2024-03-29,1656.37,Completed
100296,871,2025-05-09,1805.13,Completed
100297,547,2026-01-03,1654.37,Completed
100298,962,2024-11-28,1470.99,Completed
100299,613,2024-08-30,1131.03,Completed
100300,604,2025-08-01,943.28,Completed
100301,657,2024-05-08,1934.37,Completed
100302,183,2025-11-30,3922.42,Completed
100303,849,2026-08-14,3055.73,Completed
100304,354,2025-04-16,2316.46,Completed
100305,660,2024-01-28,4054.17,Completed
100306,853,2024-09-21,1822.66,Completed
100307,113,2024-01-31,946.54,Completed
100308,294,2025-03-22,1434.26,Completed
100309,944,2024-10-28,1730.41,Completed
100310,353,2026-01-22,1290.09,Completed
100311,662,2026-04-01,2676.02,Completed
100312,560,2025-02-27,3306.49,Completed
100313,878,2026-08-09,583.86,Completed
100314,506,2025-03-13,1637.61,Completed
100315,421,2024-04-25,272.74,Completed
100316,19,2026-06-02,1695.99,Completed
100317,468,2025-01-19,1683.71,Completed
100318,586,2026-05-11,5710.59,Cancelled
100319,687,2025-12-15,4699.02,Completed
100320,784,2026-07-03,3299.64,Completed
100321,781,2025-09-20,964.6,Completed
100322,453,2025-07-30,929.05,Completed
100323,80,2024-08-15,882.81,Cancelled
100324,252,2024-09-28,4855.38,Completed
100325,405,2024-11-16,996.01,Cancelled
100326,979,2024-10-28,1400.97,Completed
100327,773,2025-08-01,1002.94,Completed
100328,901,2026-04-26,794.51,Completed
100329,993,2024-02-04,2234.43,Completed
100330,132,2025-08-24,1988.66,Completed
100331,15,2026-01-07,423.93,Cancelled
100332,572,2025-03-07,772.23,Completed
100333,263,2024-09-24,2124.76,Completed
100334,877,2025-02-24,1717.46,Completed
100335,458,2026-03-16,1387.05,Cancelled
100336,13,2026-06-08,2668.4,Completed
100337,219,2025-10-27,704.56,Completed
100338,334,2025-04-17,1222.68,Completed
100339,30,2025-09-19,2520.63,Cancelled
100340,309,2025-10-20,1180.27,Cancelled
100341,536,2026-01-16,2205.47,Completed
100342,900,2024-05-20,854.48,Completed
100343,651,2024-03-14,1053.68,Completed
100344,93,2024-12-02,565.16,Completed
100345,412,2024-09-09,472.68,Completed
100346,773,2025-08-21,1321.04,Completed
100347,361,2025-05-22,2411.63,Completed
100348,561,2026-06-12,1670.57,Completed
100349,984,2026-01-26,3826.58,Completed
100350,137,2024-05-23,1394.4,Completed
100351,471,2026-04-06,453.71,Pending
100352,611,2026-01-19,2251.31,Cancelled
100353,804,2025-01-06,892.92,Completed
100354,846,2024-02-26,1953.47,Completed
100355,283,2026-02-11,407.47,Pending
100356,461,2024-07-06,1505.32,Pending
100357,837,2024-08-02,2842.08,Completed
100358,849,2025-04-02,2625.05,Completed
100359,831,2024-03-21,1529.29,Pending
100360,668,2025-01-23,1740.93,Completed
100361,265,2024-08-27,1302.93,Completed
100362,360,2024-02-21,1482.74,Completed
100363,656,2026-05-28,2705.24,Cancelled
100364,252,2024-09-10,1105.57,Completed
100365,681,2025-06-13,1178.28,Completed
100366,513,2026-03-05,644.73,Completed
100367,436,2025-04-13,2740.5,Completed
100368,348,2024-10-11,1462.1,Completed
100369,778,2025-12-24,792.05,Completed
100370,459,2025-11-04,3071.95,Completed
100371,299,2024-01-10,1685.58,Pending
100372,377,2026-03-08,1072.37,Completed
100373,477,2024-04-25,3103.59,Completed
100374,619,2025-12-18,1391.56,Completed
100375,991,2024-04-06,626.42,Completed
100376,334,2024-03-04,3239.41,Completed
100377,177,2024-04-28,1006.37,Completed
100378,978,2025-12-21,12372.7,Completed
100379,147,2025-03-17,1300.4,Completed
100380,908,2025-08-08,468.75,Completed
100381,140,2024-09-30,5434.29,Completed
100382,355,2024-04-26,1674.96,Completed
100383,999,2026-02-03,2051.87,Completed
100384,165,2026-03-21,2226.83,Completed
100385,159,2026-03-27,717.49,Cancelled
100386,611,2024-03-04,424.89,Completed
100387,187,2026-06-18,6186.56,Cancelled
100388,28,2025-06-11,628.93,Cancelled
100389,695,2024-07-09,5038.78,Cancelled
100390,961,2024-07-12,2446.52,Cancelled
100391,764,2025-05-04,1947.12,Completed
100392,965,2025-08-10,1281.68,Completed
100393,526,2024-02-17,7793.45,Completed
100394,616,2025-04-27,1107.65,Completed
100395,982,2024-08-21,1127.95,Completed
100396,498,2026-06-12,2691.33,Completed
100397,42,2025-08-21,1122.12,Completed
100398,237,2024-12-27,900.51,Completed
100399,622,2025-02-14,1674.35,Completed
100400,866,2026-03-25,2718.83,Completed
100401,609,2025-11-03,5900.28,Cancelled
100402,401,2025-01-12,6736.73,Completed
100403,312,2026-03-27,543.03,Completed
100404,682,2025-08-28,3425.11,Completed
100405,905,2024-02-27,917.53,Completed
100406,275,2025-09-05,947.75,Completed
100407,552,2026-07-02,1225.04,Completed
100408,423,2026-04-19,1175.36,Completed
100409,244,2024-02-11,867.98,Cancelled
100410,401,2026-05-08,383.77,Completed
100411,88,2026-08-13,4456.68,Completed
100412,528,2024-06-07,3121.29,Completed
100413,107,2025-09-12,1722.38,Completed
100414,467,2026-01-04,928.25,Completed
100415,903,2024-02-12,3885.94,Completed
100416,145,2026-03-16,1670.73,Completed
100417,248,2025-01-18,1198.07,Completed
100418,725,2024-10-18,598.02,Completed
100419,912,2024-09-08,2470.6,Completed
100420,958,2025-05-06,1401.13,Completed
100421,120,2026-02-16,2063.5,Completed
100422,237,2026-03-10,1943.08,Completed
100423,983,2024-08-07,2632.37,Completed
100424,502,2026-03-15,2005.9,Completed
100425,841,2026-03-14,1428.59,Completed
100426,18,2024-02-29,2497.93,Completed
100427,114,2024-10-30,3231.85,Completed
100428,201,2024-01-15,4759.65,Completed
100429,86,2026-08-20,840.89,Completed
100430,896,2025-04-04,3589.43,Completed
100431,810,2024-09-20,620.63,Completed
100432,386,2026-05-20,3368.92,Completed
100433,79,2025-10-28,1186.92,Completed
100434,106,2026-07-03,3010.99,Completed
100435,261,2026-02-17,4597.44,Completed
100436,732,2026-07-18,2022.51,Cancelled
100437,808,2024-07-29,1745.45,Cancelled
100438,536,2024-07-17,1688.48,Completed
100439,913,2024-03-14,1325.66,Cancelled
100440,932,2024-11-29,3738.39,Completed
100441,771,2025-06-20,1678.21,Completed
100442,80,2025-07-03,437.74,Completed
100443,896,2025-10-20,3197.9,Cancelled
100444,913,2025-12-14,3090.56,Completed
100445,558,2026-03-06,1851.16,Cancelled
100446,601,2025-05-20,1078.36,Completed
100447,784,2024-09-22,846.75,Pending
100448,595,2025-03-03,1080.37,Completed
100449,338,2026-04-28,2048.31,Completed
100450,697,2026-03-04,543.07,Completed
100451,789,2026-06-10,2371.82,Completed
100452,140,2025-06-09,1886.93,Completed
100453,680,2026-01-28,4155.84,Completed
100454,172,2025-02-05,2839.41,Completed
100455,573,2024-01-08,1125.02,Completed
100456,107,2025-12-24,599.72,Completed
100457,993,2024-03-25,1055.47,Completed
100458,669,2025-09-10,4417.57,Completed
100459,464,2026-08-28,2179.56,Completed
100460,498,2024-01-25,2653.97,Completed
100461,621,2025-12-15,1195.8,Completed
100462,124,2026-04-24,2466.7,Pending
100463,505,2025-09-01,670.11,Cancelled
100464,719,2025-11-02,3305.77,Completed
100465,258,2026-05-27,849.39,Completed
100466,473,2026-01-26,498.78,Completed
100467,321,2024-02-08,7832.66,Cancelled
100468,161,2026-01-23,1964.94,Cancelled
100469,979,2026-01-06,1929.91,Cancelled
100470,595,2024-08-09,533.83,Pending
100471,387,2025-09-29,2697.84,Completed
100472,332,2026-03-30,3201.76,Completed
100473,679,2026-04-05,1581.3,Completed
100474,108,2026-04-27,3209.86,Completed
100475,567,2026-01-26,3852.1,Completed
100476,228,2024-04-28,2533.26,Completed
100477,896,2025-04-16,440.32,Completed
100478,789,2024-08-14,851.5,Cancelled
100479,762,2024-03-10,5388.51,Completed
100480,145,2024-09-13,1899.02,Cancelled
100481,81,2026-06-03,1904.58,Pending
100482,452,2025-08-04,1048.34,Completed
100483,348,2026-01-12,1189.38,Completed
100484,730,2025-05-04,3907.93,Completed
100485,715,2024-12-12,4767.36,Cancelled
100486,394,2025-04-14,3022.16,Completed
100487,162,2026-08-15,2576.18,Completed
100488,315,2024-10-06,2704.97,Completed
100489,498,2024-10-29,1719.52,Cancelled
100490,251,2026-04-04,823.17,Completed
100491,309,2024-12-26,715.28,Completed
100492,238,2026-05-29,4230.77,Completed
100493,65,2026-08-06,1761.89,Completed
100494,603,2024-03-05,2454.4,Cancelled
100495,998,2025-10-12,2064.27,Completed
100496,954,2024-04-01,2133.48,Cancelled
100497,933,2026-05-05,2252.41,Completed
100498,660,2024-04-22,2832.33,Completed
100499,753,2026-05-13,1092.95,Completed
100500,65,2026-01-18,3882.0,Completed
100501,198,2025-06-05,1114.34,Completed
100502,708,2024-07-21,2103.15,Completed
100503,989,2024-09-16,834.3,Cancelled
100504,913,2025-02-23,1615.23,Cancelled
100505,633,2026-04-04,1172.22,Completed
100506,108,2026-05-23,1828.56,Completed
100507,967,2025-05-03,2903.15,Pending
100508,310,2024-08-14,1891.22,Completed
100509,45,2025-07-03,6438.82,Completed
100510,771,2026-03-20,3019.63,Completed
100511,172,2025-06-10,1551.61,Completed
100512,295,2026-05-16,1702.02,Completed
100513,677,2024-01-10,2300.97,Completed
100514,966,2025-05-03,2845.1,Completed
100515,912,2024-02-14,807.07,Completed
100516,163,2025-08-18,2722.67,Completed
100517,175,2025-08-22,820.8,Completed
100518,818,2024-10-30,2556.63,Completed
100519,309,2026-02-11,3679.77,Completed
100520,79,2026-07-14,2187.18,Completed
100521,589,2025-03-20,396.95,Completed
100522,657,2025-02-27,565.1,Completed
100523,1000,2024-07-04,2594.91,Completed
100524,478,2024-01-28,365.26,Completed
100525,807,2025-01-30,2675.69,Completed
100526,532,2025-03-05,3414.13,Completed
100527,927,2026-01-17,3764.64,Completed
100528,479,2026-04-18,1538.53,Completed
100529,675,2024-04-15,2393.64,Completed
100530,965,2024-05-28,2061.77,Completed
100531,884,2025-06-29,691.04,Cancelled
100532,398,2024-12-31,2921.36,Completed
100533,503,2025-11-14,4444.19,Completed
100534,595,2024-11-09,2817.63,Cancelled
100535,123,2025-02-08,1298.18,Completed
100536,231,2025-03-08,2911.75,Completed
100537,711,2025-08-08,4183.91,Pending
100538,74,2024-03-08,3841.42,Completed
100539,604,2026-05-09,3508.73,Completed
100540,477,2024-11-25,639.59,Completed
100541,478,2024-07-26,2331.77,Pending
100542,855,2025-09-15,2738.63,Completed
100543,272,2024-05-11,3535.71,Cancelled
100544,794,2025-07-28,2516.68,Completed
100545,789,2024-02-29,4936.0,Completed
100546,993,2024-09-13,548.64,Completed
100547,827,2025-12-07,2587.56,Cancelled
100548,503,2024-12-27,2457.48,Completed
100549,357,2026-05-26,3236.7,Pending
100550,786,2024-12-12,4904.57,Completed
100551,932,2025-11-02,1010.46,Cancelled
100552,277,2024-01-30,4798.67,Completed
100553,361,2026-08-08,3057.11,Completed
100554,491,2025-08-22,1593.81,Completed
100555,107,2025-11-19,997.07,Completed
100556,305,2024-11-12,2044.99,Completed
100557,166,2024-10-07,2167.29,Completed
100558,777,2025-02-28,2246.92,Pending
100559,486,2024-09-05,1197.54,Completed
100560,606,2024-01-21,2674.75,Completed
100561,81,2025-10-10,1382.9,Completed
100562,572,2025-11-28,3969.18,Completed
100563,722,2025-10-19,5470.78,Completed
100564,689,2025-06-22,1061.41,Pending
100565,802,2025-05-24,1871.45,Completed
100566,113,2026-08-16,3386.15,Completed
100567,549,2025-05-27,2153.53,Completed
100568,475,2025-11-17,747.25,Completed
100569,900,2025-02-09,3157.89,Completed
100570,690,2024-02-02,1214.14,Cancelled
100571,956,2024-12-06,2050.52,Completed
100572,29,2025-12-02,943.33,Completed
100573,441,2025-09-08,3017.03,Completed
100574,704,2025-11-05,1369.04,Pending
100575,89,2025-12-28,3231.88,Completed
100576,653,2024-07-31,1565.36,Completed
100577,228,2026-03-02,1316.51,Completed
100578,76,2025-11-26,2353.11,Completed
100579,659,2024-10-26,895.34,Completed
100580,422,2025-05-05,5792.93,Completed
100581,403,2026-04-14,2030.82,Completed
100582,316,2024-06-11,1245.72,Completed
100583,684,2024-10-21,1388.49,Cancelled
100584,620,2024-07-05,1820.68,Completed
100585,668,2024-10-23,3438.64,Completed
100586,792,2024-07-18,1006.37,Completed
100587,608,2026-02-23,1416.34,Completed
100588,77,2026-08-22,1742.99,Completed
100589,158,2026-08-01,4905.68,Completed
100590,992,2024-12-14,3446.06,Completed
100591,282,2026-06-26,5060.16,Completed
100592,423,2024-03-20,1836.68,Completed
100593,372,2024-04-18,4568.01,Completed
100594,991,2024-11-12,4102.17,Completed
100595,831,2024-10-07,2831.15,Completed
100596,476,2026-06-11,2982.72,Completed
100597,682,2026-01-09,1223.01,Completed
100598,550,2026-01-02,5907.27,Completed
100599,646,2026-02-23,1534.86,Pending
100600,956,2025-12-06,2589.83,Completed
100601,672,2025-05-05,2794.46,Completed
100602,112,2024-02-27,738.17,Cancelled
100603,498,2024-01-16,1741.2,Completed
100604,827,2026-08-07,2054.39,Completed
100605,43,2025-05-03,1672.11,Cancelled
100606,350,2026-07-16,1754.68,Completed
100607,198,2024-01-31,4749.46,Completed
100608,725,2025-09-10,1051.42,Completed
100609,139,2024-09-30,789.07,Completed
100610,625,2024-12-20,1229.45,Completed
100611,64,2025-10-01,2919.89,Completed
100612,927,2025-04-26,3110.79,Completed
100613,311,2024-05-10,2668.97,Completed
100614,405,2026-08-30,3255.89,Pending
100615,792,2025-11-24,2125.94,Pending
100616,374,2024-12-16,1285.41,Completed
100617,114,2025-08-27,973.78,Completed
100618,909,2024-05-27,792.48,Completed
100619,110,2025-02-22,1552.9,Cancelled
100620,491,2025-02-17,3004.8,Pending
100621,123,2024-12-28,2099.67,Completed
100622,698,2025-04-15,1827.05,Completed
100623,267,2026-06-08,906.46,Completed
100624,935,2024-01-07,9624.49,Completed
100625,199,2025-06-22,1052.57,Completed
100626,670,2026-07-04,1946.8,Completed
100627,17,2026-05-14,3454.74,Completed
100628,112,2026-05-23,1850.22,Completed
100629,274,2025-02-05,1065.32,Completed
100630,891,2025-07-05,3044.74,Pending
100631,997,2025-08-01,753.58,Completed
100632,616,2026-03-26,5585.19,Cancelled
100633,329,2026-07-17,2162.44,Completed
100634,304,2024-09-04,1526.64,Completed
100635,208,2024-04-30,716.87,Completed
100636,334,2024-09-14,851.29,Completed
100637,488,2024-09-12,1740.07,Cancelled
100638,684,2024-10-19,6159.97,Completed
100639,227,2026-06-10,2094.3,Cancelled
100640,40,2024-07-28,2255.51,Completed
100641,558,2025-02-14,2313.49,Completed
100642,241,2024-12-14,8367.99,Completed
100643,397,2024-09-21,1351.05,Completed
100644,715,2024-07-10,4979.56,Completed
100645,903,2026-08-28,1389.18,Completed
100646,532,2025-09-01,1139.33,Completed
100647,932,2024-04-09,1709.22,Pending
100648,266,2025-09-29,1703.75,Completed
100649,716,2025-08-18,2593.73,Cancelled
100650,979,2024-12-15,397.4,Completed
100651,211,2026-02-05,1981.58,Completed
100652,744,2026-02-19,1219.7,Cancelled
100653,467,2026-02-04,1124.36,Completed
100654,888,2025-09-13,775.33,Completed
100655,298,2025-03-05,1420.01,Cancelled
100656,962,2024-07-20,1286.59,Pending
100657,804,2024-02-12,1364.08,Completed
100658,706,2026-06-12,620.45,Cancelled
100659,33,2026-03-29,1918.58,Completed
100660,83,2024-07-14,1075.98,Completed
100661,663,2026-02-20,621.89,Completed
100662,472,2024-02-16,1260.47,Completed
100663,314,2024-08-18,1088.32,Completed
100664,851,2024-05-26,1848.78,Completed
100665,474,2024-11-27,1249.58,Completed
100666,452,2024-11-07,701.58,Cancelled
100667,314,2025-05-13,1010.41,Cancelled
100668,981,2025-03-22,585.94,Cancelled
100669,357,2024-04-21,3769.42,Completed
100670,257,2024-05-25,4184.54,Pending
100671,674,2026-03-09,4527.1,Completed
100672,38,2025-06-17,1226.77,Completed
100673,598,2026-06-16,4182.49,Completed
100674,562,2024-05-07,2345.12,Completed
100675,242,2024-10-26,1054.84,Completed
100676,773,2024-06-02,1196.32,Completed
100677,46,2026-06-18,1609.62,Pending
100678,981,2024-06-03,1923.95,Completed
100679,865,2026-02-18,2278.86,Completed
100680,173,2024-07-06,1797.91,Completed
100681,485,2025-12-09,1435.12,Completed
100682,194,2025-03-18,4334.67,Pending
100683,620,2026-07-31,1671.68,Completed
100684,346,2024-03-09,1610.62,Completed
100685,480,2024-11-11,1562.93,Completed
100686,959,2025-12-04,1672.31,Completed
100687,620,2026-06-09,742.46,Completed
100688,876,2025-06-08,937.79,Completed
100689,628,2024-04-05,8825.79,Completed
100690,467,2025-09-04,615.71,Completed
100691,18,2025-04-10,2147.79,Cancelled
100692,89,2026-01-23,2248.87,Completed
100693,531,2025-06-21,3476.61,Completed
100694,498,2026-05-23,2284.61,Completed
100695,497,2024-04-29,6152.45,Completed
100696,854,2025-08-30,2103.4,Completed
100697,96,2025-12-18,4322.75,Completed
100698,660,2025-01-29,3538.73,Completed
100699,751,2025-04-07,4904.14,Completed
100700,648,2025-11-07,1829.3,Completed
100701,233,2025-03-19,2331.28,Completed
100702,403,2025-01-16,1415.98,Completed
100703,56,2025-07-19,1996.96,Completed
100704,176,2026-02-20,2069.96,Pending
100705,810,2024-05-11,466.49,Completed
100706,619,2026-04-30,1640.08,Completed
100707,873,2024-07-13,3209.78,Completed
100708,692,2024-04-05,748.39,Completed
100709,238,2024-06-24,948.06,Pending
100710,821,2024-03-15,3815.06,Completed
100711,686,2026-07-15,4309.49,Completed
100712,189,2024-10-10,1202.36,Completed
100713,9,2026-01-22,2015.52,Completed
100714,767,2024-06-26,1710.96,Cancelled
100715,725,2025-05-29,3868.32,Cancelled
100716,89,2025-02-18,1272.66,Completed
100717,458,2025-10-03,1407.29,Completed
100718,919,2026-08-19,4302.88,Completed
100719,797,2025-09-24,937.65,Completed
100720,824,2025-11-14,1302.28,Completed
100721,389,2024-09-12,1962.4,Cancelled
100722,121,2024-04-28,4846.4,Completed
100723,343,2024-03-25,828.64,Completed
100724,686,2024-10-19,1134.17,Completed
100725,850,2025-06-23,2645.72,Completed
100726,645,2024-02-28,2925.03,Cancelled
100727,42,2024-09-12,2065.35,Completed
100728,592,2025-09-06,1668.49,Cancelled
100729,184,2026-04-29,1958.27,Completed
100730,611,2026-08-20,675.75,Completed
100731,409,2024-08-17,1922.66,Completed
100732,531,2024-04-09,4716.97,Completed
100733,598,2025-07-11,763.14,Completed
100734,639,2026-07-01,1081.29,Completed
100735,9,2025-02-12,1390.71,Completed
100736,967,2026-05-29,1448.8,Completed
100737,573,2025-12-23,5957.64,Completed
100738,503,2026-05-24,982.21,Completed
100739,373,2026-07-14,862.58,Completed
100740,104,2024-04-14,2971.25,Completed
100741,633,2025-02-04,1182.14,Pending
100742,355,2024-02-18,3003.49,Completed
100743,912,2024-02-13,1583.59,Completed
100744,659,2025-04-07,2425.77,Completed
100745,434,2025-10-05,649.64,Completed
100746,35,2026-05-12,2420.47,Cancelled
100747,553,2024-05-05,2073.74,Completed
100748,854,2024-02-02,1524.69,Cancelled
100749,457,2024-04-11,807.76,Completed
100750,652,2026-06-20,2072.45,Completed
100751,118,2025-10-05,2881.8,Completed
100752,403,2025-04-13,1274.48,Completed
100753,797,2024-04-10,1290.87,Cancelled
100754,420,2024-12-26,3015.65,Completed
100755,892,2024-05-05,5470.83,Completed
100756,407,2024-01-30,3315.27,Completed
100757,820,2025-03-03,2089.53,Completed
100758,645,2025-05-04,1536.78,Cancelled
100759,950,2025-03-16,1768.11,Completed
100760,531,2026-04-27,760.5,Pending
100761,462,2026-06-08,1628.14,Completed
100762,347,2024-04-28,3727.4,Cancelled
100763,653,2024-09-25,1846.98,Completed
100764,980,2025-05-02,1198.67,Pending
100765,167,2025-01-25,1128.72,Completed
100766,939,2025-02-28,1763.21,Completed
100767,977,2025-11-19,806.76,Completed
100768,773,2024-06-24,997.23,Cancelled
100769,580,2026-03-15,4874.99,Cancelled
100770,871,2024-09-14,917.89,Completed
100771,260,2024-12-05,1069.07,Completed
100772,636,2024-08-03,2175.28,Completed
100773,811,2025-09-06,1350.72,Completed
100774,811,2025-11-07,1906.75,Completed
100775,588,2025-08-30,3153.95,Completed
100776,380,2025-04-25,658.48,Completed
100777,952,2024-10-22,2938.93,Completed
100778,673,2025-10-31,1232.73,Completed
100779,774,2024-04-25,1494.57,Completed
100780,624,2024-10-30,6278.6,Completed
100781,884,2025-10-26,723.31,Completed
100782,471,2025-11-04,2642.55,Completed
100783,545,2024-09-17,3747.19,Completed
100784,810,2024-11-28,1154.3,Completed
100785,516,2024-11-05,1166.21,Cancelled
100786,243,2026-05-12,1416.45,Completed
100787,762,2025-07-10,1149.86,Cancelled
100788,369,2024-04-25,1879.48,Completed
100789,104,2024-06-05,3215.49,Completed
100790,367,2024-03-08,1421.46,Completed
100791,56,2024-08-22,3291.51,Pending
100792,886,2024-08-04,4474.72,Completed
100793,983,2025-03-10,2382.08,Completed
100794,264,2025-12-28,2532.86,Completed
100795,921,2026-05-04,1223.5,Completed
100796,713,2025-06-27,327.21,Completed
100797,958,2026-01-21,2633.98,Completed
100798,163,2025-09-29,3020.72,Completed
100799,63,2024-11-05,2107.23,Completed
100800,924,2025-08-18,3251.57,Completed
100801,267,2024-10-20,1260.38,Cancelled
100802,598,2024-10-27,2521.42,Cancelled
100803,907,2026-08-18,4686.47,Completed
100804,337,2026-06-05,2774.5,Completed
100805,89,2025-09-27,4308.45,Completed
100806,796,2025-07-31,4326.41,Completed
100807,444,2025-10-29,813.74,Completed
100808,27,2026-01-02,2872.71,Completed
100809,334,2024-02-23,1193.65,Completed
100810,528,2024-12-14,876.27,Completed
100811,887,2024-04-12,1494.98,Completed
100812,223,2025-05-29,5629.33,Cancelled
100813,516,2024-10-13,1264.04,Pending
100814,179,2024-11-17,574.04,Completed
100815,285,2026-03-30,703.84,Completed
100816,262,2024-07-17,2456.49,Completed
100817,521,2026-06-05,1099.16,Completed
100818,664,2025-02-13,476.98,Cancelled
100819,111,2024-07-04,722.14,Completed
100820,77,2024-05-19,2006.28,Completed
100821,736,2025-11-25,2987.55,Completed
100822,288,2026-05-28,1347.26,Completed
100823,620,2026-04-30,2744.57,Completed
100824,78,2024-06-14,3262.49,Completed
100825,603,2026-05-05,1081.53,Completed
100826,914,2024-08-07,1663.62,Completed
100827,432,2025-03-22,1218.32,Completed
100828,578,2024-01-06,2555.02,Completed
100829,289,2024-09-08,1209.05,Completed
100830,282,2024-11-07,818.09,Completed
100831,66,2026-07-19,1862.59,Completed
100832,472,2024-09-27,3704.36,Completed
100833,950,2024-09-26,2508.43,Completed
100834,114,2024-09-22,3463.33,Completed
100835,414,2024-09-02,3271.18,Completed
100836,846,2025-06-09,1850.0,Completed
100837,490,2024-07-19,1220.69,Cancelled
100838,765,2024-10-09,1022.72,Completed
100839,369,2025-06-02,641.78,Completed
100840,604,2026-01-05,3900.07,Completed
100841,988,2024-04-14,1451.93,Cancelled
100842,600,2024-12-05,594.33,Completed
100843,803,2025-07-09,4015.24,Completed
100844,693,2026-06-11,1913.74,Completed
100845,96,2026-07-07,3376.49,Cancelled
100846,161,2026-04-28,1518.59,Completed
100847,610,2025-05-06,1074.83,Completed
100848,341,2024-04-05,2404.94,Completed
100849,477,2026-07-28,2538.06,Completed
100850,476,2025-08-27,1500.58,Completed
100851,797,2026-05-31,4227.37,Completed
100852,992,2026-06-14,3327.9,Completed
100853,998,2026-02-09,2598.37,Pending
100854,81,2025-02-12,874.86,Completed
100855,750,2025-08-14,798.3,Completed
100856,731,2025-11-03,3924.14,Completed
100857,873,2026-05-06,434.03,Completed
100858,422,2024-08-08,1696.64,Cancelled
100859,497,2025-06-23,1980.02,Completed
100860,444,2025-08-02,1309.27,Completed
100861,367,2024-07-20,1759.14,Completed
100862,245,2025-01-26,2365.48,Completed
100863,645,2026-06-19,1228.87,Pending
100864,20,2024-01-16,3192.18,Completed
100865,754,2025-05-03,2628.45,Cancelled
100866,851,2025-08-15,1601.3,Completed
100867,225,2026-06-02,1051.91,Completed
100868,210,2024-10-02,1696.99,Completed
100869,498,2025-01-17,7097.36,Pending
100870,855,2024-03-19,1100.16,Completed
100871,112,2024-11-22,4868.54,Completed
100872,427,2026-08-28,575.17,Completed
100873,212,2026-01-15,1028.68,Completed
100874,862,2025-02-20,1265.01,Completed
100875,889,2025-09-09,3335.74,Completed
100876,84,2026-07-27,1865.95,Cancelled
100877,145,2025-03-03,4217.88,Completed
100878,156,2024-10-13,1450.01,Pending
100879,819,2026-05-04,1738.07,Completed
100880,906,2026-04-07,1453.75,Completed
100881,367,2025-05-17,6719.05,Completed
100882,156,2024-01-12,869.04,Completed
100883,664,2024-01-13,1293.64,Completed
100884,896,2024-04-24,953.24,Completed
100885,916,2025-11-05,2612.85,Completed
100886,439,2024-06-19,857.38,Completed
100887,786,2024-03-02,5883.68,Completed
100888,958,2025-10-25,1896.91,Completed
100889,834,2025-04-13,2353.34,Completed
100890,468,2025-05-31,2432.22,Pending
100891,260,2024-07-05,1776.68,Completed
100892,365,2024-07-27,1948.13,Cancelled
100893,353,2024-08-23,1901.92,Pending
100894,988,2025-09-18,2522.61,Cancelled
100895,737,2026-08-11,1054.69,Completed
100896,867,2026-06-10,944.53,Completed
100897,782,2024-04-20,3069.2,Completed
100898,470,2025-10-23,1797.76,Completed
100899,794,2026-01-07,488.5,Completed
100900,641,2024-02-09,1321.69,Completed
100901,746,2025-09-12,4865.99,Completed
100902,294,2025-03-08,1621.81,Cancelled
100903,229,2024-07-08,1274.61,Completed
100904,178,2026-02-07,681.25,Pending
100905,284,2026-06-29,1244.45,Completed
100906,978,2025-08-05,844.8,Cancelled
100907,944,2024-07-14,2379.21,Completed
100908,146,2025-02-21,1858.61,Pending
100909,552,2025-05-16,1421.25,Completed
100910,942,2026-05-27,1096.74,Cancelled
100911,760,2026-02-08,4854.82,Completed
100912,615,2025-10-14,1138.07,Completed
100913,601,2026-01-12,1140.82,Completed
100914,316,2025-11-06,1537.04,Completed
100915,929,2024-11-07,1683.31,Cancelled
100916,84,2024-05-09,2462.35,Completed
100917,877,2026-03-27,3295.56,Completed
100918,879,2025-06-22,3139.02,Completed
100919,260,2026-07-25,8733.95,Pending
100920,510,2025-10-24,598.95,Completed
100921,891,2025-04-06,2091.41,Cancelled
100922,467,2025-09-21,1283.33,Completed
100923,293,2025-09-26,6646.77,Completed
100924,73,2026-08-13,2017.64,Completed
100925,434,2024-12-20,481.19,Completed
100926,275,2025-01-04,2386.97,Pending
100927,861,2024-12-10,2140.9,Completed
100928,869,2024-04-14,2945.63,Cancelled
100929,315,2025-04-02,1124.67,Pending
100930,207,2025-03-09,2227.49,Completed
100931,286,2024-07-10,1509.79,Completed
100932,398,2026-03-04,1163.46,Completed
100933,669,2025-11-01,2249.16,Completed
100934,152,2024-08-23,1987.94,Cancelled
100935,1000,2024-06-10,3562.0,Completed
100936,702,2025-08-24,1831.86,Completed
100937,129,2024-01-06,2665.32,Completed
100938,307,2024-05-26,821.15,Cancelled
100939,702,2025-03-03,4455.87,Completed
100940,498,2026-08-21,1086.11,Completed
100941,526,2024-03-15,3237.14,Completed
100942,44,2025-05-29,2135.74,Cancelled
100943,408,2025-07-01,1966.78,Completed
100944,617,2024-09-02,2950.61,Completed
100945,755,2025-05-21,447.89,Cancelled
100946,440,2025-09-09,1239.86,Completed
100947,553,2024-05-13,2923.47,Completed
100948,219,2026-07-17,6278.6,Completed
100949,804,2024-08-27,1771.73,Completed
100950,698,2024-12-24,369.11,Completed
100951,750,2024-01-24,1464.62,Completed
100952,669,2025-07-31,1730.98,Completed
100953,984,2025-07-31,3702.23,Completed
100954,887,2024-04-23,1857.46,Completed
100955,819,2024-10-11,784.99,Completed
100956,327,2026-01-16,3367.13,Completed
100957,67,2025-11-24,2604.37,Completed
100958,1,2024-10-26,1142.68,Completed
100959,784,2025-09-04,2874.0,Cancelled
100960,904,2025-12-27,1261.73,Completed
100961,651,2024-12-29,1482.83,Cancelled
100962,725,2024-06-19,1275.69,Completed
100963,89,2024-01-22,1471.56,Completed
100964,564,2026-07-17,3245.21,Completed
100965,608,2024-11-07,563.85,Completed
100966,156,2026-02-23,3689.43,Pending
100967,755,2024-11-12,2018.59,Completed
100968,327,2025-11-23,1396.87,Completed
100969,194,2024-11-19,1824.46,Completed
100970,696,2025-08-13,996.96,Completed
100971,429,2026-07-16,623.23,Completed
100972,533,2026-01-03,1015.4,Completed
100973,540,2024-06-09,525.04,Pending
100974,623,2025-05-24,747.19,Completed
100975,410,2024-09-19,626.88,Completed
100976,822,2024-08-01,3987.92,Completed
100977,883,2026-03-20,781.18,Completed
100978,476,2026-08-14,1752.38,Completed
100979,168,2026-06-19,3719.78,Completed
100980,276,2026-03-27,3127.85,Pending
100981,775,2025-03-31,1485.79,Completed
100982,255,2025-05-26,1490.2,Completed
100983,782,2025-06-09,2023.61,Completed
100984,663,2025-12-17,7104.55,Completed
100985,441,2024-02-21,2354.36,Completed
100986,125,2026-03-15,2779.11,Completed
100987,536,2026-02-25,7853.38,Cancelled
100988,693,2026-08-26,2156.26,Completed
100989,153,2025-08-01,3795.8,Cancelled
100990,832,2025-03-20,2455.45,Cancelled
100991,192,2025-04-11,2432.3,Completed
100992,409,2025-08-26,962.34,Cancelled
100993,530,2024-10-21,864.02,Completed
100994,744,2026-01-25,1290.18,Completed
100995,222,2025-03-07,3193.27,Completed
100996,329,2024-10-01,3096.24,Completed
100997,814,2025-12-16,4281.73,Completed
100998,319,2024-11-23,1787.06,Cancelled
100999,618,2024-03-19,2553.13,Completed
101000,395,2025-05-22,2560.2,Completed
101001,58,2025-05-08,1678.52,Completed
101002,512,2024-10-10,1460.52,Pending
101003,350,2024-02-03,685.6,Completed
101004,263,2025-04-07,1630.1,Completed
101005,867,2026-01-21,1682.34,Completed
101006,778,2026-02-18,3762.71,Pending
101007,274,2024-07-24,4011.77,Completed
101008,521,2025-02-22,1978.82,Completed
101009,723,2026-05-28,6882.53,Completed
101010,55,2024-12-01,2036.59,Completed
101011,94,2025-04-08,3522.55,Completed
101012,537,2025-10-23,1686.64,Cancelled
101013,934,2025-03-20,857.86,Completed
101014,931,2026-03-29,1365.33,Completed
101015,442,2024-12-16,4692.29,Pending
101016,705,2025-04-23,1515.97,Completed
101017,483,2025-05-17,1329.18,Completed
101018,909,2025-12-25,1795.25,Completed
101019,569,2024-11-24,1397.4,Completed
101020,897,2024-09-24,3910.75,Completed
101021,355,2024-12-16,6130.84,Completed
101022,934,2024-08-14,1806.96,Completed
101023,731,2024-07-09,2557.63,Pending
101024,771,2026-03-08,3385.51,Completed
101025,18,2024-12-01,1931.59,Completed
101026,814,2024-09-19,1017.29,Completed
101027,162,2026-02-28,1379.4,Cancelled
101028,939,2026-02-06,2352.79,Completed
101029,186,2024-08-27,2325.1,Completed
101030,834,2024-10-23,561.5,Cancelled
101031,637,2026-03-10,1355.25,Completed
101032,387,2024-09-27,1114.86,Cancelled
101033,896,2026-04-18,3194.01,Completed
101034,384,2025-08-24,1143.31,Cancelled
101035,64,2025-10-10,1333.81,Completed
101036,77,2025-06-03,1303.86,Pending
101037,862,2024-01-30,3010.64,Completed
101038,380,2026-03-13,3378.85,Completed
101039,826,2025-06-29,2480.87,Completed
101040,23,2024-06-17,3694.9,Completed
101041,78,2026-03-21,4018.09,Completed
101042,988,2024-10-12,554.93,Completed
101043,141,2024-12-21,2644.62,Completed
101044,686,2025-09-13,1415.41,Completed
101045,343,2024-10-02,795.25,Completed
101046,495,2024-01-07,1462.23,Completed
101047,113,2024-11-08,2894.6,Completed
101048,264,2025-10-26,4635.28,Completed
101049,763,2025-02-15,750.87,Completed
101050,533,2025-11-24,2690.58,Completed
101051,498,2024-03-09,6458.81,Completed
101052,946,2024-09-07,5916.69,Completed
101053,408,2024-08-19,190.74,Completed
101054,810,2024-03-03,7419.11,Completed
101055,731,2025-09-21,3361.76,Completed
101056,454,2024-07-23,401.72,Completed
101057,287,2025-04-04,1094.29,Completed
101058,347,2026-08-21,4076.89,Completed
101059,879,2024-08-28,2274.98,Completed
101060,298,2024-07-08,1239.51,Completed
101061,655,2026-06-24,1879.47,Completed
101062,123,2024-12-13,2566.73,Completed
101063,340,2024-10-14,1235.24,Pending
101064,937,2025-12-01,1657.25,Completed
101065,537,2024-05-05,3224.52,Completed
101066,830,2025-01-02,1141.4,Cancelled
101067,257,2024-07-12,745.09,Completed
101068,765,2026-05-17,1189.5,Completed
101069,984,2024-10-15,1010.04,Completed
101070,929,2025-07-05,1214.85,Completed
101071,430,2025-05-23,585.63,Completed
101072,681,2025-04-24,2097.91,Completed
101073,902,2024-03-05,3163.65,Completed
101074,821,2024-09-12,1062.01,Pending
101075,978,2026-04-11,1178.22,Completed
101076,35,2025-06-17,1593.58,Completed
101077,533,2026-05-03,995.45,Completed
101078,796,2025-06-28,3411.82,Completed
101079,735,2024-11-05,1010.21,Cancelled
101080,153,2024-12-02,1278.84,Completed
101081,571,2026-01-24,1095.99,Completed
101082,165,2024-08-19,3464.77,Completed
101083,92,2025-08-06,1548.96,Completed
101084,111,2026-06-29,6575.22,Cancelled
101085,954,2026-04-02,2265.36,Completed
101086,270,2025-01-11,3821.97,Completed
101087,450,2024-09-26,1457.92,Completed
101088,255,2025-08-27,975.39,Cancelled
101089,900,2025-08-16,1761.62,Completed
101090,895,2025-12-03,1157.67,Completed
101091,656,2024-03-11,491.03,Cancelled
101092,836,2025-06-09,3478.41,Completed
101093,104,2024-01-10,1838.72,Completed
101094,1000,2026-08-22,1141.78,Cancelled
101095,414,2026-05-01,2298.74,Completed
101096,397,2025-12-20,1855.76,Completed
101097,193,2024-10-13,4500.33,Completed
101098,884,2025-12-27,2384.81,Cancelled
101099,169,2025-03-09,1625.46,Completed
101100,867,2025-09-23,2825.02,Completed
101101,717,2024-08-13,1758.41,Completed
101102,775,2025-04-06,2028.46,Completed
101103,34,2026-05-03,3994.01,Completed
101104,744,2024-07-03,842.16,Cancelled
101105,967,2025-01-09,1027.02,Completed
101106,391,2024-10-10,1370.54,Cancelled
101107,443,2024-06-23,1507.3,Completed
101108,111,2025-01-21,3817.28,Completed
101109,481,2025-08-14,717.65,Completed
101110,673,2024-02-23,1765.81,Completed
101111,293,2024-07-18,1258.32,Completed
101112,747,2026-03-06,5436.31,Completed
101113,86,2024-09-10,3197.24,Completed
101114,674,2024-11-22,2102.1,Completed
101115,589,2025-10-16,3378.85,Completed
101116,227,2025-12-27,763.49,Completed
101117,338,2026-07-22,6723.87,Pending
101118,238,2024-06-03,1041.42,Completed
101119,625,2026-01-04,4074.73,Completed
101120,638,2025-12-05,2576.31,Completed
101121,554,2024-04-30,2137.42,Completed
101122,191,2026-05-02,3965.7,Completed
101123,212,2024-10-31,3440.32,Pending
101124,819,2025-02-15,1930.13,Cancelled
101125,456,2026-02-13,1368.54,Completed
101126,430,2025-05-24,1949.86,Completed
101127,300,2024-09-24,1683.65,Completed
101128,934,2024-11-09,2265.69,Pending
101129,238,2025-12-21,3494.43,Completed
101130,773,2024-06-27,2440.87,Completed
101131,773,2025-04-04,2029.83,Pending
101132,242,2025-12-28,1176.69,Completed
101133,16,2026-05-10,2222.9,Completed
101134,247,2026-03-14,597.76,Completed
101135,266,2024-12-15,1071.87,Completed
101136,751,2024-07-12,2669.37,Completed
101137,529,2026-06-28,3200.02,Completed
101138,425,2025-08-04,1775.99,Completed
101139,470,2025-01-31,2051.21,Completed
101140,955,2026-05-27,2289.78,Completed
101141,942,2025-12-07,2803.08,Completed
101142,29,2025-04-08,1579.12,Completed
101143,853,2024-07-08,950.15,Completed
101144,353,2024-03-20,2315.09,Completed
101145,757,2025-05-31,6428.14,Completed
101146,984,2024-04-21,988.26,Completed
101147,512,2024-10-28,1657.47,Completed
101148,625,2025-10-24,1400.36,Completed
101149,424,2024-01-13,8639.68,Cancelled
101150,77,2026-08-20,963.98,Completed
101151,40,2025-03-01,1621.72,Completed
101152,352,2026-04-26,1420.12,Completed
101153,829,2024-06-16,796.49,Completed
101154,334,2025-03-24,768.86,Completed
101155,426,2026-07-21,2604.49,Completed
101156,529,2025-09-07,2853.11,Completed
101157,312,2026-02-25,1251.21,Completed
101158,482,2025-10-28,4498.01,Completed
101159,609,2025-12-20,416.76,Pending
101160,861,2024-12-20,794.36,Completed
101161,759,2025-03-17,1053.08,Completed
101162,825,2024-02-18,1789.56,Completed
101163,520,2024-09-09,1342.72,Completed
101164,698,2024-03-03,1579.5,Completed
101165,150,2024-11-11,2467.17,Completed
101166,147,2025-12-07,4640.78,Completed
101167,925,2024-07-17,3032.44,Completed
101168,606,2025-04-10,1866.91,Cancelled
101169,112,2025-06-20,1708.63,Completed
101170,405,2024-06-08,3682.91,Completed
101171,970,2026-02-28,6125.98,Completed
101172,25,2026-01-20,2725.57,Completed
101173,436,2024-07-01,1308.94,Completed
101174,846,2024-02-05,2130.35,Completed
101175,950,2024-01-05,2624.76,Pending
101176,360,2024-10-12,1254.76,Completed
101177,920,2024-05-02,3159.86,Completed
101178,719,2024-01-17,2137.02,Pending
101179,403,2025-03-24,3837.47,Completed
101180,784,2025-05-25,954.0,Completed
101181,807,2024-01-19,580.32,Completed
101182,272,2025-08-05,1394.45,Cancelled
101183,89,2025-01-27,1827.99,Completed
101184,786,2024-07-13,558.33,Completed
101185,83,2024-04-18,1212.02,Completed
101186,783,2026-01-08,4145.81,Completed
101187,349,2024-04-14,2545.74,Cancelled
101188,704,2024-07-14,1969.21,Completed
101189,613,2025-11-24,906.22,Completed
101190,42,2025-09-04,4057.11,Completed
101191,13,2026-08-30,1372.33,Completed
101192,631,2024-02-09,1914.65,Cancelled
101193,513,2024-07-08,2345.73,Completed
101194,46,2025-10-05,2011.94,Completed
101195,976,2024-08-11,4746.67,Completed
101196,237,2025-01-05,2615.91,Cancelled
101197,867,2024-10-15,2242.76,Completed
101198,117,2026-02-25,1701.67,Completed
101199,229,2026-02-02,2383.39,Completed
101200,527,2026-02-23,1570.34,Completed
101201,527,2025-05-07,2035.79,Cancelled
101202,605,2025-04-19,1441.48,Completed
101203,170,2025-07-09,1301.03,Completed
101204,262,2024-03-06,992.38,Completed
101205,261,2025-06-15,1509.1,Completed
101206,434,2024-09-26,1446.1,Completed
101207,927,2026-07-01,5911.39,Completed
101208,456,2024-06-28,3430.33,Completed
101209,999,2024-02-03,1649.83,Completed
101210,249,2026-07-26,1367.02,Completed
101211,241,2024-06-02,2684.71,Completed
101212,101,2025-05-18,6361.53,Cancelled
101213,208,2025-01-06,3020.89,Completed
101214,303,2024-09-19,588.46,Completed
101215,377,2025-04-19,3154.54,Cancelled
101216,716,2025-12-13,3539.53,Cancelled
101217,439,2024-04-20,7517.94,Cancelled
101218,685,2025-10-05,1531.67,Cancelled
101219,89,2026-05-19,1969.65,Completed
101220,950,2024-10-09,2411.97,Completed
101221,147,2025-10-21,1095.49,Cancelled
101222,38,2026-06-14,1032.84,Completed
101223,421,2026-06-26,2333.5,Completed
101224,653,2025-09-22,660.22,Completed
101225,233,2026-07-04,764.69,Completed
101226,163,2026-01-26,3058.66,Completed
101227,854,2025-05-13,2487.76,Completed
101228,832,2024-05-02,4055.68,Completed
101229,757,2026-04-09,2432.42,Completed
101230,218,2024-10-05,1812.24,Completed
101231,534,2025-12-17,4160.69,Completed
101232,689,2025-09-19,1367.41,Cancelled
101233,427,2024-12-16,1449.35,Completed
101234,177,2026-01-23,1726.07,Completed
101235,839,2025-10-01,2412.32,Completed
101236,941,2025-12-26,1723.72,Completed
101237,165,2026-07-16,685.58,Completed
101238,704,2024-09-24,1513.62,Completed
101239,894,2026-01-13,1763.45,Cancelled
101240,538,2024-02-08,1939.48,Completed
101241,52,2025-11-21,1344.04,Completed
101242,690,2024-05-31,2500.37,Completed
101243,927,2024-08-03,631.88,Pending
101244,260,2024-07-09,2358.51,Cancelled
101245,138,2026-03-19,5772.73,Completed
101246,249,2024-12-29,1213.32,Pending
101247,820,2025-01-14,1868.68,Completed
101248,556,2024-12-17,1532.99,Completed
101249,22,2025-08-30,1549.88,Completed
101250,589,2026-06-10,922.45,Cancelled
101251,823,2025-10-21,6568.59,Completed
101252,183,2024-04-08,2313.0,Completed
101253,585,2025-05-16,1163.89,Completed
101254,226,2024-04-14,1080.87,Completed
101255,23,2024-06-10,1873.41,Cancelled
101256,397,2024-07-10,439.9,Completed
101257,778,2025-11-09,3568.41,Completed
101258,669,2026-05-01,1288.89,Completed
101259,101,2024-08-28,2317.53,Completed
101260,183,2026-07-05,2389.12,Completed
101261,537,2024-09-15,3371.07,Completed
101262,312,2024-10-25,2479.34,Completed
101263,322,2024-05-03,2917.86,Completed
101264,430,2024-02-15,3490.97,Completed
101265,763,2025-08-26,1452.27,Pending
101266,576,2025-01-31,7287.7,Completed
101267,863,2024-04-24,2264.05,Completed
101268,102,2025-07-03,1767.56,Cancelled
101269,458,2024-12-01,1041.92,Completed
101270,549,2025-01-17,1573.35,Completed
101271,762,2026-05-15,2337.29,Completed
101272,513,2025-01-27,1915.0,Completed
101273,921,2025-03-16,5903.99,Completed
101274,847,2025-10-30,1396.96,Cancelled
101275,687,2026-05-20,2799.21,Completed
101276,395,2025-12-19,866.04,Completed
101277,313,2025-04-24,7440.01,Cancelled
101278,531,2024-10-24,828.55,Completed
101279,457,2024-06-23,6931.47,Completed
101280,33,2024-04-30,1647.88,Completed
101281,227,2026-01-08,421.19,Completed
101282,845,2025-12-18,4334.52,Completed
101283,452,2024-12-09,1898.94,Completed
101284,952,2026-07-02,1340.51,Completed
101285,244,2026-07-29,2731.58,Cancelled
101286,968,2025-08-26,2772.23,Cancelled
101287,815,2024-09-12,2356.71,Completed
101288,351,2025-05-07,3764.3,Completed
101289,613,2026-03-10,2121.12,Completed
101290,989,2025-05-08,2745.9,Completed
101291,635,2025-04-25,1282.28,Completed
101292,935,2025-06-02,2960.63,Completed
101293,109,2026-03-30,1285.92,Completed
101294,163,2025-02-03,866.61,Completed
101295,3,2024-06-27,1574.15,Completed
101296,316,2025-05-14,1504.6,Pending
101297,793,2025-09-08,3289.79,Completed
101298,965,2026-06-28,699.92,Completed
101299,540,2024-04-20,3664.34,Completed
101300,419,2026-07-06,1200.64,Completed
101301,935,2026-02-22,362.62,Completed
101302,589,2025-11-22,821.18,Completed
101303,534,2024-08-17,1473.87,Completed
101304,85,2024-07-19,2402.56,Completed
101305,210,2025-02-20,1650.61,Completed
101306,698,2024-06-26,820.03,Completed
101307,698,2025-09-30,1085.17,Completed
101308,490,2026-01-01,828.97,Completed
101309,702,2025-04-10,2129.69,Completed
101310,690,2025-11-04,1697.07,Completed
101311,66,2026-01-27,2682.47,Completed
101312,843,2026-06-07,569.59,Completed
101313,693,2025-10-31,1272.14,Pending
101314,214,2024-08-15,6729.53,Pending
101315,209,2024-05-06,2730.43,Completed
101316,960,2026-07-03,1484.85,Completed
101317,252,2026-01-22,947.44,Completed
101318,37,2026-04-06,3698.11,Completed
101319,35,2025-02-16,4874.53,Completed
101320,226,2024-06-02,853.13,Completed
101321,628,2025-08-04,907.23,Pending
101322,450,2025-09-14,2157.62,Completed
101323,736,2024-07-29,2292.79,Completed
101324,229,2025-04-02,2463.52,Completed
101325,228,2025-02-15,5965.41,Cancelled
101326,400,2024-09-09,957.26,Cancelled
101327,797,2026-03-06,1847.24,Completed
101328,497,2025-04-17,2876.47,Completed
101329,766,2026-06-20,2856.39,Completed
101330,94,2024-01-02,1181.41,Completed
101331,407,2026-07-02,1212.13,Completed
101332,431,2025-10-05,1335.48,Completed
101333,68,2025-11-12,5446.83,Completed
101334,305,2024-10-07,952.92,Completed
101335,277,2024-03-17,1457.88,Completed
101336,450,2024-08-13,2979.72,Completed
101337,165,2025-03-06,886.97,Completed
101338,267,2024-11-24,2128.67,Completed
101339,961,2024-07-06,523.66,Cancelled
101340,141,2024-01-13,2040.06,Completed
101341,825,2025-11-09,1862.33,Completed
101342,540,2025-10-10,2001.97,Completed
101343,80,2024-06-06,1023.25,Completed
101344,397,2026-02-01,2087.17,Pending
101345,511,2026-08-09,1754.89,Completed
101346,274,2026-08-30,4187.97,Completed
101347,264,2024-07-08,2724.77,Completed
101348,715,2025-02-19,701.84,Completed
101349,37,2024-02-21,1047.71,Completed
101350,932,2024-01-12,1205.81,Completed
101351,313,2026-03-31,2023.92,Cancelled
101352,375,2026-07-30,1612.62,Completed
101353,126,2024-07-15,1608.29,Completed
101354,888,2025-03-27,11238.14,Pending
101355,219,2024-01-24,1289.69,Completed
101356,810,2026-03-04,4445.31,Cancelled
101357,317,2025-06-17,1635.59,Completed
101358,35,2024-10-11,436.81,Completed
101359,406,2026-08-01,2038.37,Pending
101360,521,2024-05-12,3725.82,Completed
101361,462,2024-09-17,2717.0,Completed
101362,988,2025-12-28,2126.09,Completed
101363,518,2025-02-01,1827.97,Completed
101364,783,2025-11-12,1305.07,Completed
101365,361,2024-08-18,3223.09,Completed
101366,145,2025-10-02,1357.38,Pending
101367,492,2025-06-26,1187.16,Completed
101368,559,2024-02-15,2350.66,Completed
101369,415,2024-11-10,1481.03,Completed
101370,770,2024-10-16,4138.56,Completed
101371,966,2025-07-29,2438.83,Completed
101372,82,2025-03-02,1085.57,Completed
101373,68,2025-04-10,855.31,Completed
101374,271,2024-06-13,1239.8,Completed
101375,586,2026-06-22,8227.3,Pending
101376,45,2025-12-30,1542.44,Cancelled
101377,191,2025-10-13,2946.65,Completed
101378,406,2024-09-25,770.37,Completed
101379,369,2025-10-26,890.28,Completed
101380,855,2024-08-16,1592.5,Completed
101381,545,2025-04-18,5438.48,Completed
101382,880,2024-09-18,777.87,Completed
101383,764,2024-10-21,1195.37,Completed
101384,411,2025-09-23,3234.54,Completed
101385,978,2024-11-01,5068.12,Completed
101386,853,2025-12-11,2391.93,Pending
101387,486,2025-05-05,2792.96,Completed
101388,861,2026-08-12,1004.8,Completed
101389,255,2024-07-05,761.77,Completed
101390,205,2026-07-08,854.71,Completed
101391,796,2024-05-08,1020.31,Pending
101392,793,2025-06-18,2084.29,Completed
101393,218,2024-12-28,814.67,Completed
101394,759,2026-01-01,2118.16,Completed
101395,504,2024-05-06,1466.55,Completed
101396,557,2024-09-04,1248.76,Completed
101397,855,2024-08-12,3199.71,Pending
101398,159,2026-06-14,965.04,Completed
101399,400,2025-06-04,4576.77,Completed
101400,285,2024-06-08,3088.96,Completed
101401,556,2026-02-07,945.75,Cancelled
101402,158,2024-10-04,3932.36,Completed
101403,119,2024-08-06,875.84,Completed
101404,696,2025-04-25,4171.55,Completed
101405,58,2026-02-09,2234.89,Completed
101406,414,2026-03-27,644.91,Completed
101407,987,2024-01-16,775.53,Completed
101408,1000,2026-05-23,1383.41,Cancelled
101409,177,2026-08-28,3164.05,Completed
101410,931,2024-11-08,1610.97,Completed
101411,327,2025-05-17,1585.08,Completed
101412,195,2025-01-01,1847.62,Completed
101413,500,2025-04-08,492.13,Completed
101414,480,2025-09-26,3075.7,Pending
101415,368,2025-09-24,4299.78,Completed
101416,423,2025-04-06,3006.79,Completed
101417,98,2025-04-07,1366.87,Completed
101418,262,2025-04-20,1012.59,Completed
101419,193,2025-02-01,890.95,Completed
101420,935,2024-04-29,861.78,Completed
101421,485,2024-12-26,7844.03,Completed
101422,545,2025-11-27,1710.1,Completed
101423,432,2026-08-09,3240.84,Completed
101424,891,2026-03-01,3126.93,Completed
101425,804,2026-04-18,1974.83,Completed
101426,689,2026-01-31,982.37,Completed
101427,303,2025-05-03,2521.71,Cancelled
101428,300,2025-10-25,890.61,Completed
101429,942,2026-03-24,2662.55,Completed
101430,934,2024-08-04,917.43,Completed
101431,279,2024-05-25,1355.65,Completed
101432,329,2024-09-16,1354.18,Completed
101433,322,2025-05-30,4468.73,Pending
101434,789,2026-02-03,369.95,Pending
101435,952,2025-03-14,8189.05,Completed
101436,894,2026-08-14,1066.04,Completed
101437,850,2024-11-12,1661.3,Completed
101438,341,2025-03-25,2354.75,Completed
101439,309,2026-06-12,2227.18,Completed
101440,895,2024-06-15,3114.74,Pending
101441,392,2026-03-21,2676.55,Completed
101442,211,2024-05-26,6765.48,Completed
101443,852,2026-06-01,2895.98,Pending
101444,473,2024-11-10,1667.79,Completed
101445,86,2025-09-10,1256.5,Completed
101446,902,2025-11-23,1235.57,Cancelled
101447,289,2025-01-01,4172.0,Completed
101448,301,2025-06-19,5633.15,Completed
101449,530,2026-01-06,3457.18,Completed
101450,267,2026-05-02,230.14,Completed
101451,836,2024-04-15,417.75,Completed
101452,692,2025-04-27,1791.17,Cancelled
101453,562,2026-04-10,1615.16,Completed
101454,197,2025-06-24,1823.44,Completed
101455,481,2024-01-29,4060.96,Pending
101456,270,2024-05-02,3931.48,Pending
101457,964,2026-03-07,2016.74,Cancelled
101458,797,2025-02-15,668.49,Cancelled
101459,117,2025-11-15,809.62,Pending
101460,527,2026-05-18,1880.65,Cancelled
101461,784,2024-03-27,2360.14,Completed
101462,521,2025-03-18,815.9,Completed
101463,126,2024-05-23,2765.24,Completed
101464,138,2026-03-30,576.22,Completed
101465,737,2025-03-16,318.78,Completed
101466,521,2026-05-02,1019.13,Completed
101467,540,2024-10-18,4394.17,Completed
101468,267,2024-05-21,4841.73,Completed
101469,263,2026-04-23,638.31,Completed
101470,405,2025-08-19,670.84,Completed
101471,542,2024-07-06,2951.74,Completed
101472,463,2025-11-06,1351.67,Completed
101473,887,2025-02-09,4375.1,Completed
101474,186,2024-02-15,2920.68,Completed
101475,466,2024-09-10,3265.6,Completed
101476,233,2025-12-30,1055.03,Cancelled
101477,11,2024-05-03,2401.91,Completed
101478,411,2024-11-24,6675.45,Cancelled
101479,58,2024-09-09,1974.37,Cancelled
101480,365,2025-12-14,1748.11,Pending
101481,635,2026-04-16,1356.06,Cancelled
101482,369,2026-02-05,635.42,Completed
101483,678,2025-11-27,881.15,Completed
101484,289,2024-03-28,1008.13,Completed
101485,398,2026-06-08,618.16,Completed
101486,882,2024-06-06,660.03,Completed
101487,241,2025-01-29,366.58,Pending
101488,496,2026-03-16,1082.37,Completed
101489,719,2024-08-21,2791.83,Completed
101490,354,2024-07-29,1465.28,Pending
101491,297,2024-01-26,1469.61,Completed
101492,698,2024-12-14,2962.97,Completed
101493,76,2025-04-26,5395.76,Completed
101494,263,2025-03-30,7888.86,Completed
101495,407,2024-02-08,1977.27,Completed
101496,213,2024-07-18,1498.73,Completed
101497,536,2024-01-05,1376.14,Completed
101498,621,2024-08-06,2643.4,Completed
101499,967,2025-08-11,1626.11,Completed
101500,604,2024-01-09,1629.89,Completed
101501,595,2024-06-09,1701.62,Completed
101502,731,2025-06-13,975.7,Completed
101503,205,2025-06-28,395.29,Cancelled
101504,464,2026-05-22,1165.07,Completed
101505,840,2025-07-12,4642.01,Completed
101506,175,2026-06-19,4502.33,Completed
101507,286,2025-12-05,3315.62,Completed
101508,216,2025-06-19,1305.86,Cancelled
101509,961,2025-01-07,1076.76,Pending
101510,347,2024-04-18,5174.66,Completed
101511,316,2025-11-17,890.25,Completed
101512,823,2026-07-01,1846.69,Completed
101513,914,2024-12-22,5397.62,Completed
101514,9,2024-12-11,1951.02,Completed
101515,886,2024-04-05,1487.39,Completed
101516,709,2025-08-04,3825.47,Cancelled
101517,872,2024-10-28,1886.26,Completed
101518,87,2024-01-10,2044.8,Cancelled
101519,43,2024-01-08,4817.96,Completed
101520,329,2024-11-22,344.24,Cancelled
101521,860,2025-03-25,2272.85,Cancelled
101522,492,2025-03-20,1093.82,Completed
101523,727,2025-12-21,1573.17,Completed
101524,243,2025-05-28,1937.13,Completed
101525,325,2026-02-02,1160.36,Completed
101526,886,2024-10-15,2088.25,Completed
101527,482,2024-08-13,2312.37,Pending
101528,784,2025-06-08,2054.5,Completed
101529,641,2024-04-12,1935.19,Pending
101530,175,2026-01-13,1667.53,Completed
101531,945,2024-06-29,1688.99,Completed
101532,949,2026-06-09,1895.33,Completed
101533,784,2026-08-15,975.52,Completed
101534,463,2025-06-06,4109.75,Completed
101535,424,2024-10-30,1696.49,Completed
101536,291,2024-11-25,1384.85,Completed
101537,648,2025-02-21,2328.18,Completed
101538,302,2025-04-11,1670.69,Completed
101539,183,2024-03-14,4036.96,Completed
101540,62,2024-07-11,3219.84,Completed
101541,420,2026-02-07,1912.09,Completed
101542,823,2024-02-21,3313.75,Completed
101543,796,2025-03-12,2097.43,Completed
101544,860,2026-05-01,850.11,Completed
101545,609,2024-03-26,3209.77,Completed
101546,876,2026-06-19,523.35,Completed
101547,788,2025-04-05,183.02,Completed
101548,815,2025-02-15,2833.42,Pending
101549,505,2025-11-25,2401.52,Completed
101550,86,2026-01-26,2299.46,Completed
101551,374,2025-04-05,4441.53,Completed
101552,858,2024-03-21,1771.31,Cancelled
101553,748,2026-07-31,1407.65,Completed
101554,16,2024-01-09,3021.04,Pending
101555,94,2026-04-28,1131.81,Cancelled
101556,660,2025-02-26,1541.9,Completed
101557,978,2025-05-15,2121.15,Completed
101558,736,2026-01-14,2234.32,Completed
101559,951,2026-07-04,1449.65,Cancelled
101560,66,2024-05-26,1308.62,Pending
101561,888,2026-02-28,869.22,Cancelled
101562,127,2025-10-05,1079.1,Pending
101563,891,2024-12-24,5871.99,Completed
101564,975,2025-02-18,1514.62,Completed
101565,506,2026-01-20,2035.62,Completed
101566,530,2024-05-16,682.81,Completed
101567,491,2025-05-07,9524.56,Completed
101568,552,2025-12-03,1028.23,Completed
101569,827,2025-06-08,838.61,Completed
101570,278,2025-03-11,1729.82,Completed
101571,279,2025-05-21,1007.7,Completed
101572,969,2025-05-12,2281.94,Completed
101573,860,2026-02-20,673.83,Completed
101574,537,2026-03-09,3769.22,Completed
101575,198,2026-06-12,3315.79,Completed
101576,958,2024-03-11,1666.36,Completed
101577,887,2024-11-06,613.67,Completed
101578,318,2026-05-03,1061.65,Completed
101579,538,2025-09-16,1874.66,Completed
101580,416,2025-01-01,819.51,Completed
101581,852,2025-09-03,910.92,Completed
101582,686,2025-03-26,3560.25,Completed
101583,485,2026-05-13,1990.69,Cancelled
101584,969,2025-06-27,1950.24,Completed
101585,610,2025-03-11,2536.12,Completed
101586,477,2025-08-29,1618.18,Cancelled
101587,931,2024-07-04,1731.71,Completed
101588,443,2026-01-19,2420.99,Completed
101589,415,2024-07-16,3045.38,Completed
101590,384,2024-01-24,2488.19,Completed
101591,216,2024-02-19,4650.8,Completed
101592,276,2024-03-05,1829.05,Completed
101593,91,2024-04-08,749.86,Completed
101594,733,2024-02-19,3651.59,Completed
101595,592,2024-10-20,1534.92,Pending
101596,936,2026-07-23,1092.14,Completed
101597,614,2024-04-09,2859.98,Cancelled
101598,81,2025-10-19,2290.54,Completed
101599,622,2026-04-27,783.96,Completed
101600,173,2026-02-26,2783.46,Completed
101601,41,2024-12-18,6086.62,Completed
101602,663,2024-02-21,2221.4,Completed
101603,31,2024-12-24,1523.89,Completed
101604,406,2025-08-08,608.21,Completed
101605,901,2026-01-07,6828.32,Completed
101606,253,2024-05-17,1286.29,Completed
101607,696,2024-10-20,720.79,Completed
101608,371,2025-08-08,1934.47,Completed
101609,112,2025-11-26,3466.51,Completed
101610,194,2024-10-29,4019.39,Completed
101611,76,2026-03-11,1162.82,Completed
101612,151,2026-02-19,1688.34,Completed
101613,162,2024-12-16,1800.48,Pending
101614,890,2025-06-05,3395.83,Completed
101615,815,2025-04-09,2646.21,Completed
101616,346,2025-10-12,2146.19,Pending
101617,728,2024-11-09,3262.27,Completed
101618,201,2024-11-16,742.63,Completed
101619,640,2025-02-15,2366.37,Completed
101620,199,2024-07-29,2078.87,Completed
101621,642,2025-07-19,1742.43,Completed
101622,350,2026-07-21,1530.35,Cancelled
101623,868,2024-12-06,1964.0,Completed
101624,843,2026-04-17,1242.55,Completed
101625,325,2025-03-27,10596.53,Completed
101626,44,2024-06-10,4354.11,Completed
101627,313,2025-04-27,3662.62,Cancelled
101628,278,2025-04-30,1275.7,Cancelled
101629,421,2024-01-24,966.2,Cancelled
101630,573,2025-04-11,1568.34,Completed
101631,991,2024-06-08,1938.65,Cancelled
101632,63,2026-02-11,702.11,Completed
101633,553,2025-06-10,2459.04,Completed
101634,170,2024-10-22,3637.09,Completed
101635,547,2024-01-03,420.88,Completed
101636,638,2025-07-09,1002.55,Completed
101637,818,2025-11-16,3998.34,Completed
101638,559,2025-02-16,2295.3,Cancelled
101639,177,2026-05-31,1024.98,Completed
101640,919,2024-07-09,2903.08,Completed
101641,401,2026-01-04,1223.29,Completed
101642,473,2025-04-27,1543.89,Completed
101643,642,2024-11-01,858.57,Completed
101644,263,2024-10-07,1819.9,Completed
101645,988,2025-03-13,3488.98,Completed
101646,47,2024-03-19,1319.71,Completed
101647,154,2025-09-25,2738.29,Pending
101648,991,2025-02-01,1742.54,Cancelled
101649,446,2025-10-24,3629.67,Completed
101650,900,2025-05-16,1332.17,Completed
101651,911,2026-08-09,4945.85,Completed
101652,991,2024-03-21,2803.36,Completed
101653,731,2025-04-24,2109.38,Completed
101654,682,2025-06-05,2160.02,Completed
101655,616,2024-08-30,1330.49,Completed
101656,683,2025-10-16,1275.98,Completed
101657,255,2024-12-18,2134.46,Cancelled
101658,823,2026-01-12,825.81,Completed
101659,184,2026-06-16,1217.36,Completed
101660,473,2026-04-10,978.8,Pending
101661,368,2025-09-07,2610.31,Completed
101662,765,2025-11-29,2636.24,Completed
101663,253,2026-04-20,4103.63,Completed
101664,204,2026-08-12,1448.11,Completed
101665,816,2025-12-05,1064.75,Completed
101666,479,2026-06-07,692.63,Completed
101667,725,2026-07-28,2146.64,Completed
101668,886,2024-06-20,4462.47,Completed
101669,845,2025-05-02,1714.79,Completed
101670,397,2024-12-13,1831.43,Completed
101671,170,2026-07-13,1792.74,Completed
101672,962,2025-12-24,2123.13,Completed
101673,302,2026-05-11,3441.37,Completed
101674,773,2024-12-06,6266.76,Pending
101675,771,2026-03-31,2488.51,Completed
101676,436,2024-03-20,2597.53,Completed
101677,163,2026-07-02,1540.74,Completed
101678,466,2024-08-11,1678.18,Completed
101679,145,2025-05-26,1663.52,Completed
101680,345,2025-11-27,1418.77,Completed
101681,376,2025-12-23,1955.56,Completed
101682,516,2024-07-25,2701.9,Pending
101683,184,2025-06-24,1875.92,Completed
101684,855,2025-05-31,1499.98,Completed
101685,80,2026-01-25,1953.62,Completed
101686,984,2024-11-08,964.52,Completed
101687,304,2026-01-13,3034.23,Completed
101688,481,2025-08-22,1376.07,Completed
101689,883,2026-01-07,849.64,Completed
101690,655,2026-05-01,2430.07,Completed
101691,58,2025-02-20,2509.76,Completed
101692,606,2025-02-24,1029.25,Completed
101693,566,2026-02-13,2699.61,Completed
101694,936,2026-01-30,2717.8,Completed
101695,561,2026-05-02,6497.77,Completed
101696,993,2025-06-19,1544.99,Cancelled
101697,529,2025-09-11,1737.49,Completed
101698,190,2024-02-27,1213.33,Cancelled
101699,502,2025-03-18,2481.03,Completed
101700,922,2024-08-27,1794.62,Completed
101701,20,2026-04-10,3421.03,Completed
101702,396,2024-04-29,1357.6,Completed
101703,51,2026-01-27,2446.1,Completed
101704,851,2026-03-25,1542.17,Completed
101705,506,2025-04-01,543.45,Completed
101706,719,2025-10-12,2707.47,Completed
101707,969,2025-07-18,577.85,Pending
101708,840,2025-11-01,1622.75,Completed
101709,405,2025-10-29,1639.31,Cancelled
101710,938,2024-09-03,1790.23,Pending
101711,466,2025-10-31,1856.21,Completed
101712,978,2026-05-27,1844.38,Completed
101713,981,2024-10-29,2279.11,Completed
101714,218,2024-10-25,1677.18,Completed
101715,783,2024-10-11,9855.11,Cancelled
101716,698,2026-06-06,1440.85,Cancelled
101717,774,2026-05-13,813.09,Completed
101718,167,2024-12-04,719.84,Completed
101719,500,2026-06-30,2761.17,Completed
101720,151,2026-01-10,639.69,Completed
101721,903,2025-01-26,819.92,Completed
101722,881,2026-03-13,746.65,Completed
101723,580,2026-06-07,2422.81,Completed
101724,128,2026-04-25,4274.84,Completed
101725,657,2025-04-02,974.55,Completed
101726,433,2024-07-29,2368.16,Cancelled
101727,791,2024-06-11,324.25,Completed
101728,99,2026-03-16,1109.27,Completed
101729,403,2025-12-14,2662.85,Completed
101730,353,2025-11-20,1469.3,Completed
101731,955,2024-02-14,3434.62,Completed
101732,292,2026-07-28,421.56,Completed
101733,988,2024-04-20,1116.34,Completed
101734,926,2025-07-18,2415.9,Completed
101735,588,2026-07-04,2396.27,Completed
101736,173,2024-08-23,2518.83,Completed
101737,219,2025-05-18,2059.92,Completed
101738,20,2026-03-28,855.65,Completed
101739,779,2024-09-16,1084.76,Completed
101740,731,2024-04-08,8112.75,Cancelled
101741,313,2025-04-12,793.89,Completed
101742,736,2026-02-12,717.25,Completed
101743,577,2025-07-16,2800.27,Cancelled
101744,824,2025-03-06,904.17,Completed
101745,87,2025-09-13,5770.31,Cancelled
101746,195,2024-02-20,10645.92,Completed
101747,815,2024-12-04,1539.07,Completed
101748,361,2026-05-04,2201.04,Cancelled
101749,961,2025-01-11,549.78,Completed
101750,888,2026-07-28,3519.54,Completed
101751,94,2025-06-18,420.07,Completed
101752,400,2026-06-27,753.59,Completed
101753,736,2025-09-01,1944.24,Completed
101754,135,2025-02-11,2569.64,Completed
101755,869,2026-06-15,686.09,Pending
101756,98,2024-09-19,1265.09,Completed
101757,109,2025-01-16,611.26,Completed
101758,542,2025-12-03,1464.8,Completed
101759,245,2026-05-01,1069.61,Completed
101760,640,2024-07-07,1190.75,Completed
101761,387,2026-08-24,2748.56,Completed
101762,269,2025-02-22,2161.51,Pending
101763,846,2024-11-25,2592.33,Completed
101764,159,2024-05-05,1655.01,Completed
101765,485,2024-01-27,2868.51,Completed
101766,168,2025-06-26,1759.4,Completed
101767,136,2025-08-11,1307.85,Completed
101768,201,2024-04-01,2608.19,Completed
101769,255,2026-05-29,1366.92,Completed
101770,409,2024-02-21,1452.98,Completed
101771,461,2026-03-29,3604.42,Cancelled
101772,137,2024-07-10,3390.39,Cancelled
101773,43,2025-10-16,1483.86,Completed
101774,94,2025-10-19,3174.48,Completed
101775,633,2026-02-27,784.25,Cancelled
101776,975,2026-02-26,1489.46,Completed
101777,29,2026-08-17,1104.19,Completed
101778,39,2024-03-25,1797.95,Completed
101779,786,2024-12-21,2901.62,Completed
101780,731,2024-12-19,2583.07,Pending
101781,738,2025-01-01,2364.45,Completed
101782,171,2024-08-20,1968.27,Completed
101783,873,2024-08-15,1622.87,Completed
101784,624,2026-07-27,3929.68,Completed
101785,156,2026-05-24,658.72,Cancelled
101786,114,2025-10-26,1166.94,Completed
101787,604,2025-06-23,2351.66,Cancelled
101788,783,2025-04-07,4859.37,Completed
101789,786,2025-10-25,1437.63,Cancelled
101790,589,2026-04-19,1519.2,Cancelled
101791,513,2025-02-18,778.29,Completed
101792,696,2025-06-07,1265.92,Cancelled
101793,129,2026-06-06,2852.33,Completed
101794,357,2026-06-05,5024.51,Completed
101795,99,2024-08-11,1487.58,Completed
101796,849,2024-08-20,1070.85,Completed
101797,608,2024-07-17,1883.49,Pending
101798,782,2024-01-27,630.18,Completed
101799,491,2025-11-06,4018.53,Completed
101800,933,2025-02-21,808.81,Pending
101801,933,2024-01-31,2207.26,Completed
101802,618,2024-07-17,2186.13,Completed
101803,841,2025-06-01,2706.94,Cancelled
101804,661,2026-03-24,2125.32,Completed
101805,730,2025-10-07,1803.18,Cancelled
101806,245,2025-06-02,2378.28,Completed
101807,982,2024-06-30,3096.69,Completed
101808,182,2024-10-07,5786.24,Completed
101809,695,2026-01-30,879.1,Completed
101810,609,2026-01-22,544.66,Completed
101811,92,2026-04-24,658.56,Completed
101812,779,2025-05-27,553.86,Completed
101813,79,2024-09-22,825.3,Completed
101814,505,2025-05-04,759.94,Completed
101815,823,2026-05-22,1373.21,Completed
101816,124,2024-06-24,3138.1,Completed
101817,353,2026-04-04,2704.73,Completed
101818,504,2026-08-26,1201.22,Completed
101819,929,2026-03-08,1270.59,Completed
101820,375,2025-10-03,6651.16,Completed
101821,118,2025-02-02,2649.57,Pending
101822,129,2026-04-11,2013.85,Completed
101823,195,2024-06-05,1947.92,Completed
101824,874,2026-01-09,1491.49,Completed
101825,777,2025-01-25,6618.22,Completed
101826,415,2025-05-04,1591.04,Completed
101827,858,2025-03-26,1983.43,Completed
101828,923,2024-01-10,616.35,Completed
101829,876,2026-08-18,1190.23,Cancelled
101830,7,2025-10-10,1258.37,Completed
101831,99,2025-08-06,2469.16,Cancelled
101832,731,2024-04-08,1087.51,Completed
101833,375,2026-01-27,1857.42,Completed
101834,158,2026-07-24,1213.68,Completed
101835,648,2026-03-03,880.18,Cancelled
101836,348,2024-08-30,857.23,Completed
101837,923,2024-06-25,1608.14,Completed
101838,577,2024-12-23,1924.71,Completed
101839,237,2024-01-22,1587.03,Pending
101840,937,2025-06-20,1047.52,Completed
101841,603,2025-03-21,1645.83,Completed
101842,290,2025-05-04,1459.4,Pending
101843,141,2026-08-21,914.45,Cancelled
101844,553,2025-09-29,1899.88,Completed
101845,752,2025-02-09,5838.65,Completed
101846,845,2026-02-01,1633.23,Completed
101847,126,2024-12-25,696.34,Pending
101848,427,2026-01-07,4675.52,Completed
101849,1000,2026-06-26,4075.18,Completed
101850,662,2026-06-02,4567.33,Completed
101851,92,2025-05-19,1751.28,Pending
101852,922,2025-04-02,1081.64,Completed
101853,684,2025-01-21,1007.35,Completed
101854,453,2025-06-03,3779.46,Completed
101855,782,2026-06-29,5112.09,Pending
101856,650,2026-04-30,989.6,Cancelled
101857,256,2025-08-13,349.84,Completed
101858,803,2024-10-01,1779.31,Completed
101859,252,2025-01-01,1000.02,Completed
101860,226,2024-08-27,1136.63,Completed
101861,598,2024-06-30,1541.79,Completed
101862,22,2024-01-09,2349.5,Completed
101863,633,2026-01-22,1083.46,Completed
101864,550,2025-12-19,1966.46,Completed
101865,725,2024-06-23,1658.29,Completed
101866,159,2025-10-31,402.25,Pending
101867,580,2024-06-09,2565.16,Completed
101868,435,2024-09-26,1342.63,Completed
101869,173,2024-09-08,791.58,Completed
101870,444,2024-05-06,1122.87,Completed
101871,929,2025-12-10,2053.85,Completed
101872,831,2024-02-11,1854.91,Cancelled
101873,166,2025-01-29,2736.47,Completed
101874,855,2025-04-19,2390.65,Pending
101875,564,2025-07-15,840.5,Completed
101876,49,2024-07-07,263.81,Completed
101877,924,2025-04-03,1947.17,Cancelled
101878,523,2026-02-10,2712.59,Completed
101879,918,2024-12-30,1578.06,Completed
101880,98,2026-07-13,2765.38,Completed
101881,167,2025-02-22,938.68,Completed
101882,907,2026-01-25,1437.46,Completed
101883,237,2024-04-21,989.47,Completed
101884,549,2026-04-08,2832.13,Completed
101885,604,2025-04-11,996.03,Completed
101886,951,2026-08-22,6866.73,Completed
101887,330,2025-11-12,1298.86,Completed
101888,759,2025-12-21,3024.07,Completed
101889,736,2024-05-24,1309.76,Completed
101890,702,2025-07-06,4294.09,Completed
101891,520,2025-12-19,4189.02,Completed
101892,73,2026-02-27,1458.4,Completed
101893,264,2025-01-01,2151.88,Completed
101894,559,2025-07-02,4120.02,Completed
101895,408,2024-06-17,2193.73,Completed
101896,182,2025-02-24,989.37,Completed
101897,690,2025-04-08,1883.87,Cancelled
101898,454,2024-02-01,1106.77,Cancelled
101899,789,2026-06-10,1985.62,Completed
101900,548,2025-09-17,1078.89,Completed
101901,361,2024-06-27,2293.57,Cancelled
101902,108,2026-05-23,562.75,Completed
101903,104,2025-11-03,868.05,Completed
101904,503,2025-11-05,1074.86,Completed
101905,346,2026-06-26,1621.98,Completed
101906,722,2025-01-28,673.64,Completed
101907,633,2024-12-11,1013.63,Cancelled
101908,280,2025-08-23,2984.9,Completed
101909,764,2026-05-14,3225.04,Pending
101910,564,2026-03-02,346.78,Completed
101911,887,2026-02-04,1229.25,Cancelled
101912,955,2026-01-13,4122.38,Cancelled
101913,963,2024-02-04,2313.38,Completed
101914,125,2025-04-22,2345.65,Completed
101915,528,2024-12-12,2597.33,Completed
101916,33,2024-12-17,965.11,Completed
101917,888,2026-04-12,2068.67,Completed
101918,704,2025-01-21,2445.9,Completed
101919,260,2026-03-25,1929.75,Cancelled
101920,609,2026-06-02,1393.65,Completed
101921,558,2025-03-18,1744.61,Completed
101922,542,2024-06-14,857.87,Completed
101923,536,2025-11-10,2683.14,Completed
101924,983,2026-04-19,708.09,Pending
101925,773,2025-01-30,1058.89,Completed
101926,399,2024-07-09,2803.72,Completed
101927,777,2025-05-21,2173.75,Cancelled
101928,139,2026-08-12,1314.02,Completed
101929,281,2025-05-18,591.37,Cancelled
101930,117,2025-03-12,1746.83,Completed
101931,892,2025-03-04,1195.03,Completed
101932,28,2025-12-14,2459.75,Completed
101933,897,2024-11-27,1286.57,Completed
101934,840,2025-12-10,576.87,Completed
101935,951,2026-08-17,732.25,Cancelled
101936,769,2026-01-21,1363.75,Cancelled
101937,451,2026-06-22,1931.86,Cancelled
101938,820,2026-02-07,844.73,Pending
101939,988,2026-03-31,1099.41,Cancelled
101940,899,2024-02-08,3012.87,Completed
101941,789,2024-12-09,3702.68,Completed
101942,770,2024-09-22,2154.98,Cancelled
101943,654,2026-04-19,1495.58,Pending
101944,897,2024-08-11,1201.86,Completed
101945,427,2026-07-30,2555.59,Completed
101946,496,2025-11-10,1465.43,Completed
101947,852,2024-04-30,3273.53,Cancelled
101948,261,2025-10-26,3387.29,Pending
101949,768,2024-11-29,2349.82,Completed
101950,110,2024-10-16,1302.56,Pending
101951,586,2026-08-25,1369.62,Completed
101952,39,2026-02-11,618.4,Completed
101953,998,2026-01-12,1739.44,Cancelled
101954,851,2024-10-30,1704.7,Pending
101955,247,2025-10-06,735.21,Completed
101956,150,2024-11-29,8368.6,Pending
101957,642,2025-08-09,2584.02,Cancelled
101958,907,2025-01-23,1042.37,Cancelled
101959,312,2025-08-16,6841.53,Cancelled
101960,963,2025-12-25,1303.89,Completed
101961,451,2024-11-02,3087.95,Completed
101962,435,2024-01-12,1905.51,Completed
101963,332,2024-04-04,1333.28,Completed
101964,269,2026-05-31,1445.96,Completed
101965,327,2026-07-22,4579.59,Completed
101966,171,2025-11-04,3181.45,Completed
101967,371,2024-04-14,1662.34,Completed
101968,285,2025-07-24,474.77,Completed
101969,58,2025-02-24,2193.86,Completed
101970,354,2024-08-18,800.58,Completed
101971,43,2025-01-04,2554.54,Completed
101972,179,2026-02-03,1131.62,Completed
101973,731,2026-08-27,1211.26,Cancelled
101974,29,2026-04-29,1188.9,Completed
101975,303,2024-07-17,3494.26,Completed
101976,683,2025-05-03,571.04,Pending
101977,25,2025-05-28,2907.61,Completed
101978,743,2024-10-11,2248.54,Completed
101979,82,2025-02-27,1716.99,Completed
101980,57,2025-01-05,1345.22,Completed
101981,193,2024-03-08,2469.46,Completed
101982,869,2025-02-09,1352.25,Cancelled
101983,51,2024-12-20,1344.32,Completed
101984,99,2024-10-24,1876.16,Pending
101985,949,2025-08-20,5504.84,Completed
101986,613,2025-11-23,673.29,Pending
101987,568,2024-02-15,2492.4,Completed
101988,44,2024-11-28,1640.19,Completed
101989,391,2024-01-31,1559.55,Completed
101990,576,2026-03-10,667.15,Completed
101991,531,2026-06-21,574.95,Completed
101992,519,2025-03-27,2245.08,Cancelled
101993,112,2026-07-08,788.77,Completed
101994,989,2025-09-03,3484.86,Completed
101995,703,2026-04-25,930.05,Completed
101996,240,2026-07-11,2575.19,Completed
101997,970,2025-07-25,1237.82,Completed
101998,295,2025-03-10,1199.84,Completed
101999,129,2025-12-22,993.8,Cancelled
102000,899,2024-06-14,2391.01,Completed
102001,152,2024-10-15,2865.97,Pending
102002,62,2025-06-19,1466.22,Completed
102003,629,2025-04-28,2643.41,Completed
102004,262,2026-04-12,1814.81,Completed
102005,152,2026-01-31,756.19,Completed
102006,102,2026-05-17,2302.13,Completed
102007,125,2026-04-16,1480.59,Completed
102008,963,2024-11-19,329.06,Completed
102009,671,2025-11-24,1396.24,Cancelled
102010,852,2024-12-27,598.7,Pending
102011,620,2026-08-03,808.39,Completed
102012,542,2024-06-20,1531.07,Completed
102013,213,2024-09-18,1714.11,Completed
102014,968,2026-07-05,1046.03,Completed
102015,830,2024-08-20,2535.86,Completed
102016,527,2025-08-25,1670.88,Completed
102017,104,2024-10-10,1366.43,Completed
102018,764,2024-10-03,1851.51,Completed
102019,323,2025-10-14,3939.58,Pending
102020,206,2026-02-12,444.89,Completed
102021,744,2024-08-14,4189.06,Completed
102022,846,2026-08-14,1205.59,Completed
102023,616,2024-03-27,1084.9,Completed
102024,76,2024-04-07,1385.93,Completed
102025,601,2026-08-09,1011.49,Completed
102026,923,2024-02-23,915.34,Completed
102027,685,2024-11-02,3121.22,Completed
102028,263,2024-04-27,1996.87,Completed
102029,648,2024-08-04,517.52,Completed
102030,246,2024-03-13,2789.77,Completed
102031,882,2024-12-15,2537.74,Pending
102032,855,2024-10-14,685.78,Cancelled
102033,568,2024-06-03,2023.76,Completed
102034,135,2025-11-30,2694.16,Completed
102035,398,2024-02-04,634.44,Completed
102036,120,2025-04-06,2166.74,Pending
102037,769,2024-10-24,1160.64,Completed
102038,680,2025-09-24,2560.52,Completed
102039,257,2024-11-24,981.1,Completed
102040,865,2025-04-04,3543.96,Completed
102041,764,2026-02-28,1536.47,Pending
102042,939,2024-05-20,1206.96,Completed
102043,277,2025-02-27,1125.41,Completed
102044,173,2025-06-30,3176.88,Pending
102045,473,2025-12-17,1124.94,Completed
102046,263,2025-06-06,3586.14,Completed
102047,746,2025-12-16,2067.85,Completed
102048,421,2026-02-13,731.35,Completed
102049,629,2026-02-06,1830.65,Completed
102050,170,2025-08-21,1855.67,Completed
102051,86,2026-06-12,716.04,Completed
102052,940,2024-01-23,1809.72,Completed
102053,440,2025-04-30,2560.5,Completed
102054,138,2026-02-19,3747.49,Completed
102055,820,2024-04-11,3642.26,Completed
102056,130,2026-03-07,8505.03,Completed
102057,998,2024-02-07,1800.68,Completed
102058,381,2026-02-04,2579.92,Completed
102059,461,2024-06-30,1213.77,Completed
102060,257,2025-10-11,6125.96,Completed
102061,86,2026-03-17,1008.72,Pending
102062,406,2026-03-03,5949.4,Completed
102063,358,2025-07-12,5473.38,Cancelled
102064,441,2026-06-02,1080.7,Completed
102065,482,2024-05-16,3530.36,Cancelled
102066,633,2024-08-18,2422.16,Cancelled
102067,75,2024-05-09,1377.12,Cancelled
102068,354,2025-11-30,1647.91,Completed
102069,872,2026-05-17,2139.02,Completed
102070,954,2026-06-24,2275.51,Completed
102071,536,2025-05-20,4754.12,Completed
102072,358,2024-05-08,2609.3,Completed
102073,412,2024-06-16,1091.3,Cancelled
102074,787,2025-09-01,2918.7,Completed
102075,394,2026-05-22,577.99,Completed
102076,946,2026-08-19,1400.05,Cancelled
102077,31,2025-12-02,1490.45,Completed
102078,608,2026-05-07,2761.27,Cancelled
102079,517,2025-04-09,5690.56,Completed
102080,444,2024-07-09,2073.6,Completed
102081,468,2025-03-28,1423.19,Completed
102082,158,2024-04-06,1143.28,Pending
102083,339,2025-10-16,3097.4,Completed
102084,346,2024-11-16,1585.89,Pending
102085,660,2024-11-25,1297.84,Completed
102086,600,2024-01-03,3340.51,Completed
102087,408,2026-08-30,3849.01,Completed
102088,516,2025-02-19,964.84,Completed
102089,570,2026-02-02,680.46,Completed
102090,49,2025-05-20,1689.15,Completed
102091,892,2025-09-15,857.81,Completed
102092,899,2025-03-31,784.82,Completed
102093,355,2025-10-30,915.17,Cancelled
102094,765,2024-07-13,3553.85,Completed
102095,395,2026-08-27,2747.08,Completed
102096,68,2025-02-20,8891.96,Completed
102097,873,2024-01-11,1185.91,Completed
102098,265,2026-07-15,4272.42,Completed
102099,350,2024-01-23,2480.84,Pending
102100,576,2025-04-04,1253.74,Completed
102101,433,2026-02-02,1636.32,Pending
102102,264,2024-12-26,1249.88,Cancelled
102103,808,2024-07-22,2129.65,Completed
102104,349,2024-08-22,3418.3,Completed
102105,593,2025-10-28,1416.54,Completed
102106,667,2025-07-12,3124.38,Completed
102107,937,2025-05-04,4112.73,Completed
102108,472,2025-05-15,4753.27,Completed
102109,464,2024-11-06,839.77,Completed
102110,918,2026-06-28,1743.4,Completed
102111,472,2024-08-13,2854.56,Completed
102112,292,2026-03-25,888.17,Completed
102113,46,2026-01-25,768.41,Completed
102114,315,2024-01-07,1769.36,Completed
102115,194,2024-06-15,1376.25,Completed
102116,297,2025-06-21,1609.24,Completed
102117,537,2024-06-03,1325.0,Completed
102118,522,2026-04-09,7328.1,Pending
102119,184,2025-03-06,1333.38,Completed
102120,458,2026-03-25,2633.85,Completed
102121,447,2024-04-26,2521.55,Completed
102122,46,2024-01-24,600.53,Completed
102123,279,2025-09-16,4668.16,Completed
102124,728,2026-02-19,2703.52,Cancelled
102125,25,2026-08-23,1993.33,Completed
102126,294,2026-02-05,3579.12,Completed
102127,468,2025-12-28,1744.95,Completed
102128,166,2024-02-26,3193.26,Cancelled
102129,648,2025-08-09,531.66,Completed
102130,719,2025-11-25,3062.34,Completed
102131,332,2025-01-18,2028.2,Completed
102132,228,2026-08-30,2048.91,Completed
102133,781,2026-08-19,1041.12,Cancelled
102134,211,2026-04-12,1561.35,Completed
102135,146,2026-05-06,1531.9,Completed
102136,37,2025-07-06,858.44,Completed
102137,91,2026-03-09,2272.05,Completed
102138,879,2024-03-10,5004.57,Completed
102139,938,2024-08-11,714.59,Completed
102140,545,2025-10-08,2475.51,Completed
102141,925,2024-04-30,1369.58,Completed
102142,708,2026-03-02,1270.54,Completed
102143,403,2024-06-22,1889.63,Completed
102144,716,2024-12-05,1908.34,Completed
102145,417,2024-09-08,2029.58,Cancelled
102146,963,2025-06-10,863.06,Completed
102147,861,2024-03-20,3655.52,Completed
102148,854,2026-03-01,1897.48,Completed
102149,529,2026-05-14,2647.92,Completed
102150,516,2025-12-27,3964.09,Completed
102151,117,2024-06-29,516.36,Completed
102152,654,2024-10-09,2711.73,Completed
102153,113,2024-08-08,1617.8,Cancelled
102154,537,2025-08-08,3490.54,Cancelled
102155,129,2026-05-14,1069.21,Completed
102156,470,2026-05-05,3306.08,Pending
102157,786,2026-07-21,906.68,Completed
102158,300,2025-11-01,2337.84,Completed
102159,604,2024-08-03,2165.29,Completed
102160,258,2025-01-22,1627.04,Completed
102161,293,2024-10-13,920.29,Completed
102162,181,2024-03-02,1416.42,Completed
102163,162,2026-02-17,3279.36,Completed
102164,365,2025-07-16,4734.33,Completed
102165,123,2026-08-02,6410.84,Completed
102166,897,2026-03-29,2535.03,Pending
102167,747,2025-09-24,2119.57,Cancelled
102168,218,2024-02-12,2409.9,Completed
102169,892,2025-03-06,6304.88,Completed
102170,357,2025-04-07,2524.87,Completed
102171,529,2025-10-18,1904.98,Completed
102172,699,2025-07-05,1505.07,Completed
102173,777,2026-01-29,1622.43,Completed
102174,12,2024-01-22,2313.93,Completed
102175,279,2024-04-19,1104.45,Cancelled
102176,329,2026-07-15,1197.94,Cancelled
102177,586,2025-02-27,1726.86,Completed
102178,880,2026-03-11,1341.84,Cancelled
102179,432,2026-04-14,2652.5,Completed
102180,457,2024-04-27,2789.43,Pending
102181,87,2025-11-17,2134.9,Completed
102182,523,2024-06-18,2474.94,Completed
102183,479,2024-05-29,1942.98,Completed
102184,638,2024-08-25,153.02,Completed
102185,855,2026-01-04,1018.65,Cancelled
102186,567,2024-03-31,2850.69,Cancelled
102187,54,2025-10-11,1043.47,Completed
102188,824,2025-01-05,3138.69,Cancelled
102189,471,2024-09-14,3255.5,Completed
102190,479,2024-08-21,1514.7,Completed
102191,881,2024-11-30,1226.22,Completed
102192,592,2024-12-05,1811.26,Cancelled
102193,794,2024-11-01,1749.24,Completed
102194,887,2025-05-19,2705.64,Completed
102195,485,2026-08-24,393.0,Completed
102196,982,2025-03-15,1116.99,Cancelled
102197,170,2024-06-27,932.14,Completed
102198,879,2025-08-18,350.25,Completed
102199,859,2026-03-18,1304.94,Completed
102200,100,2025-08-06,679.12,Completed
102201,153,2025-05-31,1399.23,Completed
102202,41,2025-10-12,1310.77,Completed
102203,274,2026-05-06,2416.89,Completed
102204,992,2024-03-15,1529.86,Cancelled
102205,123,2026-08-13,599.5,Pending
102206,38,2026-05-19,2254.74,Completed
102207,452,2026-07-24,8677.34,Completed
102208,346,2025-04-29,3620.41,Completed
102209,631,2026-04-11,2799.08,Completed
102210,609,2024-03-20,1585.25,Completed
102211,835,2025-02-06,1308.26,Completed
102212,411,2026-05-05,1250.57,Completed
102213,454,2024-09-20,2104.77,Completed
102214,27,2026-01-12,860.22,Completed
102215,971,2024-11-06,2077.18,Cancelled
102216,209,2025-07-27,1169.32,Pending
102217,598,2025-09-27,590.6,Completed
102218,888,2026-05-04,1158.65,Completed
102219,606,2024-11-28,4059.52,Completed
102220,627,2026-02-05,1969.41,Cancelled
102221,173,2025-02-27,178.83,Completed
102222,710,2025-01-17,1161.75,Completed
102223,187,2024-03-18,3237.84,Completed
102224,692,2024-03-15,1482.68,Completed
102225,577,2026-01-20,2530.08,Cancelled
102226,481,2024-04-11,1392.15,Cancelled
102227,725,2024-04-18,2028.6,Completed
102228,723,2024-06-29,1841.77,Completed
102229,201,2024-11-23,1182.89,Completed
102230,369,2024-06-07,2609.74,Completed
102231,477,2025-07-28,4870.94,Completed
102232,151,2026-03-10,2311.29,Completed
102233,349,2025-05-31,1925.84,Completed
102234,44,2025-10-09,1040.52,Completed
102235,432,2026-05-19,3312.24,Completed
102236,203,2026-05-20,1291.24,Completed
102237,219,2025-10-02,2591.49,Cancelled
102238,825,2024-03-07,2953.2,Completed
102239,139,2026-02-06,3420.09,Completed
102240,120,2026-01-07,3461.73,Completed
102241,312,2024-10-22,3381.3,Completed
102242,27,2024-06-06,795.52,Completed
102243,877,2024-05-08,1029.82,Cancelled
102244,987,2024-09-25,737.62,Completed
102245,811,2025-12-24,706.03,Completed
102246,805,2026-07-09,4851.26,Completed
102247,101,2024-05-29,948.32,Completed
102248,553,2025-02-07,865.49,Completed
102249,88,2026-03-22,1735.81,Completed
102250,294,2024-03-24,1108.38,Completed
102251,485,2026-07-06,7830.48,Completed
102252,681,2024-01-18,1506.91,Completed
102253,274,2024-10-02,2404.04,Completed
102254,253,2024-02-01,1083.81,Completed
102255,831,2026-01-10,611.07,Completed
102256,222,2025-02-19,1120.89,Completed
102257,478,2025-03-01,1128.74,Completed
102258,282,2025-06-15,1123.61,Completed
102259,862,2024-10-17,636.19,Completed
102260,532,2026-01-06,1966.46,Completed
102261,108,2025-02-23,1446.1,Completed
102262,147,2026-02-13,660.7,Completed
102263,970,2025-09-21,1928.73,Completed
102264,942,2025-10-18,2954.23,Completed
102265,770,2026-08-19,3920.86,Completed
102266,79,2025-05-07,373.29,Completed
102267,736,2024-10-18,1119.3,Completed
102268,662,2025-12-09,738.44,Pending
102269,942,2025-11-17,1177.96,Completed
102270,478,2025-04-15,4438.63,Completed
102271,464,2024-11-21,1121.98,Completed
102272,635,2026-06-24,1321.82,Pending
102273,148,2024-09-01,1050.1,Completed
102274,751,2024-03-17,5179.16,Completed
102275,490,2025-09-06,403.71,Completed
102276,185,2024-03-20,1253.76,Completed
102277,823,2026-01-10,1025.46,Completed
102278,262,2026-03-30,588.03,Completed
102279,868,2025-11-29,3684.85,Completed
102280,270,2024-08-17,557.53,Completed
102281,480,2026-07-06,1335.29,Completed
102282,431,2024-03-27,1710.2,Cancelled
102283,737,2024-04-14,1104.83,Completed
102284,183,2024-10-22,583.05,Completed
102285,245,2025-06-10,1613.52,Completed
102286,190,2025-11-22,1097.02,Completed
102287,228,2024-10-09,3044.72,Completed
102288,446,2026-06-09,2517.48,Completed
102289,588,2026-03-05,6369.79,Completed
102290,872,2024-08-12,1933.38,Completed
102291,418,2024-03-01,2640.06,Completed
102292,407,2025-11-13,1425.44,Cancelled
102293,161,2024-06-20,5476.2,Completed
102294,99,2024-10-01,1812.06,Cancelled
102295,765,2026-01-21,1683.92,Completed
102296,635,2024-07-03,2557.84,Cancelled
102297,530,2024-12-11,1183.6,Cancelled
102298,438,2026-06-21,1300.87,Completed
102299,518,2025-10-25,2556.64,Completed
102300,854,2025-08-26,2897.18,Completed
102301,186,2026-08-29,2653.5,Completed
102302,492,2026-01-19,1708.59,Cancelled
102303,240,2025-03-23,2145.91,Completed
102304,104,2025-10-08,3360.4,Completed
102305,692,2025-06-02,884.0,Completed
102306,706,2024-12-19,1801.63,Completed
102307,862,2026-08-06,271.27,Completed
102308,26,2025-07-31,2912.29,Completed
102309,176,2025-12-27,1082.3,Pending
102310,573,2025-02-02,1101.14,Completed
102311,820,2024-07-10,1662.88,Completed
102312,942,2024-04-29,2691.78,Completed
102313,792,2026-02-21,8520.54,Cancelled
102314,909,2025-05-22,655.94,Completed
102315,822,2025-05-16,1036.25,Completed
102316,308,2024-04-27,2088.47,Cancelled
102317,581,2026-02-05,1122.34,Completed
102318,637,2024-09-13,3099.21,Completed
102319,345,2025-08-05,1614.01,Completed
102320,892,2024-12-06,3200.28,Completed
102321,774,2024-08-09,1531.53,Completed
102322,514,2024-06-07,2565.01,Completed
102323,473,2026-03-03,966.24,Completed
102324,797,2024-04-02,6341.47,Completed
102325,219,2024-01-02,596.31,Completed
102326,214,2024-10-25,1136.26,Pending
102327,399,2026-05-14,715.01,Completed
102328,126,2025-11-14,3028.24,Cancelled
102329,451,2026-03-07,2556.23,Completed
102330,427,2024-07-18,815.43,Cancelled
102331,502,2026-08-01,3441.51,Completed
102332,456,2024-04-24,1143.09,Completed
102333,903,2024-02-04,2315.31,Completed
102334,272,2025-04-09,2697.08,Completed
102335,408,2025-03-01,1535.14,Cancelled
102336,744,2024-10-10,3251.74,Completed
102337,281,2024-06-13,1639.05,Completed
102338,657,2024-11-08,2243.34,Completed
102339,964,2024-12-29,1506.22,Completed
102340,369,2025-08-08,534.43,Completed
102341,240,2024-12-16,1661.12,Completed
102342,187,2024-08-25,1020.1,Completed
102343,15,2025-08-04,4449.37,Completed
102344,280,2025-07-20,741.61,Completed
102345,860,2025-03-01,3991.03,Completed
102346,252,2024-04-17,1602.53,Pending
102347,956,2026-07-28,2343.9,Completed
102348,955,2025-05-20,734.06,Completed
102349,682,2024-09-27,1472.66,Cancelled
102350,980,2025-12-07,1168.57,Pending
102351,405,2025-02-11,7063.17,Completed
102352,959,2024-06-08,1149.94,Completed
102353,542,2025-11-12,3809.44,Cancelled
102354,82,2024-03-31,3844.23,Completed
102355,840,2024-09-26,3774.67,Completed
102356,953,2025-10-06,1223.56,Completed
102357,892,2025-12-05,5818.07,Completed
102358,414,2026-08-22,6657.24,Cancelled
102359,102,2025-11-20,2285.11,Completed
102360,586,2024-08-13,1330.13,Completed
102361,876,2025-11-24,1028.77,Cancelled
102362,850,2026-01-01,2445.94,Completed
102363,619,2025-10-18,1877.56,Completed
102364,790,2025-12-26,2026.99,Completed
102365,37,2026-03-06,749.52,Completed
102366,624,2025-07-06,1838.97,Completed
102367,108,2026-08-26,3785.92,Completed
102368,754,2025-09-19,3057.68,Cancelled
102369,48,2024-02-23,1375.21,Completed
102370,597,2024-06-16,1676.84,Cancelled
102371,951,2025-04-28,693.07,Completed
102372,111,2025-02-27,1168.09,Pending
102373,422,2026-03-02,1443.06,Completed
102374,44,2025-10-16,2716.93,Completed
102375,719,2024-01-01,1137.3,Completed
102376,930,2025-03-19,917.96,Completed
102377,3,2025-06-14,2945.5,Cancelled
102378,545,2026-08-12,1367.65,Cancelled
102379,797,2025-10-03,1043.39,Completed
102380,29,2024-06-24,3052.17,Completed
102381,475,2024-07-05,2425.4,Completed
102382,127,2024-11-03,1572.91,Completed
102383,927,2025-01-24,1432.55,Pending
102384,505,2024-04-15,2303.62,Completed
102385,519,2026-02-07,2554.83,Cancelled
102386,998,2024-03-06,2061.8,Cancelled
102387,792,2024-03-05,1946.83,Completed
102388,305,2024-05-03,1213.47,Completed
102389,631,2024-05-11,1261.66,Completed
102390,291,2025-07-02,1609.79,Cancelled
102391,518,2026-03-06,963.74,Completed
102392,820,2026-07-06,893.2,Completed
102393,951,2026-02-26,1698.02,Completed
102394,954,2025-10-29,3424.4,Completed
102395,488,2025-07-28,467.85,Completed
102396,901,2024-10-28,1395.64,Pending
102397,899,2025-02-08,2148.83,Completed
102398,545,2026-04-28,3613.89,Completed
102399,40,2024-04-12,5799.2,Completed
102400,119,2026-03-14,1522.25,Cancelled
102401,659,2026-02-28,6487.82,Completed
102402,837,2024-02-25,2420.33,Completed
102403,917,2024-08-23,3055.78,Completed
102404,241,2024-10-28,900.59,Completed
102405,905,2026-06-07,2416.93,Completed
102406,834,2025-03-02,3232.17,Cancelled
102407,477,2026-01-24,1149.94,Cancelled
102408,368,2025-08-07,330.93,Completed
102409,465,2024-03-19,1983.06,Completed
102410,675,2025-10-10,1565.3,Completed
102411,819,2025-09-10,4312.64,Completed
102412,170,2026-04-27,1268.56,Completed
102413,327,2026-06-14,1138.29,Completed
102414,120,2025-07-25,840.6,Completed
102415,940,2026-05-05,1195.1,Completed
102416,405,2024-05-15,10188.98,Completed
102417,248,2025-08-19,641.76,Completed
102418,200,2025-07-15,755.67,Completed
102419,76,2024-06-16,1737.57,Completed
102420,465,2025-06-08,6496.44,Completed
102421,775,2025-10-23,2914.77,Completed
102422,314,2025-02-07,4937.21,Completed
102423,401,2025-10-10,1401.44,Pending
102424,638,2025-12-26,729.22,Completed
102425,348,2025-07-26,1344.2,Cancelled
102426,746,2025-01-22,1659.85,Completed
102427,312,2024-09-15,1812.87,Completed
102428,440,2025-10-04,1566.27,Completed
102429,980,2026-05-25,2642.6,Completed
102430,845,2025-03-25,1133.19,Cancelled
102431,570,2025-05-04,985.24,Completed
102432,387,2026-06-06,822.66,Completed
102433,993,2024-10-16,2056.6,Completed
102434,456,2026-02-24,1928.08,Completed
102435,337,2024-09-05,3659.08,Completed
102436,598,2024-09-07,4920.11,Pending
102437,410,2024-09-30,821.18,Completed
102438,895,2024-02-21,1827.73,Completed
102439,208,2025-03-24,1575.08,Completed
102440,53,2024-12-10,662.93,Completed
102441,425,2024-08-12,1276.95,Pending
102442,951,2026-01-06,4983.28,Completed
102443,63,2025-05-18,1193.07,Cancelled
102444,816,2024-07-09,1070.84,Completed
102445,1,2024-07-05,1740.12,Completed
102446,556,2026-02-26,3255.63,Completed
102447,446,2024-09-20,1476.61,Cancelled
102448,159,2025-01-19,1955.77,Completed
102449,751,2024-04-26,407.71,Completed
102450,173,2026-02-21,2611.17,Completed
102451,431,2024-12-13,2078.24,Completed
102452,557,2025-11-16,3198.97,Cancelled
102453,516,2025-01-30,534.64,Cancelled
102454,35,2026-02-18,1478.71,Completed
102455,439,2025-01-27,3368.63,Completed
102456,655,2026-05-21,1253.3,Completed
102457,526,2025-12-06,1860.73,Completed
102458,735,2025-04-12,1379.24,Completed
102459,779,2025-04-15,1401.38,Completed
102460,178,2025-08-26,3843.65,Completed
102461,810,2025-11-05,713.61,Cancelled
102462,901,2025-11-18,1742.13,Completed
102463,847,2024-02-02,2120.03,Cancelled
102464,861,2024-09-14,3312.0,Completed
102465,209,2025-02-28,1662.82,Pending
102466,653,2025-06-06,3378.93,Pending
102467,451,2024-03-28,1737.2,Completed
102468,983,2024-07-13,1945.44,Completed
102469,839,2025-03-25,1897.73,Completed
102470,162,2025-03-10,2755.83,Cancelled
102471,944,2025-08-21,2559.76,Completed
102472,697,2024-03-08,873.1,Completed
102473,540,2026-02-14,2072.7,Cancelled
102474,440,2024-10-20,2557.98,Completed
102475,485,2025-06-19,4654.86,Completed
102476,774,2026-07-10,934.41,Completed
102477,768,2025-01-04,2554.3,Completed
102478,551,2024-11-01,1435.71,Completed
102479,992,2024-09-14,2039.07,Completed
102480,229,2025-09-26,895.85,Completed
102481,422,2026-07-20,1784.41,Completed
102482,600,2025-06-28,2214.64,Cancelled
102483,165,2024-07-11,958.11,Completed
102484,492,2026-07-09,4615.78,Cancelled
102485,843,2024-02-11,659.71,Completed
102486,675,2025-02-03,2552.82,Completed
102487,711,2024-05-02,371.32,Completed
102488,162,2024-02-02,1525.08,Completed
102489,145,2026-08-28,2458.5,Completed
102490,435,2024-03-23,2860.5,Completed
102491,314,2026-05-31,1680.84,Completed
102492,14,2025-06-14,1538.38,Completed
102493,552,2024-11-07,2602.9,Pending
102494,759,2026-04-19,3339.15,Completed
102495,736,2024-01-04,4412.91,Completed
102496,102,2025-11-02,777.83,Pending
102497,786,2026-01-16,1579.91,Completed
102498,374,2024-12-20,432.57,Cancelled
102499,155,2024-10-19,740.01,Completed
102500,465,2024-01-09,1138.95,Completed
102501,212,2024-01-22,3158.33,Cancelled
102502,673,2024-02-12,1316.8,Completed
102503,750,2025-03-20,1491.76,Completed
102504,731,2025-05-31,2187.6,Completed
102505,114,2025-02-16,1164.07,Completed
102506,341,2025-11-14,492.26,Completed
102507,491,2024-12-17,1108.42,Completed
102508,984,2026-02-08,1664.15,Completed
102509,545,2025-09-27,2440.71,Completed
102510,654,2026-06-30,1574.02,Pending
102511,333,2025-12-07,2414.47,Pending
102512,290,2024-05-04,3283.29,Completed
102513,803,2025-06-28,3729.05,Cancelled
102514,843,2025-10-01,2013.33,Cancelled
102515,57,2024-01-14,859.53,Completed
102516,536,2024-02-12,801.34,Completed
102517,782,2024-01-22,851.35,Completed
102518,158,2024-06-15,895.04,Completed
102519,648,2026-05-07,1920.14,Cancelled
102520,467,2024-08-21,6138.77,Completed
102521,503,2024-06-30,2065.82,Completed
102522,596,2025-03-10,1704.36,Cancelled
102523,880,2025-01-22,3363.61,Completed
102524,87,2026-08-24,1050.45,Pending
102525,199,2024-04-10,3543.48,Pending
102526,338,2026-03-29,3376.81,Completed
102527,808,2024-08-11,1870.37,Completed
102528,595,2024-10-28,7019.71,Completed
102529,185,2025-04-17,3716.15,Completed
102530,27,2026-08-07,1853.9,Cancelled
102531,991,2024-08-17,1639.53,Completed
102532,137,2024-11-30,1359.4,Completed
102533,37,2025-10-03,1653.35,Completed
102534,403,2025-10-13,1684.75,Completed
102535,552,2024-12-23,1462.46,Completed
102536,257,2024-05-07,1566.28,Completed
102537,167,2026-02-06,829.17,Completed
102538,86,2026-05-26,1244.21,Cancelled
102539,405,2025-08-08,637.35,Completed
102540,954,2026-04-29,2356.48,Completed
102541,147,2024-09-04,1896.15,Completed
102542,571,2026-04-20,1662.14,Completed
102543,191,2026-02-25,3202.2,Completed
102544,673,2026-05-28,1026.84,Completed
102545,62,2026-06-25,1134.0,Completed
102546,200,2024-12-02,687.29,Completed
102547,12,2024-04-26,3499.95,Pending
102548,650,2025-12-29,2668.14,Cancelled
102549,723,2025-10-13,4271.73,Completed
102550,170,2025-09-22,5035.22,Completed
102551,447,2025-09-05,1366.09,Completed
102552,288,2024-02-09,1133.76,Completed
102553,48,2025-10-13,560.31,Completed
102554,41,2025-04-16,881.7,Completed
102555,941,2024-01-31,1457.32,Completed
102556,649,2026-04-12,471.5,Completed
102557,667,2024-01-28,893.62,Completed
102558,289,2024-08-15,1705.65,Completed
102559,262,2024-10-13,3217.23,Completed
102560,798,2026-01-31,1129.4,Completed
102561,432,2024-03-19,1956.14,Completed
102562,102,2025-01-09,6044.99,Completed
102563,481,2024-12-22,556.47,Pending
102564,519,2025-02-07,3645.9,Completed
102565,569,2026-04-28,2305.48,Completed
102566,534,2024-11-12,4100.18,Completed
102567,866,2024-12-10,3374.57,Completed
102568,242,2025-02-01,1169.65,Cancelled
102569,592,2025-01-17,1802.11,Completed
102570,894,2026-07-17,696.58,Cancelled
102571,979,2024-09-17,1281.3,Completed
102572,966,2024-04-20,1834.55,Completed
102573,732,2025-02-14,2192.67,Completed
102574,106,2024-03-22,3006.93,Completed
102575,989,2026-02-14,5036.39,Completed
102576,37,2026-05-18,1356.19,Completed
102577,550,2026-03-19,3788.18,Completed
102578,440,2026-02-22,2141.56,Completed
102579,678,2025-02-13,769.48,Completed
102580,787,2025-11-10,1632.36,Completed
102581,744,2025-01-21,1940.82,Cancelled
102582,225,2026-04-11,1044.91,Completed
102583,760,2024-07-08,915.23,Completed
102584,762,2024-05-16,895.46,Completed
102585,28,2026-08-07,1264.25,Completed
102586,639,2024-12-16,1026.11,Completed
102587,126,2024-10-29,4005.03,Completed
102588,560,2025-10-12,365.89,Completed
102589,225,2024-11-29,1935.01,Completed
102590,351,2025-12-28,2537.53,Completed
102591,269,2025-02-22,962.67,Completed
102592,870,2026-02-01,1548.12,Completed
102593,911,2024-03-19,1441.12,Completed
102594,804,2025-12-08,1711.71,Completed
102595,728,2024-11-15,2769.58,Completed
102596,355,2025-02-15,2612.96,Completed
102597,141,2026-06-24,1218.72,Completed
102598,568,2025-04-14,676.98,Completed
102599,422,2024-03-13,2003.87,Completed
102600,279,2025-03-22,1174.62,Completed
102601,241,2024-08-21,1277.3,Completed
102602,161,2025-04-06,2081.37,Completed
102603,837,2024-07-30,1356.61,Completed
102604,312,2025-09-17,2197.13,Completed
102605,922,2024-08-16,9217.86,Completed
102606,670,2025-03-28,2811.13,Cancelled
102607,164,2026-07-17,4314.45,Cancelled
102608,63,2025-09-12,2508.96,Completed
102609,414,2025-11-20,1892.53,Completed
102610,82,2026-01-21,2533.82,Cancelled
102611,955,2026-06-13,2454.78,Completed
102612,912,2026-05-12,3153.81,Completed
102613,657,2026-04-14,1870.82,Completed
102614,287,2024-11-27,769.04,Completed
102615,876,2025-08-30,693.15,Completed
102616,649,2026-03-07,2429.26,Completed
102617,350,2025-06-28,865.68,Completed
102618,887,2024-05-03,2812.19,Completed
102619,206,2025-05-10,4296.98,Completed
102620,567,2024-07-29,1559.49,Completed
102621,690,2025-11-01,3955.72,Completed
102622,913,2026-04-16,2129.95,Completed
102623,136,2025-11-13,1830.58,Completed
102624,283,2025-06-20,1887.28,Pending
102625,850,2025-08-06,1048.89,Completed
102626,495,2025-06-07,965.29,Completed
102627,760,2025-03-12,618.26,Completed
102628,778,2024-08-08,1117.7,Completed
102629,298,2025-10-19,7231.11,Completed
102630,322,2024-12-06,681.88,Completed
102631,492,2024-06-01,837.81,Pending
102632,31,2026-02-17,1066.26,Completed
102633,805,2025-06-20,1099.29,Completed
102634,114,2025-05-21,2144.37,Cancelled
102635,938,2025-05-20,1209.38,Completed
102636,783,2024-03-16,1582.1,Completed
102637,345,2025-06-04,1036.25,Completed
102638,74,2025-06-12,1321.66,Completed
102639,793,2025-05-12,1731.52,Completed
102640,442,2024-01-07,1649.26,Completed
102641,191,2025-12-31,6522.67,Completed
102642,425,2025-08-20,1767.32,Completed
102643,908,2026-01-07,1570.59,Completed
102644,687,2025-05-05,355.14,Completed
102645,685,2024-11-16,2103.79,Pending
102646,512,2026-03-21,498.57,Completed
102647,152,2024-12-07,2576.39,Completed
102648,952,2025-03-17,1974.58,Completed
102649,746,2024-01-17,3023.51,Cancelled
102650,513,2024-06-07,1191.73,Completed
102651,730,2024-04-20,1831.84,Completed
102652,354,2025-02-16,2792.77,Completed
102653,748,2024-09-12,983.71,Completed
102654,968,2024-11-19,2675.96,Completed
102655,338,2026-01-15,2597.51,Completed
102656,13,2025-10-26,1648.92,Cancelled
102657,746,2026-02-15,5022.03,Cancelled
102658,862,2026-03-04,2516.57,Pending
102659,834,2024-08-29,606.28,Completed
102660,976,2025-08-21,3422.71,Cancelled
102661,340,2026-04-26,1173.53,Completed
102662,922,2024-10-23,3023.09,Completed
102663,205,2024-12-31,2181.21,Pending
102664,588,2025-06-01,323.24,Cancelled
102665,894,2026-02-15,2666.99,Completed
102666,920,2024-05-23,1558.48,Completed
102667,622,2025-03-30,1335.29,Completed
102668,545,2024-08-23,1368.01,Cancelled
102669,454,2025-11-24,3005.84,Pending
102670,876,2024-08-23,989.02,Completed
102671,887,2024-12-12,3711.44,Completed
102672,237,2024-12-03,670.33,Completed
102673,135,2024-03-09,2181.45,Completed
102674,822,2025-10-12,2973.9,Completed
102675,819,2024-09-04,2926.83,Pending
102676,100,2025-04-22,2028.79,Completed
102677,482,2025-11-09,1573.61,Completed
102678,502,2026-02-04,1258.97,Completed
102679,45,2026-06-12,813.19,Completed
102680,664,2024-05-02,1152.69,Completed
102681,972,2025-09-03,963.57,Completed
102682,208,2024-11-15,866.17,Completed
102683,782,2026-01-18,5813.59,Completed
102684,82,2025-01-13,588.7,Pending
102685,211,2024-01-14,3741.06,Completed
102686,564,2026-04-12,805.78,Pending
102687,927,2026-01-09,926.26,Completed
102688,892,2024-11-17,916.47,Completed
102689,938,2026-03-23,874.57,Completed
102690,988,2025-02-03,3279.34,Completed
102691,807,2025-02-05,2638.54,Completed
102692,355,2024-10-18,1547.43,Pending
102693,126,2025-04-25,10460.11,Completed
102694,830,2026-08-25,1780.54,Completed
102695,184,2024-02-20,1871.44,Completed
102696,518,2025-07-31,1152.72,Completed
102697,759,2024-06-18,1066.85,Cancelled
102698,39,2024-04-30,1272.86,Completed
102699,919,2024-02-24,3131.18,Completed
102700,296,2024-09-22,2609.13,Completed
102701,211,2025-12-12,4164.84,Completed
102702,365,2025-12-17,1129.4,Completed
102703,454,2026-02-17,2640.5,Completed
102704,449,2024-05-21,2195.41,Completed
102705,154,2024-04-15,2386.95,Cancelled
102706,186,2026-08-13,1026.68,Completed
102707,471,2026-06-15,916.32,Pending
102708,223,2025-11-12,2555.45,Completed
102709,644,2026-03-27,3174.45,Completed
102710,904,2026-02-21,1204.29,Completed
102711,22,2025-07-14,2674.22,Completed
102712,40,2025-04-07,3925.05,Completed
102713,644,2026-08-09,1422.79,Completed
102714,33,2025-10-20,706.49,Cancelled
102715,641,2026-05-08,766.3,Completed
102716,482,2024-07-20,1159.57,Completed
102717,449,2024-08-04,1347.0,Completed
102718,609,2025-09-04,1758.21,Completed
102719,901,2026-07-17,1781.59,Completed
102720,126,2025-08-26,1507.95,Completed
102721,133,2025-03-06,2799.08,Cancelled
102722,697,2024-01-25,1097.77,Completed
102723,54,2024-05-30,4095.24,Completed
102724,424,2024-08-12,3316.23,Completed
102725,488,2024-07-13,3162.02,Completed
102726,387,2025-11-14,1172.46,Completed
102727,531,2025-10-27,1668.81,Completed
102728,112,2025-01-04,2879.55,Completed
102729,264,2026-08-18,1580.66,Completed
102730,9,2025-01-18,1142.64,Completed
102731,963,2025-03-09,1113.23,Completed
102732,840,2025-05-27,1149.04,Completed
102733,251,2025-07-11,846.35,Completed
102734,40,2024-07-04,11629.17,Completed
102735,267,2024-10-19,506.0,Completed
102736,958,2025-10-31,951.49,Completed
102737,819,2026-04-02,2651.7,Pending
102738,660,2025-02-16,1155.9,Completed
102739,926,2024-04-22,1432.15,Completed
102740,175,2026-04-08,2327.19,Pending
102741,533,2025-07-20,3521.25,Completed
102742,798,2025-02-28,1506.91,Completed
102743,23,2025-07-24,3277.58,Completed
102744,429,2026-03-11,597.18,Completed
102745,348,2024-01-02,1213.98,Pending
102746,176,2024-12-16,2482.88,Pending
102747,221,2026-07-04,6490.64,Completed
102748,969,2024-10-19,961.06,Cancelled
102749,506,2026-08-06,857.14,Cancelled
102750,82,2024-09-30,2247.23,Completed
102751,682,2025-03-30,1863.31,Cancelled
102752,593,2024-03-09,1128.41,Completed
102753,387,2025-12-07,816.23,Pending
102754,394,2024-08-20,1288.86,Cancelled
102755,534,2026-04-05,2525.88,Completed
102756,932,2024-05-06,1449.48,Completed
102757,764,2024-04-23,3853.73,Pending
102758,397,2025-04-01,1647.69,Completed
102759,244,2024-03-23,2661.17,Completed
102760,108,2024-11-16,2157.16,Completed
102761,193,2025-11-01,1384.59,Completed
102762,136,2025-05-06,3093.53,Completed
102763,814,2025-06-28,815.91,Completed
102764,576,2024-03-29,1256.04,Pending
102765,41,2025-10-23,1375.42,Cancelled
102766,930,2024-03-29,2306.63,Cancelled
102767,150,2025-07-10,2712.38,Completed
102768,648,2026-02-08,1059.63,Completed
102769,16,2025-12-07,966.89,Completed
102770,591,2024-12-09,1894.32,Completed
102771,554,2024-05-30,662.53,Cancelled
102772,914,2026-03-19,3465.58,Completed
102773,601,2024-07-28,1556.28,Pending
102774,481,2025-04-27,841.63,Cancelled
102775,529,2024-08-18,830.88,Completed
102776,635,2024-01-29,2206.32,Pending
102777,411,2025-02-09,2167.85,Cancelled
102778,716,2025-06-19,1092.32,Completed
102779,527,2026-01-09,1671.58,Completed
102780,970,2025-12-07,863.99,Completed
102781,191,2026-03-19,1521.68,Cancelled
102782,734,2026-03-02,4696.84,Completed
102783,834,2025-01-25,7189.71,Completed
102784,722,2024-11-27,1568.54,Completed
102785,980,2025-08-08,2383.3,Completed
102786,428,2025-04-11,2322.87,Completed
102787,537,2024-10-14,588.08,Completed
102788,153,2024-01-31,852.47,Cancelled
102789,368,2025-04-07,399.56,Completed
102790,159,2025-04-01,2410.14,Completed
102791,796,2026-07-04,6374.38,Completed
102792,787,2026-03-01,3598.73,Pending
102793,190,2024-09-19,1852.82,Pending
102794,809,2024-04-17,1690.58,Pending
102795,312,2026-02-05,1431.53,Completed
102796,735,2025-04-19,3584.33,Completed
102797,942,2024-02-11,2070.86,Completed
102798,837,2026-01-03,1874.58,Completed
102799,184,2024-12-01,878.67,Completed
102800,178,2024-06-15,2660.43,Completed
102801,111,2025-10-02,1632.8,Completed
102802,851,2026-02-03,2329.88,Completed
102803,545,2026-01-25,3445.9,Completed
102804,155,2024-09-23,621.96,Pending
102805,589,2025-07-30,1485.34,Completed
102806,528,2025-03-29,1351.73,Completed
102807,599,2026-04-25,1276.47,Completed
102808,637,2024-07-03,870.93,Completed
102809,164,2026-03-09,1121.76,Cancelled
102810,382,2024-12-02,881.43,Completed
102811,725,2025-08-23,3077.08,Completed
102812,914,2025-05-03,2300.45,Completed
102813,241,2024-12-04,2199.08,Completed
102814,570,2024-08-13,514.4,Completed
102815,951,2024-12-19,6388.73,Completed
102816,603,2025-08-14,1380.22,Completed
102817,226,2025-08-21,5594.57,Completed
102818,585,2025-08-29,2929.18,Completed
102819,20,2025-09-30,1548.37,Completed
102820,481,2024-02-19,6792.84,Completed
102821,567,2025-01-18,2602.79,Completed
102822,58,2024-11-02,1551.72,Completed
102823,200,2025-01-21,1395.94,Completed
102824,989,2025-01-06,3520.34,Pending
102825,629,2024-06-21,1270.05,Completed
102826,452,2026-07-27,1407.37,Pending
102827,227,2024-01-01,1221.12,Completed
102828,123,2025-08-02,1101.44,Completed
102829,423,2025-03-25,1146.12,Completed
102830,543,2025-11-15,5696.68,Completed
102831,178,2026-03-19,3465.0,Completed
102832,808,2025-09-23,2097.51,Completed
102833,424,2026-01-15,1261.01,Cancelled
102834,58,2024-09-23,1257.84,Cancelled
102835,136,2026-08-25,1418.33,Completed
102836,870,2024-03-25,5758.1,Completed
102837,330,2025-10-13,2174.68,Completed
102838,367,2024-05-22,2926.15,Completed
102839,195,2024-08-15,2049.67,Completed
102840,815,2026-03-13,1012.2,Completed
102841,823,2025-10-21,1924.09,Completed
102842,241,2025-09-08,894.49,Completed
102843,734,2026-03-17,3914.76,Cancelled
102844,446,2024-09-27,1106.48,Completed
102845,166,2025-09-15,1241.17,Cancelled
102846,802,2024-07-15,3053.7,Cancelled
102847,83,2025-04-13,1143.26,Completed
102848,882,2025-01-28,1561.12,Completed
102849,29,2025-08-24,324.1,Completed
102850,314,2024-03-04,1459.51,Completed
102851,225,2024-01-26,2648.72,Pending
102852,233,2024-01-31,1197.97,Completed
102853,473,2024-09-14,2589.12,Cancelled
102854,757,2025-07-14,1781.19,Completed
102855,397,2024-06-02,3650.55,Completed
102856,513,2026-08-22,1116.33,Completed
102857,971,2025-02-06,1538.46,Cancelled
102858,491,2024-10-22,692.47,Completed
102859,796,2026-05-18,1695.43,Completed
102860,380,2024-06-19,1368.58,Pending
102861,79,2024-07-01,3359.74,Completed
102862,253,2025-01-05,1199.26,Cancelled
102863,158,2024-03-10,1366.65,Completed
102864,912,2025-10-25,1160.58,Cancelled
102865,30,2026-01-25,1832.06,Completed
102866,830,2024-12-10,6555.61,Completed
102867,137,2026-04-24,185.31,Completed
102868,150,2024-01-08,1744.91,Completed
102869,528,2025-06-01,3861.83,Completed
102870,82,2025-12-11,1288.31,Completed
102871,78,2025-01-01,2535.36,Completed
102872,779,2026-07-10,3869.33,Completed
102873,61,2025-02-22,1504.22,Pending
102874,599,2026-06-12,1177.76,Completed
102875,118,2025-10-03,3306.22,Completed
102876,86,2024-08-12,2483.77,Cancelled
102877,670,2026-03-19,1728.49,Completed
102878,387,2024-01-30,2678.07,Pending
102879,23,2024-07-03,3360.21,Completed
102880,681,2026-01-28,1739.02,Completed
102881,970,2026-05-27,2195.33,Cancelled
102882,559,2025-01-12,2527.9,Completed
102883,375,2025-10-01,1333.19,Completed
102884,853,2025-11-09,3896.07,Completed
102885,329,2025-12-19,920.99,Completed
102886,615,2026-05-31,1652.81,Completed
102887,468,2024-03-25,2964.37,Completed
102888,732,2024-07-06,905.84,Completed
102889,516,2026-06-12,3171.33,Completed
102890,475,2025-06-13,2037.0,Completed
102891,417,2025-05-28,4259.5,Completed
102892,290,2025-01-27,2680.75,Completed
102893,478,2024-12-18,1619.28,Completed
102894,62,2024-08-26,2092.44,Completed
102895,333,2025-01-23,2141.86,Completed
102896,78,2024-03-12,6705.43,Pending
102897,313,2024-10-12,1901.87,Cancelled
102898,345,2026-08-24,1645.58,Completed
102899,31,2024-06-07,1585.23,Completed
102900,290,2025-12-13,2035.1,Completed
102901,672,2024-02-03,861.12,Completed
102902,970,2025-12-15,1403.53,Completed
102903,619,2024-09-14,932.3,Completed
102904,715,2025-11-14,1014.95,Completed
102905,669,2025-04-28,3035.73,Cancelled
102906,946,2026-01-24,1831.0,Cancelled
102907,943,2025-10-10,1111.35,Completed
102908,113,2025-06-26,1632.49,Completed
102909,466,2025-12-14,1533.96,Completed
102910,913,2026-07-28,1862.72,Completed
102911,889,2025-08-02,675.82,Completed
102912,532,2024-06-18,885.56,Completed
102913,438,2024-04-22,705.28,Completed
102914,60,2025-06-16,1003.06,Completed
102915,471,2025-02-23,1125.26,Completed
102916,502,2025-08-15,918.82,Completed
102917,635,2025-10-11,2958.43,Completed
102918,519,2024-06-30,5952.16,Pending
102919,212,2025-12-24,3078.41,Completed
102920,969,2026-08-22,1246.42,Pending
102921,213,2024-11-11,2063.51,Completed
102922,376,2026-06-22,1723.95,Completed
102923,505,2026-06-22,1211.74,Completed
102924,288,2025-02-11,4258.23,Completed
102925,68,2026-02-12,6635.77,Completed
102926,614,2026-06-26,692.31,Completed
102927,234,2026-04-08,4590.37,Completed
102928,887,2025-01-13,1225.87,Completed
102929,797,2025-10-10,1517.83,Completed
102930,423,2025-07-30,2163.07,Completed
102931,457,2025-02-06,4922.24,Completed
102932,952,2025-09-14,2161.06,Completed
102933,30,2026-06-27,2353.45,Completed
102934,373,2024-01-26,3134.52,Completed
102935,62,2026-05-27,3473.03,Completed
102936,137,2024-12-24,2509.35,Completed
102937,924,2026-03-17,3487.06,Completed
102938,101,2024-04-14,1220.37,Completed
102939,959,2026-05-17,582.97,Completed
102940,788,2025-03-11,5894.59,Completed
102941,642,2026-06-10,916.94,Completed
102942,748,2025-02-20,1272.25,Completed
102943,182,2025-12-27,1451.06,Completed
102944,117,2025-08-03,1297.27,Completed
102945,360,2024-07-13,1122.76,Completed
102946,768,2024-08-30,2432.98,Completed
102947,298,2025-06-08,2449.87,Completed
102948,175,2025-04-18,2693.24,Completed
102949,789,2025-08-22,2585.62,Completed
102950,636,2026-02-24,1372.93,Completed
102951,534,2026-01-22,1371.46,Completed
102952,409,2024-02-27,3725.73,Completed
102953,784,2025-04-26,1282.6,Completed
102954,741,2024-05-24,1266.14,Completed
102955,352,2025-05-14,3293.53,Completed
102956,128,2025-06-05,1778.39,Completed
102957,877,2026-08-26,1296.27,Completed
102958,136,2025-01-12,1304.26,Completed
102959,424,2025-03-15,3737.15,Completed
102960,902,2025-05-12,2634.52,Completed
102961,414,2024-05-06,2099.15,Completed
102962,839,2024-02-28,843.38,Completed
102963,481,2025-11-21,2104.97,Completed
102964,751,2024-10-19,1567.48,Completed
102965,593,2024-12-18,994.71,Pending
102966,277,2026-08-23,1217.44,Cancelled
102967,900,2024-08-29,2830.03,Completed
102968,462,2026-05-29,4036.43,Completed
102969,451,2025-09-03,905.26,Completed
102970,660,2024-09-14,982.61,Cancelled
102971,934,2026-07-17,2826.32,Completed
102972,879,2025-08-28,1379.62,Completed
102973,389,2024-10-31,2578.16,Completed
102974,228,2025-03-15,1367.62,Completed
102975,315,2024-12-28,2619.11,Pending
102976,261,2026-04-02,737.02,Completed
102977,289,2025-03-28,2572.43,Pending
102978,426,2024-02-05,459.91,Completed
102979,25,2025-10-31,3284.61,Completed
102980,531,2026-01-06,1760.63,Completed
102981,859,2025-01-20,2397.89,Completed
102982,425,2026-06-15,2099.95,Cancelled
102983,80,2025-02-17,593.92,Completed
102984,385,2024-09-13,4376.39,Completed
102985,325,2025-11-12,2237.15,Completed
102986,597,2024-05-04,2942.91,Pending
102987,248,2026-08-16,1070.68,Completed
102988,294,2025-10-26,2104.95,Completed
102989,750,2024-11-03,768.24,Cancelled
102990,173,2024-03-20,1983.34,Completed
102991,936,2025-07-23,977.33,Cancelled
102992,291,2025-07-24,25000.0,Completed
102993,824,2026-02-11,2667.5,Cancelled
102994,83,2024-10-02,4275.26,Completed
102995,311,2024-07-25,1530.44,Completed
102996,371,2025-02-05,2332.96,Completed
102997,450,2026-03-07,3242.22,Completed
102998,92,2026-06-02,896.28,Completed
102999,245,2024-12-11,1162.54,Completed
103000,884,2024-02-16,3386.9,Completed
103001,927,2024-04-18,1562.13,Cancelled
103002,434,2025-06-13,1107.17,Cancelled
103003,119,2024-01-25,1194.41,Completed
103004,273,2025-12-05,813.17,Completed
103005,954,2024-02-02,503.69,Completed
103006,923,2025-02-16,597.68,Completed
103007,821,2026-02-15,1854.28,Cancelled
103008,871,2025-03-31,2785.25,Completed
103009,713,2025-10-18,9254.36,Cancelled
103010,624,2024-11-20,1752.22,Completed
103011,778,2026-02-11,783.34,Completed
103012,648,2025-02-19,1767.01,Pending
103013,333,2026-01-02,2842.52,Completed
103014,642,2026-07-15,3516.28,Completed
103015,290,2025-01-05,3301.29,Completed
103016,625,2024-08-13,2611.93,Completed
103017,375,2026-06-26,1915.02,Completed
103018,479,2025-10-24,2905.82,Completed
103019,180,2026-05-04,833.31,Completed
103020,959,2025-01-03,487.96,Completed
103021,752,2024-12-04,7017.46,Completed
103022,107,2024-04-30,1745.82,Completed
103023,468,2026-01-22,2546.76,Cancelled
103024,447,2026-04-01,291.32,Completed
103025,892,2026-03-08,4913.42,Cancelled
103026,760,2024-10-10,3815.6,Completed
103027,886,2025-04-20,650.6,Completed
103028,461,2025-04-24,1464.53,Completed
103029,155,2024-04-27,2140.06,Completed
103030,727,2024-01-01,791.62,Completed
103031,214,2024-11-21,2473.12,Completed
103032,638,2025-05-11,3551.76,Completed
103033,408,2026-08-20,2222.25,Cancelled
103034,342,2026-04-30,650.34,Completed
103035,119,2025-11-27,917.52,Completed
103036,807,2026-07-25,1660.83,Completed
103037,689,2026-01-23,1530.46,Completed
103038,336,2025-05-27,1550.8,Pending
103039,743,2026-06-06,1515.53,Completed
103040,987,2026-06-14,557.21,Completed
103041,727,2024-07-16,3038.8,Cancelled
103042,952,2024-10-02,2706.08,Completed
103043,464,2026-07-31,2527.75,Cancelled
103044,371,2024-01-06,2380.0,Completed
103045,852,2025-05-19,1496.48,Pending
103046,663,2025-01-07,1213.11,Completed
103047,608,2025-12-25,928.99,Completed
103048,644,2026-07-21,4907.13,Completed
103049,994,2024-11-05,1776.16,Completed
103050,686,2024-08-02,611.65,Pending
103051,823,2024-11-16,1766.14,Completed
103052,40,2025-11-27,464.41,Completed
103053,727,2024-12-15,2114.87,Completed
103054,309,2025-09-17,1975.31,Completed
103055,122,2024-12-04,1265.59,Completed
103056,274,2025-12-21,977.38,Completed
103057,840,2024-03-01,2594.42,Completed
103058,825,2024-11-29,1705.44,Completed
103059,298,2024-10-28,509.5,Completed
103060,189,2025-08-04,3936.59,Completed
103061,416,2025-09-21,977.16,Completed
103062,322,2025-12-08,764.12,Completed
103063,457,2026-05-27,4353.26,Completed
103064,788,2026-02-13,3584.13,Cancelled
103065,322,2024-02-10,1369.51,Completed
103066,172,2025-10-21,797.46,Completed
103067,108,2024-01-17,996.47,Cancelled
103068,684,2025-02-06,1354.47,Completed
103069,197,2025-07-30,3968.22,Completed
103070,216,2024-11-06,4176.75,Completed
103071,810,2025-11-11,2005.06,Cancelled
103072,93,2026-02-13,2746.6,Completed
103073,653,2025-08-14,1570.98,Completed
103074,15,2025-05-25,1020.66,Completed
103075,944,2026-08-04,678.68,Completed
103076,716,2025-09-26,2220.39,Completed
103077,829,2024-08-10,3231.77,Completed
103078,667,2025-09-30,1291.58,Completed
103079,399,2025-04-13,3894.93,Cancelled
103080,997,2024-01-24,1401.55,Completed
103081,790,2026-06-10,1900.7,Completed
103082,88,2026-02-13,1559.07,Cancelled
103083,576,2025-08-23,4020.83,Completed
103084,540,2025-10-16,2479.41,Completed
103085,282,2025-07-15,1732.99,Completed
103086,450,2024-11-29,1891.89,Completed
103087,976,2026-06-26,831.11,Completed
103088,86,2025-06-22,421.49,Pending
103089,932,2024-11-25,1274.2,Completed
103090,702,2025-10-28,1586.74,Completed
103091,111,2024-06-01,2542.41,Completed
103092,298,2024-11-06,1618.93,Completed
103093,849,2024-05-05,1326.84,Completed
103094,705,2024-03-23,264.97,Completed
103095,79,2026-03-10,2535.67,Completed
103096,147,2025-03-01,2064.63,Completed
103097,932,2026-04-13,3055.01,Cancelled
103098,156,2025-09-12,1832.18,Completed
103099,625,2024-08-15,3793.34,Completed
103100,997,2024-07-24,1258.52,Completed
103101,166,2025-03-20,1753.17,Completed
103102,47,2024-04-02,2104.58,Completed
103103,824,2025-07-23,2764.09,Completed
103104,952,2025-03-22,2359.51,Completed
103105,513,2024-05-15,2455.23,Completed
103106,231,2025-05-25,2143.65,Completed
103107,61,2026-04-05,1588.09,Completed
103108,917,2026-06-03,3233.64,Cancelled
103109,805,2025-02-11,606.22,Completed
103110,902,2024-03-12,1195.82,Pending
103111,792,2026-04-20,5065.66,Completed
103112,427,2025-06-20,1162.54,Completed
103113,475,2026-01-09,1710.85,Pending
103114,376,2024-02-13,4436.47,Completed
103115,736,2024-10-13,1658.35,Cancelled
103116,100,2024-10-04,1046.83,Completed
103117,43,2025-11-28,3922.47,Cancelled
103118,963,2025-10-24,1491.4,Completed
103119,310,2025-12-21,1559.1,Completed
103120,39,2025-01-21,496.86,Completed
103121,673,2024-10-29,1657.01,Completed
103122,396,2024-07-03,2805.88,Completed
103123,228,2024-09-03,1360.34,Completed
103124,429,2024-06-08,782.63,Completed
103125,443,2026-03-12,1317.17,Completed
103126,614,2025-10-21,1206.72,Cancelled
103127,935,2025-10-21,1526.42,Completed
103128,888,2026-05-12,1285.75,Completed
103129,834,2025-12-20,5310.92,Completed
103130,483,2024-11-07,2190.91,Completed
103131,557,2024-10-31,580.8,Completed
103132,130,2024-05-03,1885.62,Completed
103133,577,2025-12-03,1753.86,Completed
103134,671,2026-04-30,3912.57,Completed
103135,893,2025-11-26,1626.42,Completed
103136,48,2025-04-02,1596.33,Completed
103137,871,2024-11-20,6042.0,Completed
103138,517,2025-03-02,898.58,Pending
103139,88,2024-09-20,3023.1,Completed
103140,997,2024-06-09,1876.33,Cancelled
103141,459,2025-02-23,1299.82,Completed
103142,408,2024-08-18,1181.18,Completed
103143,187,2025-12-20,4352.35,Completed
103144,75,2026-06-01,2435.7,Completed
103145,84,2024-07-07,2660.49,Completed
103146,265,2024-01-06,3209.58,Completed
103147,287,2026-04-30,2247.96,Completed
103148,457,2024-10-12,903.16,Cancelled
103149,613,2024-09-05,648.02,Completed
103150,993,2026-04-12,4896.67,Completed
103151,798,2026-03-27,2060.6,Completed
103152,478,2025-07-18,1895.17,Cancelled
103153,918,2024-05-31,5816.87,Pending
103154,557,2025-11-17,901.18,Cancelled
103155,419,2025-12-20,349.07,Cancelled
103156,213,2025-03-07,554.48,Completed
103157,419,2025-06-30,1274.69,Completed
103158,44,2025-06-05,1942.45,Completed
103159,153,2025-10-05,4447.56,Pending
103160,946,2025-05-16,3113.91,Completed
103161,192,2026-08-05,340.49,Completed
103162,567,2024-02-04,11114.35,Completed
103163,102,2024-02-21,1378.42,Cancelled
103164,603,2024-05-27,3998.26,Completed
103165,976,2024-05-25,2566.89,Cancelled
103166,451,2025-04-30,1806.27,Pending
103167,126,2024-03-17,1542.96,Completed
103168,27,2024-07-05,873.5,Completed
103169,761,2025-05-20,779.33,Completed
103170,102,2026-05-25,1615.64,Completed
103171,309,2026-02-20,730.13,Completed
103172,852,2024-07-29,5253.69,Completed
103173,534,2024-02-23,1917.08,Completed
103174,880,2025-12-20,7015.01,Completed
103175,880,2026-01-28,1356.13,Completed
103176,662,2026-06-22,1226.24,Completed
103177,939,2025-02-25,2642.83,Completed
103178,40,2024-02-26,1520.83,Completed
103179,238,2026-07-05,3388.17,Completed
103180,274,2024-10-06,4584.26,Pending
103181,917,2025-01-07,3677.5,Completed
103182,623,2025-02-07,4369.55,Completed
103183,249,2026-08-16,3062.46,Pending
103184,205,2024-12-17,1259.74,Completed
103185,811,2025-06-25,3776.16,Completed
103186,868,2025-05-05,2832.69,Cancelled
103187,18,2026-08-21,1204.74,Completed
103188,357,2026-07-15,1308.25,Completed
103189,533,2025-09-06,1695.72,Completed
103190,233,2024-04-12,3707.09,Cancelled
103191,731,2024-12-02,1942.14,Completed
103192,762,2025-10-10,1793.4,Completed
103193,849,2026-02-20,1623.1,Completed
103194,790,2026-01-01,1430.62,Completed
103195,851,2025-04-18,844.71,Completed
103196,358,2025-10-14,3018.27,Cancelled
103197,292,2024-10-27,929.11,Completed
103198,308,2025-09-10,1880.89,Cancelled
103199,863,2025-04-10,1379.93,Completed
103200,651,2025-10-27,2962.12,Completed
103201,314,2026-04-28,1441.21,Cancelled
103202,727,2026-03-08,935.88,Cancelled
103203,232,2025-12-13,3424.1,Completed
103204,264,2026-01-17,1052.21,Completed
103205,3,2024-06-18,1990.39,Completed
103206,967,2024-06-28,4119.6,Completed
103207,233,2026-03-26,1119.85,Completed
103208,758,2025-06-10,1682.87,Pending
103209,118,2025-02-23,1360.05,Pending
103210,40,2025-10-09,1960.56,Completed
103211,674,2024-03-21,1721.65,Completed
103212,98,2024-06-09,3274.11,Completed
103213,145,2024-05-23,1202.4,Completed
103214,321,2025-07-04,4120.63,Completed
103215,586,2024-03-05,5108.06,Cancelled
103216,22,2024-02-13,2126.63,Completed
103217,125,2025-10-20,1077.01,Completed
103218,330,2025-12-16,1752.54,Completed
103219,705,2024-09-07,1659.66,Completed
103220,98,2025-11-03,5696.35,Cancelled
103221,281,2024-04-03,1683.25,Completed
103222,190,2025-02-02,4422.06,Completed
103223,301,2024-12-21,1935.24,Completed
103224,256,2024-12-03,1854.43,Completed
103225,641,2026-04-23,1429.65,Completed
103226,67,2024-03-17,1519.04,Completed
103227,941,2025-09-03,3209.46,Completed
103228,243,2024-09-23,1119.51,Completed
103229,992,2025-04-18,3358.91,Pending
103230,734,2024-07-14,4592.18,Completed
103231,350,2025-12-14,1225.2,Completed
103232,295,2024-02-29,3947.05,Completed
103233,949,2024-03-14,3557.8,Completed
103234,997,2024-11-15,3166.97,Pending
103235,615,2026-05-08,1190.47,Completed
103236,49,2024-01-24,1665.58,Cancelled
103237,912,2024-06-21,1664.1,Completed
103238,470,2025-04-23,7005.72,Completed
103239,31,2024-01-21,1788.26,Completed
103240,808,2025-06-03,1597.83,Completed
103241,37,2024-12-18,853.53,Completed
103242,365,2025-09-20,957.03,Completed
103243,76,2024-02-26,1153.83,Completed
103244,431,2024-06-20,2276.54,Completed
103245,811,2024-06-11,713.3,Completed
103246,127,2025-12-18,1167.62,Completed
103247,137,2025-12-20,536.95,Completed
103248,959,2024-04-23,4477.32,Completed
103249,175,2025-01-28,1928.9,Pending
103250,111,2025-11-15,2202.41,Completed
103251,586,2024-01-07,886.3,Pending
103252,274,2024-04-07,3829.09,Completed
103253,960,2025-09-18,4781.61,Cancelled
103254,164,2025-07-03,1880.03,Completed
103255,567,2025-11-19,1318.32,Completed
103256,925,2025-03-30,2577.31,Cancelled
103257,737,2026-05-27,2902.01,Completed
103258,33,2024-05-02,3169.28,Cancelled
103259,185,2024-05-30,2771.3,Cancelled
103260,124,2025-09-10,3368.21,Completed
103261,919,2026-04-14,1147.49,Completed
103262,199,2024-01-23,3256.09,Completed
103263,58,2025-11-20,1340.2,Completed
103264,376,2026-08-04,352.16,Completed
103265,279,2025-07-02,1332.22,Completed
103266,164,2026-03-19,1255.77,Completed
103267,447,2024-09-11,2105.31,Pending
103268,906,2026-02-22,3103.35,Completed
103269,223,2025-03-21,2040.34,Completed
103270,981,2024-10-17,6641.92,Completed
103271,664,2024-07-11,1279.56,Completed
103272,376,2026-04-09,494.49,Completed
103273,679,2025-11-29,2156.49,Completed
103274,341,2026-02-06,1263.18,Completed
103275,208,2025-11-15,888.78,Completed
103276,232,2024-09-05,1483.48,Completed
103277,13,2024-07-05,1081.74,Pending
103278,650,2025-09-22,1153.35,Completed
103279,76,2024-09-02,4842.42,Completed
103280,195,2025-09-22,1951.5,Completed
103281,1,2026-05-26,1514.83,Completed
103282,65,2025-12-29,5084.7,Completed
103283,911,2025-04-03,1485.46,Completed
103284,28,2026-06-03,809.13,Completed
103285,623,2025-06-20,760.02,Completed
103286,318,2025-04-02,1708.8,Completed
103287,137,2026-07-21,618.98,Pending
103288,293,2024-11-22,840.04,Completed
103289,92,2024-07-20,1404.91,Completed
103290,304,2024-05-15,3756.72,Completed
103291,825,2025-09-02,4168.12,Completed
103292,621,2025-05-11,2763.66,Completed
103293,819,2026-01-23,1795.47,Completed
103294,697,2024-05-22,1242.37,Completed
103295,931,2024-11-06,2316.88,Completed
103296,108,2024-04-27,5732.0,Completed
103297,159,2024-10-27,1973.3,Completed
103298,408,2026-07-23,1333.07,Completed
103299,520,2026-05-22,1624.67,Completed
103300,788,2025-04-27,1513.52,Pending
103301,121,2024-04-06,2571.48,Completed
103302,110,2026-08-26,1095.71,Completed
103303,802,2024-06-02,2343.87,Completed
103304,549,2024-04-08,2604.11,Completed
103305,409,2025-02-03,2251.1,Completed
103306,219,2026-07-04,888.45,Completed
103307,696,2026-02-15,1633.34,Completed
103308,809,2024-12-15,1278.09,Completed
103309,34,2025-03-18,1715.63,Completed
103310,56,2024-02-28,1167.06,Completed
103311,782,2024-09-20,4038.85,Completed
103312,891,2025-10-14,2032.49,Completed
103313,227,2025-02-12,628.76,Completed
103314,708,2026-08-10,758.41,Completed
103315,852,2025-03-09,3938.81,Completed
103316,112,2026-04-03,1601.18,Completed
103317,183,2025-12-08,1397.12,Completed
103318,128,2025-05-08,3748.43,Completed
103319,794,2026-04-25,1631.17,Completed
103320,775,2026-04-27,827.75,Completed
103321,133,2024-11-08,864.87,Completed
103322,173,2024-09-27,2706.54,Pending
103323,664,2025-11-20,6732.43,Cancelled
103324,903,2024-01-27,3106.52,Completed
103325,783,2025-11-13,1404.33,Completed
103326,167,2025-02-27,1553.36,Completed
103327,381,2026-01-16,1857.62,Completed
103328,67,2024-05-06,484.23,Completed
103329,242,2025-07-13,1827.67,Completed
103330,561,2025-06-05,2631.22,Pending
103331,338,2024-01-15,5698.46,Completed
103332,609,2025-05-25,3657.44,Completed
103333,291,2025-09-30,6310.64,Completed
103334,562,2025-01-29,5366.44,Pending
103335,635,2025-08-18,4456.38,Completed
103336,191,2024-11-13,1830.92,Pending
103337,47,2025-08-18,2252.28,Completed
103338,330,2024-08-24,607.85,Completed
103339,44,2024-09-30,1959.16,Completed
103340,159,2024-03-10,2600.73,Completed
103341,283,2024-04-05,1497.21,Completed
103342,332,2024-05-10,660.82,Completed
103343,274,2024-07-03,5035.98,Completed
103344,56,2025-11-30,2343.7,Completed
103345,176,2024-07-29,5507.9,Completed
103346,889,2024-12-11,2915.96,Completed
103347,720,2024-06-17,4380.99,Completed
103348,438,2025-02-16,3833.56,Completed
103349,28,2024-08-25,1157.38,Completed
103350,350,2024-11-15,1292.99,Cancelled
103351,929,2024-03-07,1362.53,Completed
103352,818,2025-05-06,960.46,Completed
103353,762,2024-09-19,5669.58,Completed
103354,246,2025-09-25,1850.14,Completed
103355,399,2026-08-28,2426.54,Cancelled
103356,33,2025-04-17,757.76,Completed
103357,868,2025-05-12,3064.44,Completed
103358,112,2026-03-19,1379.39,Cancelled
103359,620,2024-12-01,4085.39,Completed
103360,278,2024-05-17,1152.89,Completed
103361,569,2025-12-02,4278.12,Completed
103362,835,2025-09-24,3317.95,Completed
103363,304,2025-04-01,1329.88,Completed
103364,20,2025-01-11,4523.94,Completed
103365,663,2024-01-29,3798.12,Completed
103366,530,2025-06-26,2474.52,Completed
103367,138,2025-06-16,943.59,Completed
103368,51,2025-05-16,3027.87,Completed
103369,522,2024-10-22,1878.91,Completed
103370,616,2024-05-27,1858.67,Completed
103371,114,2025-07-09,1888.49,Completed
103372,601,2025-08-26,1765.1,Completed
103373,439,2024-06-17,1025.45,Completed
103374,136,2024-04-27,672.2,Completed
103375,618,2025-04-14,587.83,Completed
103376,648,2024-02-16,2186.62,Pending
103377,155,2024-07-07,372.44,Completed
103378,673,2025-09-11,2885.88,Completed
103379,219,2024-10-17,2501.26,Completed
103380,599,2025-03-24,1478.48,Completed
103381,821,2025-10-30,3507.94,Completed
103382,940,2024-06-20,1520.04,Pending
103383,253,2024-08-09,2362.82,Completed
103384,332,2024-10-16,504.08,Completed
103385,96,2025-02-09,419.2,Completed
103386,970,2025-06-28,1544.69,Cancelled
103387,321,2024-03-12,2369.41,Completed
103388,809,2025-04-06,3338.28,Completed
103389,938,2025-10-30,1604.11,Cancelled
103390,470,2026-04-08,2112.89,Completed
103391,693,2025-06-08,3000.69,Completed
103392,466,2025-08-31,1656.56,Completed
103393,576,2026-03-02,2636.64,Completed
103394,247,2025-12-08,864.21,Cancelled
103395,850,2025-06-04,613.3,Completed
103396,122,2025-07-04,1272.23,Completed
103397,661,2026-08-25,2978.37,Completed
103398,924,2026-01-06,1133.84,Completed
103399,819,2024-08-22,2747.83,Completed
103400,763,2025-03-17,923.35,Completed
103401,657,2025-12-23,1232.63,Completed
103402,949,2025-05-23,2106.68,Cancelled
103403,872,2025-02-24,1166.45,Completed
103404,272,2025-08-14,1302.28,Completed
103405,625,2024-12-31,330.32,Completed
103406,424,2025-10-21,3105.88,Completed
103407,263,2025-12-12,1666.45,Completed
103408,825,2026-05-23,973.68,Completed
103409,44,2026-07-18,5923.81,Completed
103410,127,2025-11-23,1077.72,Completed
103411,104,2026-01-05,1287.48,Cancelled
103412,199,2026-01-21,963.32,Cancelled
103413,510,2024-11-17,3688.57,Completed
103414,944,2026-06-09,4571.09,Completed
103415,972,2025-05-11,4283.7,Completed
103416,905,2026-04-24,4257.24,Completed
103417,764,2024-07-30,1220.84,Completed
103418,453,2024-10-28,5338.08,Completed
103419,779,2025-08-26,1585.09,Cancelled
103420,266,2025-07-16,660.39,Cancelled
103421,664,2025-01-26,1364.21,Completed
103422,12,2024-08-02,2224.78,Completed
103423,908,2024-08-09,1183.71,Cancelled
103424,972,2025-12-08,1980.34,Completed
103425,741,2024-01-21,2551.22,Completed
103426,173,2024-04-26,2350.63,Completed
103427,256,2026-06-19,2755.57,Completed
103428,746,2026-08-10,1601.2,Completed
103429,495,2024-03-17,1121.93,Completed
103430,547,2024-05-18,692.24,Completed
103431,400,2024-11-16,1699.92,Completed
103432,845,2025-07-24,1269.45,Completed
103433,165,2024-07-04,1666.65,Completed
103434,435,2026-08-13,468.56,Pending
103435,219,2025-04-25,670.86,Cancelled
103436,692,2025-06-06,2507.47,Completed
103437,281,2024-07-08,621.71,Completed
103438,293,2024-10-26,1590.84,Cancelled
103439,172,2025-12-17,1048.93,Completed
103440,871,2025-09-07,1006.49,Completed
103441,213,2024-08-06,1902.63,Completed
103442,877,2025-03-05,1833.73,Completed
103443,921,2024-06-29,2567.33,Completed
103444,965,2025-01-31,879.4,Completed
103445,337,2024-07-30,1012.97,Completed
103446,656,2026-08-11,3735.52,Completed
103447,835,2024-10-16,1555.47,Completed
103448,80,2025-04-06,2283.28,Completed
103449,65,2025-09-16,1302.99,Completed
103450,204,2024-02-09,2419.83,Completed
103451,981,2024-07-22,357.04,Completed
103452,89,2026-08-20,3804.55,Completed
103453,768,2025-11-09,1338.9,Pending
103454,849,2024-08-23,799.31,Completed
103455,912,2025-02-22,902.27,Completed
103456,527,2026-04-14,1516.57,Completed
103457,523,2024-07-10,1675.36,Completed
103458,748,2024-10-17,1973.01,Cancelled
103459,636,2024-08-21,829.08,Completed
103460,791,2025-10-08,3171.0,Completed
103461,353,2025-05-28,1280.19,Completed
103462,936,2025-05-02,1239.22,Completed
103463,427,2025-01-03,1553.81,Completed
103464,246,2024-11-15,2769.39,Completed
103465,755,2025-05-14,1760.77,Pending
103466,622,2026-02-16,1265.24,Completed
103467,53,2026-03-01,1458.42,Completed
103468,166,2026-02-02,3975.85,Completed
103469,40,2024-02-14,3574.33,Completed
103470,576,2025-04-21,2283.21,Completed
103471,882,2025-01-17,1982.55,Completed
103472,313,2026-06-28,8098.11,Pending
103473,109,2025-02-08,2432.87,Completed
103474,861,2024-08-28,2024.22,Completed
103475,725,2024-09-01,1578.43,Completed
103476,543,2025-03-05,2269.84,Completed
103477,197,2024-09-14,248.67,Completed
103478,672,2025-07-05,3510.65,Cancelled
103479,358,2024-08-12,787.52,Completed
103480,243,2025-07-23,1128.66,Completed
103481,288,2025-08-22,724.46,Completed
103482,62,2025-10-13,1115.29,Completed
103483,482,2026-05-08,1442.78,Completed
103484,758,2024-03-15,3208.7,Completed
103485,834,2024-02-21,4160.68,Completed
103486,730,2025-03-23,6356.67,Completed
103487,883,2025-05-17,1923.68,Pending
103488,965,2026-01-07,1561.11,Cancelled
103489,219,2024-08-08,2987.71,Completed
103490,428,2025-03-18,1033.13,Cancelled
103491,330,2025-08-17,960.77,Completed
103492,684,2025-09-30,1417.79,Cancelled
103493,846,2025-06-12,1760.84,Completed
103494,896,2025-07-28,469.7,Completed
103495,89,2024-06-08,3601.33,Completed
103496,513,2025-03-28,2103.99,Completed
103497,117,2025-06-10,3024.1,Cancelled
103498,321,2024-03-17,648.54,Completed
103499,473,2026-07-31,1168.23,Pending
103500,621,2025-09-08,1130.35,Completed
103501,794,2025-11-29,1577.76,Completed
103502,995,2025-06-04,1761.16,Completed
103503,329,2026-06-24,3167.74,Completed
103504,558,2024-01-06,1919.34,Completed
103505,72,2026-07-21,1111.71,Completed
103506,111,2024-07-20,7461.83,Cancelled
103507,968,2026-05-10,1514.62,Completed
103508,941,2024-02-29,998.35,Completed
103509,941,2024-10-31,528.58,Completed
103510,260,2025-07-08,1908.95,Completed
103511,653,2025-10-01,2820.14,Cancelled
103512,227,2024-01-15,857.96,Completed
103513,681,2024-12-15,2702.1,Completed
103514,477,2026-03-30,1900.57,Completed
103515,937,2024-06-27,568.42,Completed
103516,368,2026-07-10,2703.33,Completed
103517,645,2025-11-22,1515.13,Completed
103518,660,2026-08-07,865.73,Cancelled
103519,792,2026-05-28,3352.72,Completed
103520,54,2024-08-08,3311.49,Completed
103521,457,2026-07-04,853.61,Completed
103522,446,2025-04-26,2178.27,Completed
103523,226,2024-09-08,2054.26,Completed
103524,811,2026-05-17,1722.26,Cancelled
103525,840,2025-04-02,1287.38,Completed
103526,82,2025-10-30,1634.46,Completed
103527,683,2025-08-16,3312.87,Completed
103528,870,2024-10-17,2348.4,Completed
103529,285,2026-08-14,514.11,Completed
103530,634,2026-03-22,446.88,Completed
103531,624,2025-05-29,538.3,Completed
103532,22,2025-07-12,744.49,Completed
103533,824,2024-03-08,1101.78,Completed
103534,755,2025-12-11,1341.15,Pending
103535,267,2026-06-04,1724.91,Completed
103536,305,2026-08-01,1760.84,Completed
103537,771,2025-06-28,1744.02,Completed
103538,808,2026-08-28,3785.38,Completed
103539,74,2026-02-15,605.28,Pending
103540,351,2025-05-06,2236.38,Completed
103541,625,2026-02-17,2229.33,Completed
103542,126,2024-06-01,792.19,Cancelled
103543,1000,2025-10-19,2546.57,Completed
103544,206,2025-08-25,2293.22,Completed
103545,874,2025-04-24,1750.1,Completed
103546,65,2025-09-18,373.92,Completed
103547,883,2026-04-09,3367.76,Completed
103548,43,2025-07-10,2085.76,Completed
103549,680,2025-01-03,2339.91,Completed
103550,352,2025-02-14,198.66,Completed
103551,454,2025-07-06,1274.18,Cancelled
103552,108,2025-07-19,708.85,Completed
103553,677,2024-11-01,4172.48,Completed
103554,623,2025-06-03,877.68,Completed
103555,312,2024-10-06,4708.22,Completed
103556,466,2026-07-08,3343.9,Completed
103557,551,2025-06-04,2078.54,Completed
103558,686,2026-03-25,3765.16,Completed
103559,536,2025-01-04,974.25,Completed
103560,60,2025-01-18,1094.57,Completed
103561,542,2024-10-07,3278.29,Completed
103562,341,2025-07-09,977.17,Completed
103563,409,2025-08-22,760.34,Completed
103564,363,2025-07-04,1460.74,Completed
103565,346,2026-03-25,1014.5,Completed
103566,234,2025-05-11,6051.39,Completed
103567,321,2026-03-09,2979.54,Completed
103568,715,2024-02-26,1237.88,Completed
103569,222,2024-12-16,938.85,Completed
103570,763,2025-11-24,2243.23,Completed
103571,432,2025-01-08,3894.99,Completed
103572,613,2025-12-12,2174.67,Completed
103573,118,2025-07-29,970.07,Completed
103574,204,2025-04-16,707.46,Completed
103575,907,2025-06-26,1407.8,Completed
103576,839,2026-05-27,2210.22,Completed
103577,72,2025-10-22,1325.74,Completed
103578,908,2026-08-15,3465.3,Completed
103579,846,2024-04-03,2535.65,Completed
103580,136,2026-03-01,2100.27,Completed
103581,240,2026-05-17,2503.35,Cancelled
103582,176,2026-06-21,729.67,Completed
103583,863,2025-06-08,1302.05,Completed
103584,863,2025-04-19,915.42,Cancelled
103585,725,2025-07-21,2310.9,Completed
103586,247,2026-06-08,924.53,Completed
103587,925,2026-04-23,1898.47,Completed
103588,858,2026-06-28,1617.46,Completed
103589,878,2026-07-31,2658.55,Pending
103590,352,2025-08-29,826.92,Completed
103591,703,2024-09-09,2414.35,Cancelled
103592,675,2024-05-26,898.19,Cancelled
103593,151,2026-05-23,961.73,Cancelled
103594,584,2024-05-28,1640.66,Completed
103595,548,2024-03-09,3912.2,Completed
103596,585,2025-04-04,1041.59,Completed
103597,333,2025-12-24,566.78,Completed
103598,670,2025-12-16,973.71,Cancelled
103599,892,2024-09-04,1401.34,Completed
103600,606,2025-05-02,6065.8,Completed
103601,880,2026-05-20,2316.83,Pending
103602,775,2026-02-17,1103.15,Completed
103603,305,2026-06-10,1642.08,Cancelled
103604,742,2026-01-19,4997.39,Completed
103605,672,2024-03-29,1539.63,Completed
103606,945,2024-07-17,1551.69,Completed
103607,332,2024-06-13,1383.0,Completed
103608,164,2024-05-09,2829.87,Cancelled
103609,678,2026-04-15,1279.25,Completed
103610,634,2025-11-17,3173.3,Completed
103611,616,2026-06-08,3591.56,Cancelled
103612,746,2024-11-07,2681.98,Completed
103613,506,2026-08-11,1555.9,Completed
103614,34,2026-06-25,725.27,Completed
103615,886,2024-04-13,1556.13,Pending
103616,274,2026-04-25,1165.57,Cancelled
103617,244,2024-04-17,1084.83,Completed
103618,822,2025-03-15,1540.64,Completed
103619,804,2024-06-24,2457.86,Pending
103620,502,2025-07-18,1200.77,Cancelled
103621,689,2024-01-18,736.5,Completed
103622,82,2026-04-04,965.22,Completed
103623,278,2025-04-08,5400.61,Completed
103624,241,2026-04-27,2571.44,Completed
103625,418,2025-02-25,965.86,Completed
103626,350,2025-06-25,4160.52,Completed
103627,72,2025-12-19,1540.05,Completed
103628,687,2026-08-03,7912.97,Cancelled
103629,599,2024-12-30,2134.26,Completed
103630,373,2025-05-21,2599.64,Cancelled
103631,894,2024-11-11,3101.93,Completed
103632,353,2024-02-09,4728.8,Pending
103633,118,2026-04-29,1353.15,Completed
103634,858,2025-07-01,4470.48,Completed
103635,130,2024-12-28,1200.0,Completed
103636,74,2026-01-26,1423.11,Completed
103637,468,2026-03-07,1810.47,Completed
103638,579,2026-08-16,3274.18,Completed
103639,278,2025-03-01,1452.3,Completed
103640,849,2024-04-12,5263.29,Cancelled
103641,274,2025-04-17,4263.03,Completed
103642,965,2025-03-04,1846.93,Completed
103643,640,2024-07-20,960.65,Completed
103644,182,2025-07-24,3450.48,Completed
103645,407,2025-02-06,460.99,Completed
103646,77,2026-05-07,2914.29,Completed
103647,854,2024-02-16,1053.7,Completed
103648,650,2025-11-27,4072.91,Completed
103649,424,2025-08-08,731.26,Completed
103650,679,2024-08-13,1170.42,Completed
103651,617,2024-12-08,2393.08,Completed
103652,601,2026-04-16,2661.35,Completed
103653,395,2024-12-20,1198.2,Cancelled
103654,345,2025-10-08,1450.5,Completed
103655,253,2025-05-13,3343.44,Pending
103656,791,2026-05-20,3463.24,Completed
103657,465,2025-10-04,1432.1,Pending
103658,463,2026-03-22,1213.07,Completed
103659,725,2026-05-29,739.28,Completed
103660,529,2024-05-05,2122.62,Completed
103661,955,2026-03-22,3052.61,Pending
103662,238,2026-07-23,1986.09,Completed
103663,45,2024-02-05,986.63,Completed
103664,418,2025-03-18,5748.99,Completed
103665,530,2024-09-04,458.67,Completed
103666,829,2026-08-14,3185.58,Completed
103667,638,2024-12-08,2072.28,Completed
103668,941,2024-06-30,2441.05,Completed
103669,86,2024-04-03,1079.34,Completed
103670,534,2026-02-10,1630.22,Completed
103671,836,2024-02-27,2178.13,Completed
103672,497,2024-10-23,1702.34,Completed
103673,273,2025-06-23,560.93,Completed
103674,771,2024-02-13,5478.94,Completed
103675,882,2024-06-19,2746.74,Completed
103676,257,2026-08-25,1840.93,Completed
103677,551,2025-03-21,1919.75,Pending
103678,811,2024-10-22,5377.46,Completed
103679,152,2026-04-26,1110.73,Completed
103680,15,2024-03-19,959.29,Cancelled
103681,746,2024-09-14,3127.82,Cancelled
103682,758,2026-04-17,2431.57,Completed
103683,156,2026-01-02,933.66,Completed
103684,599,2025-02-24,3652.57,Completed
103685,725,2026-08-12,2180.4,Completed
103686,964,2025-07-14,1004.12,Completed
103687,816,2025-12-26,2475.64,Completed
103688,216,2026-08-16,2246.19,Completed
103689,576,2025-05-05,1699.88,Completed
103690,738,2025-04-12,2310.79,Completed
103691,269,2025-10-07,2704.21,Completed
103692,163,2024-03-06,3260.93,Completed
103693,431,2025-02-21,1930.02,Completed
103694,723,2025-11-03,1509.66,Completed
103695,527,2025-01-03,2102.6,Cancelled
103696,606,2025-11-22,3903.44,Completed
103697,667,2025-01-27,2710.8,Cancelled
103698,958,2024-07-07,1455.59,Pending
103699,636,2024-05-22,1866.31,Completed
103700,133,2025-06-14,5314.64,Cancelled
103701,397,2024-07-07,2929.48,Completed
103702,169,2024-12-25,1986.68,Completed
103703,763,2025-05-20,3777.39,Completed
103704,998,2024-02-18,1264.63,Completed
103705,775,2025-02-13,2229.05,Completed
103706,244,2024-10-30,6091.78,Pending
103707,697,2024-11-01,2752.73,Completed
103708,25,2026-06-03,5162.08,Completed
103709,270,2026-06-18,1704.62,Pending
103710,296,2024-10-19,1320.82,Cancelled
103711,463,2026-05-07,3826.41,Completed
103712,312,2024-08-05,548.47,Completed
103713,427,2024-12-03,2023.67,Completed
103714,14,2026-07-04,3517.87,Completed
103715,824,2024-04-08,2594.57,Completed
103716,392,2025-01-07,458.94,Completed
103717,816,2026-02-22,750.43,Cancelled
103718,59,2026-07-04,1671.02,Completed
103719,874,2026-07-11,2450.89,Completed
103720,628,2026-05-06,2514.24,Completed
103721,228,2026-07-27,1792.8,Completed
103722,758,2025-04-02,2893.43,Cancelled
103723,753,2024-11-10,2391.14,Completed
103724,732,2025-01-09,1655.64,Completed
103725,878,2024-04-27,2552.89,Completed
103726,956,2024-05-13,1181.68,Cancelled
103727,166,2026-08-05,2722.96,Completed
103728,278,2024-07-04,1038.0,Completed
103729,43,2025-08-22,2471.01,Completed
103730,67,2024-08-14,2431.83,Completed
103731,104,2025-10-08,1482.19,Pending
103732,692,2025-04-02,2719.65,Completed
103733,609,2024-04-12,4906.4,Completed
103734,39,2024-12-28,927.54,Pending
103735,418,2025-12-11,3346.84,Completed
103736,110,2026-02-17,3647.37,Completed
103737,192,2024-10-08,1573.13,Completed
103738,57,2024-10-15,3029.42,Pending
103739,527,2025-12-10,1525.49,Pending
103740,82,2025-02-17,4072.75,Completed
103741,790,2024-03-09,303.45,Completed
103742,935,2024-04-29,4604.18,Completed
103743,865,2024-12-29,873.55,Completed
103744,831,2024-09-20,1908.4,Completed
103745,757,2024-04-25,1060.48,Cancelled
103746,916,2026-01-31,4761.29,Completed
103747,892,2025-03-22,1551.0,Completed
103748,212,2025-11-19,1265.44,Completed
103749,606,2024-01-02,3728.12,Completed
103750,298,2025-01-26,2897.0,Completed
103751,846,2025-04-10,1449.07,Completed
103752,14,2025-07-15,945.08,Completed
103753,414,2026-07-30,865.65,Pending
103754,373,2025-03-21,4123.0,Completed
103755,862,2025-04-21,2363.38,Completed
103756,289,2026-05-21,2014.77,Completed
103757,902,2025-01-22,2478.7,Completed
103758,490,2025-01-19,507.21,Cancelled
103759,685,2024-06-04,1457.68,Completed
103760,529,2025-12-03,1483.06,Completed
103761,426,2024-01-19,3406.51,Completed
103762,297,2024-07-31,692.72,Cancelled
103763,278,2025-02-10,3570.33,Cancelled
103764,641,2025-02-26,5778.6,Completed
103765,316,2024-02-07,588.83,Completed
103766,872,2025-05-30,1819.59,Cancelled
103767,130,2026-08-03,2490.19,Cancelled
103768,211,2024-04-11,3174.9,Pending
103769,49,2025-04-25,440.8,Completed
103770,872,2025-07-25,2241.71,Completed
103771,411,2024-11-11,1561.43,Completed
103772,39,2025-07-13,1497.29,Cancelled
103773,45,2024-11-27,6907.94,Cancelled
103774,922,2024-06-03,1564.67,Completed
103775,888,2026-03-28,2411.36,Completed
103776,274,2026-08-29,1664.58,Completed
103777,651,2025-01-10,2105.57,Completed
103778,249,2024-03-30,2577.97,Completed
103779,853,2024-06-08,3217.03,Completed
103780,719,2026-05-21,1086.28,Completed
103781,438,2026-05-07,1987.73,Completed
103782,932,2025-04-23,2033.91,Completed
103783,221,2026-04-27,616.66,Completed
103784,998,2024-08-04,968.42,Cancelled
103785,285,2025-01-24,3211.98,Completed
103786,895,2024-04-19,1333.39,Completed
103787,864,2025-06-14,9831.47,Completed
103788,561,2025-11-11,3366.19,Completed
103789,121,2026-07-24,2414.49,Completed
103790,757,2026-01-04,4804.46,Completed
103791,698,2025-10-08,2974.44,Pending
103792,873,2025-10-17,2028.99,Completed
103793,223,2025-09-04,717.9,Completed
103794,237,2025-02-12,2773.9,Pending
103795,346,2025-05-01,4462.24,Cancelled
103796,360,2024-06-16,1224.36,Completed
103797,4,2024-01-20,549.29,Cancelled
103798,153,2026-02-07,898.3,Completed
103799,472,2025-04-27,5647.19,Cancelled
103800,968,2026-04-27,1896.32,Completed
103801,127,2024-04-28,4648.92,Completed
103802,240,2025-01-16,1822.42,Pending
103803,868,2024-09-07,1303.49,Cancelled
103804,43,2026-03-29,7208.59,Completed
103805,98,2025-01-01,1413.73,Completed
103806,896,2025-09-10,1530.95,Cancelled
103807,248,2024-03-23,2428.27,Completed
103808,300,2025-05-27,1490.66,Completed
103809,18,2025-03-05,2984.99,Completed
103810,403,2025-08-17,2405.23,Pending
103811,993,2025-07-23,2467.93,Completed
103812,984,2024-04-14,1205.59,Completed
103813,642,2024-02-18,610.93,Completed
103814,675,2024-05-02,1047.98,Completed
103815,645,2024-07-30,1109.81,Completed
103816,695,2025-12-08,2177.11,Completed
103817,517,2024-09-18,1059.7,Completed
103818,203,2026-08-01,694.43,Cancelled
103819,876,2024-03-25,854.28,Completed
103820,887,2025-05-09,2315.76,Completed
103821,142,2025-11-27,2814.0,Completed
103822,94,2024-02-22,1294.95,Cancelled
103823,797,2025-05-15,1387.83,Completed
103824,51,2024-03-07,2682.83,Completed
103825,815,2026-02-07,2004.42,Completed
103826,981,2025-03-30,3891.26,Completed
103827,40,2026-04-21,1624.67,Completed
103828,805,2025-10-01,1048.49,Completed
103829,130,2024-11-04,3647.18,Cancelled
103830,285,2024-05-30,1470.27,Completed
103831,547,2024-06-03,1077.99,Cancelled
103832,680,2024-02-02,3215.93,Pending
103833,91,2024-10-19,4617.24,Completed
103834,109,2025-12-10,2027.69,Completed
103835,279,2024-12-11,937.07,Completed
103836,681,2024-05-22,4881.22,Completed
103837,400,2024-03-18,2299.42,Completed
103838,273,2025-03-02,2076.36,Completed
103839,156,2024-07-23,1384.31,Completed
103840,969,2025-12-15,3751.57,Pending
103841,705,2024-11-23,875.71,Cancelled
103842,987,2024-05-01,823.13,Completed
103843,488,2024-09-22,6167.02,Completed
103844,826,2025-03-06,1027.58,Completed
103845,641,2024-02-06,3358.79,Cancelled
103846,522,2024-04-18,4409.54,Completed
103847,467,2026-07-24,2063.48,Completed
103848,495,2024-12-04,1015.24,Completed
103849,409,2025-12-28,2710.52,Cancelled
103850,641,2026-06-06,4447.94,Cancelled
103851,485,2024-04-20,2248.81,Pending
103852,971,2025-10-29,1108.04,Completed
103853,905,2026-03-21,2196.2,Completed
103854,458,2024-01-23,731.82,Completed
103855,392,2024-10-29,955.91,Completed
103856,763,2024-05-10,1521.46,Completed
103857,644,2024-01-31,1873.44,Completed
103858,229,2024-10-12,824.04,Completed
103859,843,2024-06-26,2117.24,Completed
103860,682,2026-05-21,2526.57,Cancelled
103861,622,2024-08-18,1565.52,Completed
103862,787,2025-12-27,442.62,Completed
103863,223,2024-02-20,1926.46,Completed
103864,807,2025-08-23,5855.88,Completed
103865,121,2025-11-07,2423.73,Completed
103866,797,2024-05-28,1818.37,Completed
103867,593,2025-02-23,1412.97,Completed
103868,581,2026-06-22,2619.32,Completed
103869,733,2025-08-20,2061.17,Completed
103870,302,2026-02-25,2850.63,Cancelled
103871,773,2025-02-17,882.65,Cancelled
103872,29,2024-08-20,1947.71,Completed
103873,693,2025-04-02,1333.77,Completed
103874,798,2025-01-28,2291.77,Completed
103875,4,2026-08-14,508.22,Completed
103876,695,2025-02-20,1394.47,Completed
103877,778,2025-09-02,2560.95,Completed
103878,520,2025-07-25,2843.99,Pending
103879,606,2024-12-27,1764.68,Completed
103880,61,2024-12-30,441.99,Completed
103881,989,2026-04-01,2730.97,Completed
103882,967,2024-07-23,5040.36,Completed
103883,768,2025-02-08,1043.5,Cancelled
103884,18,2025-10-10,1364.75,Completed
103885,425,2024-02-25,3040.55,Completed
103886,825,2025-10-21,3093.79,Completed
103887,675,2026-03-21,3672.45,Completed
103888,909,2025-03-06,3480.93,Completed
103889,618,2025-07-21,664.88,Completed
103890,716,2025-04-18,1318.1,Completed
103891,330,2025-10-09,2704.65,Completed
103892,821,2024-02-19,1701.96,Completed
103893,531,2025-08-23,2283.29,Completed
103894,807,2025-03-19,1653.69,Completed
103895,201,2024-02-04,1355.93,Completed
103896,266,2026-02-17,1538.13,Completed
103897,88,2024-05-27,868.14,Completed
103898,675,2025-07-29,1124.72,Pending
103899,737,2026-04-07,1723.36,Pending
103900,280,2026-06-14,1743.86,Cancelled
103901,377,2025-09-03,2603.1,Completed
103902,569,2025-11-28,1495.45,Completed
103903,761,2025-07-23,5349.69,Completed
103904,296,2026-01-26,4003.78,Pending
103905,480,2026-08-07,1298.55,Pending
103906,183,2025-03-22,2046.98,Completed
103907,818,2025-02-05,3959.56,Completed
103908,881,2024-06-17,1186.88,Completed
103909,746,2026-08-10,1107.11,Completed
103910,823,2026-06-06,4188.59,Completed
103911,768,2025-11-18,2821.26,Completed
103912,845,2025-10-03,3617.42,Completed
103913,424,2024-07-18,2209.61,Cancelled
103914,203,2026-06-03,1525.17,Cancelled
103915,963,2024-02-26,752.44,Cancelled
103916,3,2025-08-23,1967.46,Completed
103917,401,2024-09-03,4009.42,Completed
103918,732,2025-03-18,4040.06,Completed
103919,797,2024-04-02,3610.25,Completed
103920,684,2024-05-11,3002.61,Pending
103921,481,2025-01-01,7575.97,Completed
103922,926,2025-01-21,656.5,Completed
103923,233,2026-05-07,2091.54,Completed
103924,140,2025-08-04,979.11,Completed
103925,631,2024-01-31,4937.57,Completed
103926,312,2026-06-24,1256.81,Completed
103927,463,2025-08-16,3467.08,Completed
103928,451,2026-03-17,1344.09,Completed
103929,262,2026-06-18,2365.43,Completed
103930,999,2025-05-14,1677.41,Completed
103931,376,2024-06-23,1783.94,Cancelled
103932,671,2025-03-11,2235.91,Completed
103933,159,2025-10-30,3272.21,Completed
103934,992,2024-02-02,1676.54,Completed
103935,988,2026-07-09,3212.89,Completed
103936,72,2024-12-07,3533.82,Completed
103937,645,2025-10-03,1372.55,Completed
103938,597,2026-08-12,6129.8,Pending
103939,172,2026-04-21,2921.67,Completed
103940,773,2025-12-22,1359.84,Completed
103941,768,2024-10-17,2682.91,Cancelled
103942,853,2025-05-25,3535.18,Completed
103943,604,2025-05-02,2640.79,Completed
103944,709,2026-04-19,2052.39,Completed
103945,728,2024-02-08,190.98,Completed
103946,770,2024-01-23,959.83,Completed
103947,585,2024-04-25,2797.91,Pending
103948,750,2026-07-20,947.52,Completed
103949,61,2025-06-09,2513.81,Completed
103950,619,2025-11-11,3199.08,Pending
103951,200,2024-04-01,1672.95,Completed
103952,405,2024-01-13,571.64,Completed
103953,773,2025-09-24,1115.05,Pending
103954,112,2025-11-17,2809.18,Completed
103955,759,2025-02-19,4074.76,Completed
103956,257,2024-03-21,465.21,Completed
103957,759,2025-04-21,1897.08,Completed
103958,770,2025-09-14,693.44,Pending
103959,18,2024-07-26,1909.0,Completed
103960,232,2024-10-19,1625.35,Cancelled
103961,811,2025-12-27,8348.15,Completed
103962,336,2024-07-25,1268.16,Completed
103963,433,2024-04-06,3559.08,Cancelled
103964,19,2025-09-03,3468.11,Pending
103965,693,2024-01-23,1585.83,Cancelled
103966,93,2025-02-26,1944.57,Completed
103967,270,2025-07-08,1800.56,Completed
103968,470,2024-03-03,1109.98,Completed
103969,773,2025-09-27,1049.28,Completed
103970,492,2026-03-11,1379.05,Cancelled
103971,982,2026-08-05,858.84,Pending
103972,520,2024-09-15,1300.22,Completed
103973,251,2024-11-14,1585.24,Completed
103974,187,2025-08-24,1999.64,Pending
103975,789,2025-08-06,2401.71,Completed
103976,453,2025-08-15,1584.34,Completed
103977,606,2024-11-02,1091.86,Completed
103978,363,2024-02-24,2373.58,Completed
103979,271,2024-01-25,3009.92,Pending
103980,601,2026-08-28,1312.56,Completed
103981,289,2025-01-30,950.36,Completed
103982,1000,2025-03-11,1346.78,Cancelled
103983,736,2025-09-01,1599.62,Cancelled
103984,826,2024-07-18,3788.92,Pending
103985,280,2025-01-06,2825.67,Cancelled
103986,33,2025-02-28,1796.17,Completed
103987,51,2024-04-02,6191.86,Pending
103988,868,2025-08-09,1759.76,Completed
103989,881,2024-07-07,4512.01,Completed
103990,679,2024-01-03,3981.3,Completed
103991,591,2025-08-27,3802.67,Completed
103992,206,2024-10-19,2217.86,Completed
103993,763,2025-11-29,1941.92,Cancelled
103994,514,2025-06-05,1806.04,Completed
103995,605,2024-01-29,3127.98,Completed
103996,28,2025-11-06,1077.59,Pending
103997,514,2024-02-09,1517.2,Cancelled
103998,693,2024-10-31,5319.15,Completed
103999,774,2025-10-29,2699.29,Completed
104000,145,2025-01-28,3346.65,Completed
104001,37,2025-01-09,813.86,Completed
104002,865,2024-08-03,1359.28,Cancelled
104003,303,2025-03-07,2236.2,Cancelled
104004,466,2024-10-12,1752.12,Completed
104005,628,2026-07-09,811.65,Completed
104006,483,2025-10-30,2949.48,Completed
104007,945,2026-06-03,3625.95,Completed
104008,852,2024-11-24,1495.27,Completed
104009,389,2026-07-13,3019.26,Completed
104010,189,2024-09-29,6730.82,Completed
104011,976,2024-10-27,4851.31,Completed
104012,710,2024-10-17,1539.41,Completed
104013,760,2025-07-27,878.53,Completed
104014,458,2025-08-19,2090.47,Completed
104015,477,2024-03-04,8275.66,Completed
104016,180,2025-06-29,4295.3,Completed
104017,424,2026-07-16,1792.88,Completed
104018,540,2025-01-30,4969.14,Cancelled
104019,128,2025-11-11,3847.59,Completed
104020,637,2025-09-07,523.69,Cancelled
104021,617,2026-08-11,3588.91,Completed
104022,850,2025-09-17,1944.45,Completed
104023,55,2025-04-03,1024.81,Completed
104024,223,2024-01-13,1909.99,Completed
104025,424,2026-02-21,2356.23,Completed
104026,887,2024-11-25,1074.24,Completed
104027,235,2026-06-18,1665.05,Completed
104028,972,2024-08-25,1451.75,Cancelled
104029,959,2025-03-01,3018.33,Completed
104030,94,2026-03-17,1479.77,Completed
104031,355,2024-05-27,596.21,Completed
104032,257,2024-09-24,1345.7,Completed
104033,481,2026-02-09,973.03,Completed
104034,929,2026-07-20,776.21,Completed
104035,369,2025-06-07,3876.86,Completed
104036,663,2026-03-13,3034.67,Completed
104037,136,2025-06-16,960.1,Completed
104038,569,2024-02-13,788.75,Pending
104039,346,2026-02-28,1683.82,Completed
104040,922,2025-02-12,761.5,Completed
104041,783,2025-01-12,1537.91,Completed
104042,211,2025-12-17,1884.42,Completed
104043,622,2024-09-30,2193.95,Completed
104044,336,2025-02-20,2245.38,Completed
104045,431,2025-08-14,1083.62,Completed
104046,456,2025-07-31,1884.48,Completed
104047,827,2025-12-09,4137.72,Cancelled
104048,285,2024-03-21,460.55,Completed
104049,7,2026-08-23,2224.4,Completed
104050,190,2025-08-14,836.84,Completed
104051,834,2025-08-24,4483.11,Completed
104052,291,2026-05-08,3061.31,Pending
104053,61,2025-04-22,2998.56,Completed
104054,397,2024-01-30,1033.64,Completed
104055,878,2024-05-09,2136.73,Completed
104056,881,2026-07-10,2297.11,Completed
104057,950,2026-08-18,385.39,Completed
104058,683,2024-03-22,1979.84,Completed
104059,826,2025-10-28,2681.59,Completed
104060,777,2025-10-04,717.95,Completed
104061,23,2024-06-09,2662.0,Completed
104062,415,2026-02-05,1920.45,Completed
104063,523,2025-03-23,4417.66,Cancelled
104064,458,2024-08-12,1376.12,Completed
104065,836,2025-06-29,2020.32,Completed
104066,981,2026-05-30,2247.03,Completed
104067,543,2024-07-30,290.22,Completed
104068,97,2025-08-25,1429.48,Completed
104069,352,2025-12-13,1903.85,Cancelled
104070,194,2025-08-31,389.09,Cancelled
104071,464,2025-09-24,2789.96,Completed
104072,232,2025-12-07,1903.32,Cancelled
104073,82,2024-08-15,1896.36,Completed
104074,170,2024-04-08,2876.46,Completed
104075,490,2026-08-21,1378.15,Pending
104076,140,2024-11-06,1851.4,Completed
104077,31,2026-07-12,3158.49,Completed
104078,277,2024-09-18,1866.09,Cancelled
104079,645,2024-09-15,542.99,Completed
104080,633,2024-01-25,1861.35,Completed
104081,386,2025-03-05,1876.38,Pending
104082,664,2026-07-08,3232.19,Cancelled
104083,189,2026-05-20,1440.06,Completed
104084,728,2024-10-23,953.24,Completed
104085,20,2025-01-30,955.27,Cancelled
104086,133,2025-10-13,4597.38,Completed
104087,926,2026-07-18,2172.33,Pending
104088,462,2025-08-10,4447.24,Completed
104089,554,2024-07-13,4885.88,Completed
104090,394,2024-12-12,1110.14,Completed
104091,649,2025-12-05,1056.34,Completed
104092,753,2024-01-23,1656.64,Completed
104093,783,2025-08-06,2683.57,Completed
104094,247,2026-01-18,723.81,Cancelled
104095,628,2024-12-02,2419.28,Completed
104096,789,2025-06-08,2340.93,Completed
104097,410,2025-11-29,866.12,Completed
104098,376,2025-08-02,886.09,Completed
104099,629,2024-01-24,2402.98,Completed
104100,572,2025-07-23,6925.74,Cancelled
104101,249,2024-08-12,1486.06,Completed
104102,960,2025-12-20,2230.27,Completed
104103,560,2024-09-11,1214.74,Completed
104104,562,2026-08-09,2099.09,Completed
104105,203,2024-04-24,1198.76,Completed
104106,675,2026-05-16,1521.17,Completed
104107,922,2024-02-03,8843.73,Completed
104108,732,2025-10-26,1929.74,Cancelled
104109,505,2024-12-09,651.21,Completed
104110,638,2024-07-09,2733.64,Completed
104111,232,2024-07-31,3750.36,Completed
104112,62,2024-02-07,2792.29,Completed
104113,641,2024-05-09,1604.62,Pending
104114,180,2025-01-16,991.54,Completed
104115,91,2024-06-02,1007.51,Completed
104116,779,2026-07-31,1591.15,Completed
104117,428,2026-03-14,1418.15,Completed
104118,863,2025-04-04,1252.25,Completed
104119,874,2024-04-02,3965.94,Completed
104120,122,2026-08-17,3275.75,Completed
104121,771,2025-12-06,4101.42,Cancelled
104122,327,2024-06-27,1078.26,Completed
104123,704,2024-02-22,989.33,Completed
104124,47,2025-08-25,1892.85,Completed
104125,464,2024-02-09,2357.31,Completed
104126,629,2025-08-20,1885.65,Completed
104127,440,2025-03-06,2255.19,Completed
104128,551,2026-05-06,5043.36,Cancelled
104129,15,2025-01-06,1561.79,Completed
104130,12,2025-03-11,3041.73,Completed
104131,601,2025-06-15,2520.52,Completed
104132,412,2026-08-14,1915.05,Completed
104133,577,2025-11-14,2951.93,Completed
104134,352,2025-10-13,1092.66,Completed
104135,9,2024-10-28,958.76,Cancelled
104136,702,2025-04-15,2384.89,Completed
104137,136,2024-07-08,620.69,Pending
104138,789,2025-01-16,2510.02,Pending
104139,16,2026-03-10,864.57,Completed
104140,933,2024-04-06,4828.04,Completed
104141,251,2024-06-09,1391.27,Completed
104142,899,2025-07-24,4629.21,Completed
104143,7,2026-02-15,1569.5,Completed
104144,443,2026-08-06,1526.51,Completed
104145,414,2025-07-25,3160.19,Completed
104146,164,2025-10-01,2177.58,Cancelled
104147,470,2024-10-08,1723.63,Cancelled
104148,211,2025-02-02,1384.2,Pending
104149,431,2024-11-01,1392.82,Completed
104150,368,2024-04-16,8332.69,Cancelled
104151,197,2024-12-26,605.83,Completed
104152,792,2025-07-29,823.77,Completed
104153,521,2026-01-03,3868.09,Cancelled
104154,847,2026-08-11,3684.0,Cancelled
104155,822,2026-05-06,988.23,Completed
104156,261,2024-11-05,576.21,Completed
104157,286,2026-07-02,4115.66,Completed
104158,954,2026-07-05,911.53,Completed
104159,304,2025-05-04,1308.09,Completed
104160,94,2024-07-18,1916.05,Completed
104161,540,2026-01-26,896.36,Cancelled
104162,967,2024-04-19,3282.71,Completed
104163,232,2024-12-17,1824.66,Completed
104164,639,2025-06-01,1014.57,Completed
104165,330,2026-04-20,1074.37,Completed
104166,380,2026-08-08,4182.14,Completed
104167,446,2026-03-06,1501.7,Completed
104168,141,2025-04-16,2683.69,Completed
104169,381,2024-03-23,1788.36,Completed
104170,271,2026-02-17,575.41,Completed
104171,825,2026-04-13,2924.83,Cancelled
104172,226,2025-04-04,3617.52,Completed
104173,859,2025-06-23,5961.77,Completed
104174,20,2026-04-07,523.31,Completed
104175,399,2024-05-08,231.03,Completed
104176,266,2026-03-01,2726.97,Completed
104177,441,2025-05-13,1219.24,Cancelled
104178,774,2025-10-29,710.55,Completed
104179,959,2024-07-04,1930.31,Completed
104180,733,2025-08-21,1344.12,Completed
104181,498,2024-09-18,785.26,Cancelled
104182,510,2025-05-19,1705.69,Completed
104183,994,2025-05-25,2601.3,Completed
104184,992,2026-07-19,2016.76,Completed
104185,767,2025-10-13,2026.72,Completed
104186,164,2025-06-26,2401.31,Completed
104187,262,2025-01-26,599.53,Pending
104188,270,2024-11-24,1740.97,Cancelled
104189,227,2025-09-26,2103.83,Completed
104190,968,2026-05-08,1407.94,Completed
104191,159,2025-07-10,1049.86,Cancelled
104192,862,2025-10-04,1108.24,Completed
104193,814,2025-06-27,1487.48,Completed
104194,527,2025-07-10,3261.33,Completed
104195,299,2025-10-25,4857.29,Completed
104196,264,2024-11-03,4254.72,Completed
104197,675,2024-12-05,652.66,Completed
104198,671,2024-12-15,977.49,Completed
104199,537,2025-02-13,2759.74,Completed
104200,568,2024-10-11,4192.33,Completed
104201,834,2024-07-09,960.17,Completed
104202,760,2025-05-01,2027.72,Completed
104203,755,2026-04-11,862.5,Completed
104204,277,2024-01-31,2154.38,Pending
104205,64,2025-10-09,1184.77,Cancelled
104206,452,2026-03-05,2027.26,Completed
104207,332,2026-03-13,818.82,Completed
104208,327,2026-04-09,622.36,Completed
104209,518,2024-11-04,13486.24,Completed
104210,930,2024-04-08,1882.99,Cancelled
104211,810,2026-08-26,7209.13,Cancelled
104212,675,2025-11-12,4800.25,Pending
104213,716,2024-12-13,621.66,Completed
104214,410,2026-04-09,2277.2,Completed
104215,549,2024-12-10,775.98,Completed
104216,428,2025-12-30,1484.77,Completed
104217,816,2026-07-23,528.67,Completed
104218,991,2026-01-17,646.97,Pending
104219,429,2025-09-29,1032.7,Cancelled
104220,725,2024-07-05,1262.45,Cancelled
104221,57,2026-06-27,1846.01,Completed
104222,398,2025-02-18,917.84,Completed
104223,878,2025-08-29,1983.45,Completed
104224,685,2025-08-18,3766.08,Completed
104225,523,2024-08-27,2150.75,Completed
104226,210,2025-08-09,1722.93,Completed
104227,816,2025-01-15,2247.56,Completed
104228,971,2024-12-06,708.25,Completed
104229,387,2026-04-15,3342.07,Pending
104230,818,2025-12-03,826.4,Completed
104231,591,2025-04-21,4935.72,Completed
104232,395,2024-01-19,2970.64,Completed
104233,322,2025-11-20,2584.55,Completed
104234,498,2025-12-19,2658.73,Completed
104235,407,2024-06-11,1797.79,Completed
104236,619,2026-01-06,1079.65,Completed
104237,147,2025-01-23,975.93,Cancelled
104238,471,2025-12-13,5619.21,Completed
104239,748,2026-03-27,1925.02,Completed
104240,854,2025-11-12,872.04,Cancelled
104241,277,2026-07-04,2518.46,Cancelled
104242,603,2024-03-15,2249.39,Pending
104243,295,2024-11-11,1453.12,Cancelled
104244,793,2024-02-27,1004.08,Completed
104245,347,2024-06-16,2903.45,Completed
104246,673,2024-12-29,3329.15,Completed
104247,427,2024-01-23,2219.64,Completed
104248,265,2025-01-20,1885.68,Completed
104249,576,2024-05-03,1082.46,Completed
104250,624,2024-04-20,2458.82,Completed
104251,682,2026-03-24,1191.53,Cancelled
104252,796,2025-12-25,787.16,Completed
104253,675,2025-03-19,3741.27,Completed
104254,861,2025-07-06,921.6,Completed
104255,420,2024-10-10,524.55,Completed
104256,504,2025-04-17,4214.99,Completed
104257,475,2026-01-24,579.2,Completed
104258,578,2025-05-22,1397.18,Completed
104259,139,2026-02-11,883.06,Completed
104260,864,2025-04-16,1124.48,Completed
104261,519,2024-12-18,7640.27,Completed
104262,552,2026-05-20,1685.01,Completed
104263,884,2026-05-27,2274.42,Completed
104264,458,2024-08-10,3008.99,Completed
104265,454,2025-03-26,1182.17,Completed
104266,564,2026-01-21,3620.56,Completed
104267,940,2024-09-11,2298.35,Completed
104268,251,2025-12-29,2938.09,Completed
104269,155,2026-05-25,1123.77,Completed
104270,107,2024-08-17,2402.19,Completed
104271,743,2024-05-28,1789.57,Cancelled
104272,15,2026-07-08,3751.39,Completed
104273,709,2026-08-27,1266.89,Completed
104274,891,2026-04-15,6744.5,Completed
104275,681,2025-08-19,2243.32,Completed
104276,169,2024-03-24,1659.3,Pending
104277,663,2026-06-09,1537.81,Completed
104278,436,2024-07-12,1792.01,Cancelled
104279,26,2024-06-23,1196.21,Completed
104280,194,2025-11-28,2776.39,Completed
104281,748,2025-01-13,1786.11,Completed
104282,559,2026-04-24,6367.04,Completed
104283,495,2026-04-29,1358.16,Cancelled
104284,781,2026-02-22,1664.24,Completed
104285,521,2026-03-25,1357.28,Completed
104286,969,2025-06-15,6065.79,Completed
104287,53,2026-04-28,703.32,Completed
104288,282,2026-06-09,1912.96,Completed
104289,185,2024-09-29,2206.1,Completed
104290,410,2025-02-17,864.65,Completed
104291,916,2025-08-23,10032.78,Cancelled
104292,407,2026-04-16,983.06,Pending
104293,307,2025-01-14,1839.65,Completed
104294,85,2024-09-10,5378.48,Completed
104295,391,2024-11-08,1410.57,Completed
104296,226,2026-02-17,1976.14,Completed
104297,186,2025-05-21,1438.62,Completed
104298,132,2024-09-05,1738.73,Cancelled
104299,634,2025-11-26,3635.45,Completed
104300,710,2025-10-04,1368.57,Completed
104301,747,2025-05-19,320.58,Completed
104302,56,2025-08-25,1761.85,Completed
104303,925,2024-08-12,1875.14,Cancelled
104304,503,2024-06-26,2043.82,Cancelled
104305,560,2026-02-24,1597.82,Completed
104306,884,2025-10-23,1027.51,Completed
104307,273,2026-08-09,1534.87,Cancelled
104308,498,2026-07-02,5669.84,Completed
104309,73,2024-12-19,1751.47,Completed
104310,485,2025-03-26,2751.59,Completed
104311,264,2026-04-06,919.3,Completed
104312,180,2024-01-04,1489.38,Completed
104313,620,2026-04-20,939.31,Completed
104314,128,2024-06-12,4173.16,Completed
104315,975,2024-09-10,654.77,Completed
104316,229,2025-04-13,2292.97,Completed
104317,80,2025-11-17,2246.27,Completed
104318,440,2024-12-10,2153.61,Completed
104319,384,2026-07-02,392.04,Completed
104320,659,2026-01-31,483.3,Completed
104321,668,2025-12-20,1942.3,Completed
104322,595,2026-01-21,987.83,Cancelled
104323,573,2024-01-30,1185.22,Completed
104324,782,2026-03-11,1365.93,Cancelled
104325,653,2025-08-11,907.88,Pending
104326,138,2024-06-30,811.67,Completed
104327,457,2026-01-27,1799.94,Completed
104328,686,2024-04-12,521.44,Completed
104329,265,2025-08-24,1295.65,Completed
104330,872,2025-07-07,1166.45,Completed
104331,475,2024-01-28,1772.5,Completed
104332,312,2024-12-30,8494.79,Completed
104333,375,2024-04-26,950.77,Completed
104334,620,2026-07-10,2344.16,Completed
104335,710,2026-02-18,2077.79,Completed
104336,253,2026-08-27,2590.16,Completed
104337,170,2025-04-19,1566.98,Completed
104338,92,2024-11-15,4593.92,Completed
104339,490,2026-07-21,2810.13,Completed
104340,931,2024-10-25,2839.34,Completed
104341,961,2025-02-07,717.86,Completed
104342,558,2024-05-10,1916.32,Completed
104343,530,2026-03-10,1292.24,Completed
104344,498,2024-04-26,1028.11,Cancelled
104345,234,2024-02-04,1197.92,Completed
104346,412,2026-03-21,1735.75,Completed
104347,938,2026-03-29,2422.22,Completed
104348,618,2026-04-10,3406.99,Completed
104349,242,2026-04-15,3304.68,Completed
104350,87,2024-05-17,2177.2,Cancelled
104351,757,2024-12-18,1866.27,Completed
104352,908,2026-01-14,1457.71,Completed
104353,109,2024-10-28,1532.42,Completed
104354,369,2026-01-27,1083.93,Completed
104355,862,2026-06-04,1362.45,Completed
104356,251,2026-07-24,2265.45,Completed
104357,179,2026-01-26,4898.93,Completed
104358,391,2026-02-14,1633.07,Completed
104359,391,2025-08-04,1064.81,Completed
104360,474,2024-03-16,3379.75,Completed
104361,967,2025-02-28,489.79,Completed
104362,972,2026-07-16,3546.05,Completed
104363,579,2026-06-06,709.24,Cancelled
104364,77,2024-08-20,2759.2,Completed
104365,262,2025-12-28,1320.92,Completed
104366,179,2024-10-25,2217.49,Completed
104367,1,2025-02-09,6971.52,Completed
104368,376,2025-09-23,1044.18,Cancelled
104369,11,2025-04-28,939.35,Completed
104370,573,2025-08-11,1893.87,Completed
104371,272,2024-04-05,4851.32,Completed
104372,730,2024-10-15,2022.32,Completed
104373,526,2026-02-27,1852.96,Pending
104374,953,2025-08-25,2009.1,Completed
104375,477,2026-03-29,936.83,Completed
104376,155,2026-07-28,2022.4,Completed
104377,926,2024-12-12,1394.38,Completed
104378,301,2024-09-14,4251.99,Completed
104379,768,2024-10-28,3023.69,Completed
104380,787,2025-07-10,761.37,Completed
104381,929,2024-09-02,1497.43,Pending
104382,641,2025-01-14,2536.99,Completed
104383,510,2024-06-17,951.03,Completed
104384,380,2025-01-10,892.49,Completed
104385,440,2026-07-11,1333.09,Completed
104386,784,2025-02-16,2251.67,Completed
104387,566,2026-01-08,3532.25,Completed
104388,52,2025-02-22,2093.08,Cancelled
104389,365,2025-02-25,8920.08,Completed
104390,919,2025-10-02,1159.39,Completed
104391,207,2024-04-17,2912.51,Completed
104392,466,2024-12-11,875.35,Completed
104393,846,2024-05-15,5129.06,Completed
104394,285,2024-07-12,4355.35,Completed
104395,680,2025-11-21,2858.41,Completed
104396,789,2024-06-18,582.26,Completed
104397,316,2024-07-16,2841.25,Completed
104398,902,2025-07-11,1056.91,Pending
104399,440,2024-12-04,2417.28,Cancelled
104400,290,2024-04-29,699.26,Completed
104401,223,2026-07-20,2145.29,Completed
104402,264,2026-06-17,1430.43,Completed
104403,561,2025-07-19,1085.38,Pending
104404,222,2026-02-25,2645.81,Completed
104405,351,2026-08-05,1740.97,Completed
104406,713,2024-04-11,1575.48,Completed
104407,883,2024-04-04,2906.54,Pending
104408,679,2024-11-17,6205.02,Cancelled
104409,527,2024-10-23,2153.24,Completed
104410,696,2026-05-21,556.5,Completed
104411,409,2025-05-09,653.71,Completed
104412,269,2026-02-27,1882.46,Completed
104413,754,2025-10-11,3507.81,Completed
104414,133,2025-12-04,1964.71,Completed
104415,911,2026-07-19,2510.05,Completed
104416,424,2025-07-25,1732.48,Completed
104417,825,2026-01-25,3364.06,Completed
104418,99,2024-09-18,2687.42,Cancelled
104419,488,2024-09-09,927.8,Pending
104420,418,2025-07-23,2408.15,Completed
104421,349,2024-02-19,660.39,Cancelled
104422,510,2025-05-02,2408.5,Completed
104423,663,2024-07-15,1498.04,Completed
104424,944,2026-05-10,1998.18,Completed
104425,824,2025-05-19,2221.98,Completed
104426,229,2024-02-11,2161.6,Pending
104427,978,2024-01-02,4522.86,Completed
104428,492,2025-09-14,1840.32,Completed
104429,451,2024-08-13,2035.18,Completed
104430,15,2024-02-10,4272.36,Completed
104431,669,2024-05-28,6176.22,Completed
104432,893,2024-05-30,1779.4,Completed
104433,288,2024-12-02,1290.37,Cancelled
104434,876,2025-11-29,1332.63,Completed
104435,87,2026-04-15,2412.72,Completed
104436,968,2025-06-01,1577.1,Completed
104437,251,2026-07-10,577.4,Completed
104438,474,2026-02-08,3735.08,Completed
104439,18,2024-06-09,3058.09,Completed
104440,904,2025-12-16,3792.8,Completed
104441,505,2024-08-12,4312.29,Completed
104442,971,2026-07-26,2037.42,Cancelled
104443,367,2026-04-04,2132.18,Pending
104444,61,2024-03-03,3462.93,Completed
104445,678,2024-06-17,817.1,Completed
104446,163,2025-03-05,1431.44,Completed
104447,617,2025-12-22,1731.91,Completed
104448,39,2025-06-21,3277.39,Completed
104449,167,2024-03-24,1268.32,Completed
104450,639,2025-09-03,1133.02,Completed
104451,674,2025-09-22,1360.24,Completed
104452,152,2026-06-23,2442.56,Completed
104453,184,2024-09-15,1721.86,Completed
104454,867,2024-02-07,701.04,Cancelled
104455,11,2025-12-30,796.89,Completed
104456,227,2025-11-14,1967.14,Cancelled
104457,970,2025-05-20,2010.18,Completed
104458,547,2025-11-04,1832.57,Completed
104459,30,2024-06-23,1325.55,Completed
104460,899,2024-05-02,3003.44,Completed
104461,336,2025-01-26,2287.88,Completed
104462,717,2026-05-19,2237.77,Cancelled
104463,639,2025-05-15,2289.98,Cancelled
104464,359,2025-09-13,5084.04,Pending
104465,363,2026-08-27,924.97,Completed
104466,549,2024-10-21,1369.01,Completed
104467,375,2025-04-12,1446.52,Completed
104468,172,2025-10-29,4076.63,Cancelled
104469,728,2024-05-27,1411.77,Completed
104470,674,2025-01-26,1075.4,Completed
104471,604,2025-06-24,1680.36,Cancelled
104472,748,2024-10-22,1926.61,Completed
104473,516,2024-08-02,3917.43,Completed
104474,932,2025-03-02,1406.34,Cancelled
104475,893,2026-05-05,1151.36,Completed
104476,981,2025-02-08,996.39,Completed
104477,108,2026-03-22,1439.08,Completed
104478,101,2025-10-20,9527.31,Completed
104479,464,2024-05-05,2307.95,Pending
104480,692,2026-06-08,2655.59,Completed
104481,237,2025-07-26,1799.66,Completed
104482,114,2025-07-07,1968.13,Pending
104483,41,2025-11-08,3001.22,Completed
104484,553,2024-02-10,2594.85,Completed
104485,979,2024-09-01,2258.58,Pending
104486,458,2026-02-12,1818.96,Completed
104487,738,2025-09-01,1431.59,Completed
104488,54,2025-01-13,2371.7,Completed
104489,212,2025-03-26,1900.47,Completed
104490,680,2025-08-25,7200.02,Completed
104491,399,2025-04-14,3563.25,Completed
104492,30,2025-03-21,1161.26,Completed
104493,223,2025-06-20,841.62,Completed
104494,797,2024-09-30,1389.51,Completed
104495,684,2025-07-08,890.2,Completed
104496,818,2025-11-04,1336.27,Completed
104497,343,2025-11-21,958.45,Completed
104498,933,2025-08-26,1455.31,Completed
104499,924,2025-03-16,1466.62,Completed
104500,359,2025-09-29,1980.7,Pending
104501,204,2025-12-04,1573.52,Completed
104502,963,2024-10-28,1001.3,Completed
104503,342,2025-04-17,3964.87,Completed
104504,490,2025-10-21,2339.01,Completed
104505,935,2025-10-06,1263.5,Completed
104506,266,2025-04-27,1011.87,Completed
104507,891,2024-09-13,693.56,Cancelled
104508,161,2026-06-04,661.32,Pending
104509,288,2025-06-11,3555.99,Completed
104510,384,2025-06-10,3318.85,Completed
104511,476,2025-03-31,1231.24,Completed
104512,242,2026-01-09,4374.55,Completed
104513,890,2024-10-21,2687.69,Completed
104514,665,2026-06-30,2054.23,Completed
104515,671,2024-03-01,3152.03,Completed
104516,736,2024-01-13,2690.66,Completed
104517,639,2025-05-11,1989.09,Completed
104518,645,2026-04-16,1539.96,Completed
104519,661,2024-01-10,1678.85,Completed
104520,725,2025-10-22,632.93,Completed
104521,925,2025-01-14,1069.63,Completed
104522,193,2024-01-22,5800.19,Completed
104523,514,2024-12-26,1051.21,Completed
104524,182,2025-09-21,540.57,Cancelled
104525,180,2025-09-08,3239.32,Completed
104526,952,2026-04-05,2115.7,Cancelled
104527,466,2026-08-18,2194.5,Completed
104528,705,2024-02-22,1624.82,Completed
104529,734,2026-04-14,3253.66,Completed
104530,35,2024-01-10,4865.04,Completed
104531,483,2026-08-06,1282.54,Completed
104532,178,2026-01-23,2716.0,Completed
104533,305,2026-07-14,3724.04,Completed
104534,185,2024-03-06,1236.44,Completed
104535,667,2024-03-13,4801.9,Completed
104536,130,2026-08-16,3715.99,Completed
104537,443,2024-10-01,802.9,Cancelled
104538,298,2025-01-06,5075.99,Completed
104539,964,2024-10-15,830.74,Completed
104540,792,2024-06-01,1151.36,Cancelled
104541,345,2024-03-10,2807.15,Completed
104542,288,2024-05-11,3542.16,Completed
104543,720,2026-04-03,1919.24,Completed
104544,634,2024-01-27,1195.27,Completed
104545,553,2026-05-21,1520.0,Cancelled
104546,74,2024-08-02,1407.44,Completed
104547,79,2025-08-11,3109.87,Completed
104548,638,2024-09-07,1382.6,Completed
104549,464,2026-05-16,1178.32,Completed
104550,837,2024-02-09,689.06,Completed
104551,33,2025-11-26,1223.28,Completed
104552,183,2026-06-28,1666.7,Pending
104553,793,2025-03-04,863.32,Completed
104554,979,2025-03-14,579.1,Completed
104555,741,2024-05-25,3403.35,Cancelled
104556,16,2026-05-04,939.43,Completed
104557,53,2026-07-21,768.53,Completed
104558,886,2025-04-28,4992.7,Pending
104559,495,2025-11-04,3125.17,Cancelled
104560,490,2026-01-07,3505.57,Completed
104561,963,2024-12-10,2499.69,Completed
104562,246,2024-01-04,4221.45,Completed
104563,280,2024-05-05,3196.32,Completed
104564,685,2026-05-22,1438.93,Completed
104565,909,2026-02-16,900.78,Completed
104566,358,2024-04-02,781.72,Cancelled
104567,151,2026-02-19,1643.75,Completed
104568,58,2026-05-09,880.55,Cancelled
104569,11,2025-06-12,1071.75,Completed
104570,368,2025-03-15,1630.35,Completed
104571,529,2026-08-30,4465.62,Completed
104572,481,2026-04-28,674.29,Completed
104573,237,2025-01-10,1835.12,Completed
104574,677,2025-04-09,798.0,Completed
104575,887,2026-07-05,1253.78,Cancelled
104576,231,2026-06-15,3294.29,Completed
104577,674,2025-09-05,1037.04,Completed
104578,543,2025-09-22,1516.79,Completed
104579,686,2025-12-17,1972.79,Cancelled
104580,18,2024-10-08,2839.29,Completed
104581,673,2026-06-11,1260.69,Completed
104582,753,2024-10-13,4084.89,Cancelled
104583,679,2026-03-19,1347.77,Completed
104584,850,2026-03-08,2466.05,Completed
104585,752,2024-10-07,1590.97,Completed
104586,984,2026-02-24,2913.56,Completed
104587,670,2026-04-23,6723.89,Completed
104588,440,2025-04-28,1502.83,Completed
104589,843,2025-06-09,1781.36,Cancelled
104590,695,2025-05-10,1359.3,Completed
104591,557,2024-02-13,1229.89,Completed
104592,578,2025-06-09,1142.53,Completed
104593,343,2025-10-17,1778.31,Completed
104594,616,2025-06-30,1086.27,Completed
104595,461,2025-05-01,1107.91,Completed
104596,129,2025-05-02,229.97,Pending
104597,434,2025-06-06,4428.25,Completed
104598,952,2026-06-23,5239.67,Cancelled
104599,323,2025-02-04,2744.17,Completed
104600,678,2024-08-06,1019.96,Completed
104601,412,2024-03-03,791.77,Completed
104602,281,2026-04-27,651.07,Completed
104603,380,2024-06-24,2727.1,Cancelled
104604,961,2025-02-09,4096.9,Completed
104605,110,2026-01-06,2005.2,Completed
104606,669,2024-06-22,3143.62,Completed
104607,839,2024-08-15,2403.53,Completed
104608,183,2025-09-10,1090.58,Completed
104609,761,2025-09-02,3469.26,Pending
104610,638,2024-08-24,3328.12,Cancelled
104611,330,2025-06-11,945.51,Cancelled
104612,175,2025-11-16,3041.67,Completed
104613,946,2024-08-03,1635.33,Completed
104614,194,2025-03-07,1519.24,Completed
104615,952,2024-09-29,2320.27,Completed
104616,650,2026-07-03,2274.14,Completed
104617,866,2025-01-08,3207.31,Completed
104618,290,2026-04-12,1036.39,Pending
104619,33,2026-05-06,2599.78,Completed
104620,656,2024-06-12,846.88,Completed
104621,363,2026-07-04,1602.55,Cancelled
104622,549,2024-02-17,1673.53,Cancelled
104623,451,2025-01-11,3381.49,Completed
104624,313,2024-06-03,1810.87,Completed
104625,722,2024-02-14,1518.3,Completed
104626,496,2025-06-21,4547.79,Completed
104627,637,2025-08-07,1361.98,Completed
104628,672,2025-07-20,1325.17,Completed
104629,678,2025-02-10,531.56,Completed
104630,321,2026-02-04,1563.34,Completed
104631,770,2025-04-24,977.25,Completed
104632,216,2025-06-04,1529.3,Cancelled
104633,951,2025-03-06,2103.83,Completed
104634,818,2024-07-20,889.11,Completed
104635,550,2025-09-28,1054.27,Pending
104636,179,2026-03-17,636.44,Completed
104637,909,2024-10-23,1292.28,Completed
104638,553,2025-03-26,974.21,Completed
104639,822,2026-05-18,7253.7,Cancelled
104640,31,2024-07-20,4784.64,Completed
104641,330,2025-02-13,4305.89,Completed
104642,293,2024-09-19,775.83,Completed
104643,821,2024-11-28,1604.0,Completed
104644,458,2025-03-22,823.42,Completed
104645,117,2026-06-17,5963.28,Completed
104646,617,2024-01-13,3089.44,Completed
104647,158,2024-12-14,908.11,Completed
104648,440,2026-04-22,2288.61,Completed
104649,993,2024-03-21,686.69,Completed
104650,429,2025-05-07,1647.19,Completed
104651,424,2024-05-31,1605.88,Completed
104652,43,2025-06-28,2911.18,Completed
104653,454,2025-11-26,3420.83,Cancelled
104654,960,2025-09-10,1823.94,Completed
104655,953,2025-07-01,1556.11,Completed
104656,965,2025-12-23,219.78,Completed
104657,354,2025-06-04,4968.74,Completed
104658,66,2025-08-19,1173.92,Completed
104659,234,2024-03-20,1923.57,Pending
104660,208,2024-01-21,7816.19,Completed
104661,79,2024-06-08,828.33,Completed
104662,711,2025-06-09,1825.06,Completed
104663,520,2025-01-20,2486.17,Completed
104664,727,2024-12-22,3661.55,Completed
104665,197,2025-03-11,1801.43,Cancelled
104666,696,2026-08-20,3864.82,Completed
104667,65,2025-01-01,1373.85,Completed
104668,727,2025-03-08,2562.73,Pending
104669,821,2025-05-04,2355.75,Completed
104670,251,2026-01-23,1696.5,Completed
104671,319,2025-12-14,2221.23,Completed
104672,430,2026-08-10,1019.51,Completed
104673,579,2025-09-10,1482.4,Completed
104674,527,2026-07-17,779.83,Cancelled
104675,104,2025-08-17,1350.9,Pending
104676,373,2025-06-07,3772.0,Completed
104677,502,2025-06-26,2365.66,Pending
104678,616,2025-04-12,2198.87,Completed
104679,634,2024-07-14,636.68,Completed
104680,667,2024-12-22,2216.26,Completed
104681,443,2025-08-11,1728.03,Completed
104682,497,2025-08-12,2552.59,Completed
104683,330,2024-06-03,4423.26,Completed
104684,270,2026-02-20,1379.87,Pending
104685,303,2025-11-24,1466.15,Completed
104686,432,2025-05-25,3269.29,Completed
104687,109,2025-03-16,1216.0,Completed
104688,214,2025-06-26,1905.21,Completed
104689,114,2025-07-19,491.65,Completed
104690,406,2025-02-20,1473.37,Completed
104691,488,2026-04-19,4204.06,Completed
104692,163,2024-06-02,2238.53,Completed
104693,138,2024-12-29,3229.76,Completed
104694,523,2025-01-21,3351.44,Completed
104695,221,2024-04-07,4326.7,Completed
104696,876,2024-03-27,1436.38,Completed
104697,164,2026-05-17,3321.01,Completed
104698,475,2026-01-23,7758.11,Cancelled
104699,809,2024-12-21,1769.48,Completed
104700,103,2024-09-15,763.38,Completed
104701,443,2025-01-30,1222.71,Completed
104702,465,2025-11-16,2440.51,Cancelled
104703,551,2024-10-15,611.2,Completed
104704,892,2024-03-05,1096.84,Completed
104705,584,2025-02-12,1452.71,Completed
104706,371,2025-08-05,1933.23,Completed
104707,394,2025-05-21,5786.45,Completed
104708,625,2024-06-16,2814.73,Cancelled
104709,292,2026-03-31,872.65,Completed
104710,684,2025-09-06,22236.42,Completed
104711,376,2025-12-01,1780.77,Completed
104712,61,2026-07-20,603.81,Completed
104713,532,2025-05-14,916.53,Completed
104714,248,2025-07-17,920.06,Completed
104715,351,2026-01-13,749.46,Completed
104716,314,2026-01-23,2512.33,Completed
104717,136,2026-04-04,318.0,Completed
104718,284,2025-11-16,3408.42,Completed
104719,919,2024-02-26,3056.14,Completed
104720,311,2024-12-06,1337.87,Completed
104721,737,2025-07-30,3264.15,Completed
104722,406,2025-03-08,884.71,Completed
104723,66,2024-02-12,1041.1,Completed
104724,847,2024-09-17,2572.8,Pending
104725,911,2024-10-26,1570.8,Completed
104726,233,2024-02-05,1198.98,Completed
104727,169,2026-01-11,1671.95,Completed
104728,934,2025-01-02,4241.78,Cancelled
104729,98,2026-02-08,4136.23,Cancelled
104730,895,2026-04-26,2374.46,Completed
104731,172,2026-05-09,1428.69,Pending
104732,874,2026-06-02,2526.17,Completed
104733,936,2025-04-29,1027.57,Cancelled
104734,238,2024-08-24,3848.19,Completed
104735,218,2024-03-22,3338.64,Pending
104736,106,2025-08-30,6317.48,Cancelled
104737,791,2024-05-03,1068.62,Completed
104738,342,2024-08-22,985.8,Completed
104739,645,2024-08-25,2575.77,Completed
104740,616,2024-09-23,1506.58,Completed
104741,516,2024-12-28,3446.45,Completed
104742,241,2024-11-18,4238.88,Completed
104743,358,2025-05-27,5444.52,Completed
104744,496,2026-07-20,1869.64,Completed
104745,93,2025-09-20,3190.05,Completed
104746,400,2025-10-19,1286.29,Cancelled
104747,713,2024-06-07,2072.96,Completed
104748,418,2024-04-21,1738.55,Completed
104749,391,2024-07-02,1679.31,Completed
104750,850,2026-04-05,5890.45,Completed
104751,532,2024-06-17,752.34,Completed
104752,743,2026-08-15,1794.18,Completed
104753,54,2026-01-04,1864.02,Completed
104754,932,2026-03-17,2734.46,Completed
104755,781,2024-10-20,882.17,Pending
104756,835,2024-06-01,1482.08,Completed
104757,692,2024-06-11,1222.06,Completed
104758,535,2026-04-14,416.46,Pending
104759,528,2025-02-23,3832.04,Cancelled
104760,625,2025-02-02,692.35,Completed
104761,490,2024-08-28,634.89,Completed
104762,734,2024-12-12,3332.57,Completed
104763,330,2024-12-25,1447.92,Completed
104764,773,2025-12-30,1480.83,Completed
104765,336,2026-03-12,1499.29,Completed
104766,470,2025-03-30,3618.75,Completed
104767,68,2024-11-20,1257.47,Completed
104768,905,2025-03-15,2650.05,Cancelled
104769,685,2024-06-19,857.29,Completed
104770,247,2024-03-07,2230.7,Pending
104771,47,2024-08-14,3236.64,Completed
104772,862,2024-01-24,4486.62,Pending
104773,3,2024-02-03,657.61,Completed
104774,475,2024-08-20,1484.29,Completed
104775,35,2026-05-26,5087.18,Completed
104776,693,2024-06-29,3277.24,Completed
104777,200,2025-11-09,1581.59,Completed
104778,423,2024-05-23,1804.46,Completed
104779,569,2025-03-26,2183.32,Completed
104780,363,2025-08-13,1412.48,Cancelled
104781,681,2025-06-29,2568.79,Completed
104782,504,2026-02-17,2475.93,Completed
104783,417,2024-09-04,872.13,Cancelled
104784,313,2025-12-23,1309.22,Completed
104785,406,2025-01-27,1339.95,Completed
104786,312,2025-03-09,1524.55,Completed
104787,577,2024-11-07,2145.14,Completed
104788,768,2026-08-27,2024.04,Completed
104789,599,2026-03-13,1127.44,Completed
104790,37,2025-03-26,4301.51,Pending
104791,854,2025-12-24,1805.93,Completed
104792,790,2026-06-09,4660.58,Completed
104793,826,2024-10-03,4590.13,Completed
104794,53,2024-11-13,904.21,Cancelled
104795,831,2026-01-11,1308.74,Completed
104796,461,2024-10-03,1372.4,Completed
104797,853,2024-04-01,2206.57,Completed
104798,786,2025-08-02,2886.23,Completed
104799,887,2024-07-16,1980.38,Completed
104800,121,2025-07-24,1258.22,Completed
104801,554,2024-04-13,5266.31,Completed
104802,734,2025-04-10,1353.66,Completed
104803,597,2024-08-19,2915.31,Completed
104804,820,2025-05-29,1757.04,Completed
104805,733,2024-08-08,1725.35,Completed
104806,40,2024-09-01,2789.12,Pending
104807,195,2026-05-26,4907.37,Completed
104808,636,2026-08-13,2194.67,Completed
104809,352,2024-11-14,1310.02,Completed
104810,349,2025-09-20,4710.69,Completed
104811,918,2024-12-11,2481.31,Completed
104812,89,2024-06-14,2010.78,Completed
104813,520,2024-04-07,3510.56,Pending
104814,303,2026-05-16,2219.38,Completed
104815,54,2024-03-05,8888.92,Completed
104816,369,2025-04-23,1802.17,Completed
104817,401,2024-08-01,3800.23,Completed
104818,449,2026-01-09,2399.06,Completed
104819,161,2024-05-10,2393.92,Cancelled
104820,733,2025-07-15,1422.53,Pending
104821,349,2024-12-01,1427.13,Pending
104822,572,2025-05-21,2485.81,Completed
104823,543,2024-06-30,1023.69,Completed
104824,562,2024-04-23,1238.23,Completed
104825,500,2024-06-22,1817.99,Completed
104826,294,2025-07-14,4031.06,Completed
104827,482,2025-09-22,1896.73,Completed
104828,529,2026-05-30,1877.3,Completed
104829,22,2026-07-05,904.55,Cancelled
104830,730,2026-01-02,5419.39,Cancelled
104831,439,2024-01-13,3696.59,Pending
104832,287,2025-11-15,3977.27,Completed
104833,33,2025-11-17,700.17,Cancelled
104834,297,2025-11-18,2262.11,Completed
104835,401,2025-10-03,978.16,Completed
104836,846,2025-10-31,2972.33,Completed
104837,649,2025-07-23,2218.62,Completed
104838,415,2025-08-25,2521.93,Completed
104839,125,2025-11-04,1129.74,Cancelled
104840,272,2024-02-12,915.66,Completed
104841,921,2025-05-09,1186.86,Pending
104842,126,2024-05-04,2198.68,Completed
104843,633,2026-06-20,1537.78,Completed
104844,514,2026-08-21,2121.96,Pending
104845,213,2024-06-02,925.15,Completed
104846,881,2026-05-17,1792.37,Cancelled
104847,391,2025-04-05,4457.57,Completed
104848,662,2025-10-16,2234.03,Completed
104849,97,2025-09-27,2326.76,Completed
104850,967,2024-04-24,2338.89,Completed
104851,26,2026-06-03,1290.5,Completed
104852,302,2025-09-15,5198.75,Completed
104853,921,2025-04-19,2270.16,Completed
104854,639,2025-08-21,2019.74,Completed
104855,675,2026-08-08,2813.19,Pending
104856,307,2025-09-21,3317.59,Pending
104857,784,2025-09-30,801.03,Completed
104858,935,2026-05-02,1867.17,Completed
104859,623,2025-11-11,7695.64,Completed
104860,214,2024-05-19,5279.02,Completed
104861,912,2026-03-07,1679.72,Completed
104862,7,2026-05-25,2889.22,Cancelled
104863,902,2025-12-15,1455.71,Completed
104864,14,2024-05-28,2265.21,Completed
104865,60,2025-05-23,1336.27,Completed
104866,45,2024-02-22,1321.61,Cancelled
104867,186,2026-01-21,1225.17,Completed
104868,733,2026-07-20,5372.51,Completed
104869,392,2024-02-04,1317.18,Completed
104870,80,2024-04-16,3780.81,Completed
104871,334,2026-06-26,1359.62,Completed
104872,999,2026-02-17,1262.12,Completed
104873,523,2026-03-11,2318.45,Completed
104874,734,2024-07-21,773.84,Completed
104875,264,2025-09-12,2772.7,Pending
104876,519,2026-03-17,1647.57,Completed
104877,804,2024-03-07,1258.34,Cancelled
104878,674,2024-10-03,1094.42,Completed
104879,12,2024-10-13,6482.82,Pending
104880,609,2025-06-10,1760.3,Completed
104881,796,2024-09-03,1712.71,Completed
104882,133,2024-11-28,3174.67,Completed
104883,389,2024-09-07,1041.56,Completed
104884,646,2024-03-02,3762.49,Cancelled
104885,9,2025-10-15,1758.66,Completed
104886,713,2025-09-13,732.23,Completed
104887,858,2026-05-02,1275.03,Completed
104888,523,2025-07-14,883.32,Completed
104889,440,2025-10-25,1897.5,Completed
104890,92,2024-12-15,1074.6,Cancelled
104891,730,2025-01-13,1000.38,Completed
104892,945,2025-02-05,2176.5,Cancelled
104893,886,2026-08-01,1852.14,Completed
104894,549,2025-04-04,3950.09,Completed
104895,38,2026-04-19,3837.95,Completed
104896,282,2024-11-07,1873.25,Cancelled
104897,261,2025-10-28,2490.69,Completed
104898,12,2024-09-23,721.01,Completed
104899,119,2025-01-21,2829.82,Completed
104900,573,2026-04-15,2350.77,Completed
104901,98,2025-10-27,3346.58,Completed
104902,42,2025-04-18,1475.12,Completed
104903,949,2025-01-31,1483.5,Completed
104904,606,2026-02-17,1489.53,Completed
104905,814,2024-05-30,4573.44,Completed
104906,246,2026-04-05,2163.41,Completed
104907,357,2025-08-25,680.73,Completed
104908,613,2024-11-16,2736.38,Completed
104909,686,2025-11-10,1331.95,Completed
104910,360,2026-08-22,3642.84,Completed
104911,924,2024-12-05,2554.8,Completed
104912,704,2025-01-17,4031.25,Completed
104913,218,2026-06-23,3536.17,Completed
104914,98,2024-12-01,3310.42,Completed
104915,17,2026-04-11,3762.92,Completed
104916,854,2026-05-25,3057.43,Completed
104917,831,2025-07-21,1146.59,Pending
104918,472,2024-03-20,855.95,Pending
104919,728,2024-02-28,1049.3,Completed
104920,890,2024-09-30,2894.29,Completed
104921,161,2024-01-17,424.25,Completed
104922,980,2026-01-12,1782.07,Completed
104923,481,2025-09-14,1514.33,Completed
104924,432,2025-03-18,3987.98,Pending
104925,161,2026-03-02,1667.96,Completed
104926,672,2024-05-09,1416.59,Completed
104927,605,2025-05-01,4234.21,Completed
104928,34,2024-11-25,1695.62,Completed
104929,649,2024-01-23,1526.62,Completed
104930,140,2025-04-10,1309.69,Cancelled
104931,274,2024-05-20,2167.24,Completed
104932,614,2024-02-14,1451.1,Completed
104933,786,2024-07-24,1454.51,Completed
104934,133,2024-07-08,4620.2,Completed
104935,467,2025-09-02,1858.12,Completed
104936,281,2026-02-10,1345.07,Completed
104937,708,2025-04-17,942.68,Cancelled
104938,836,2025-09-15,2047.91,Pending
104939,641,2024-04-09,1251.01,Completed
104940,802,2026-02-04,1416.76,Cancelled
104941,443,2025-05-03,1034.89,Completed
104942,600,2025-02-20,2045.76,Completed
104943,287,2026-04-26,771.53,Completed
104944,989,2024-11-01,2351.94,Completed
104945,201,2025-03-03,1261.85,Cancelled
104946,925,2026-06-20,2867.96,Completed
104947,751,2024-05-25,2467.51,Completed
104948,987,2025-05-22,1925.9,Completed
104949,644,2025-07-16,3119.83,Completed
104950,345,2025-11-12,4952.06,Pending
104951,277,2026-06-23,4105.42,Cancelled
104952,178,2024-11-30,767.76,Completed
104953,968,2024-04-22,1214.46,Completed
104954,106,2025-01-23,1315.05,Completed
104955,819,2024-06-01,2726.13,Pending
104956,698,2025-12-09,1281.89,Completed
104957,125,2025-07-05,1249.6,Completed
104958,920,2026-01-06,1116.92,Completed
104959,163,2024-11-26,2185.98,Pending
104960,161,2026-07-17,2719.17,Completed
104961,542,2026-06-10,818.93,Completed
104962,102,2025-11-24,1288.57,Completed
104963,102,2024-07-01,525.2,Completed
104964,625,2024-05-23,380.29,Completed
104965,965,2026-07-20,2466.55,Cancelled
104966,55,2026-04-27,2209.61,Completed
104967,639,2026-05-07,2013.45,Pending
104968,604,2025-09-16,5049.67,Completed
104969,66,2026-04-13,605.66,Cancelled
104970,150,2025-04-25,465.67,Completed
104971,436,2024-06-06,867.29,Completed
104972,693,2024-09-06,453.85,Completed
104973,219,2026-04-08,1208.17,Cancelled
104974,429,2025-09-24,2629.11,Completed
104975,482,2026-08-28,2182.68,Completed
104976,715,2026-05-24,3510.2,Completed
104977,245,2026-01-08,2290.54,Completed
104978,687,2024-02-07,1384.25,Completed
104979,840,2024-06-29,1278.79,Completed
104980,584,2024-12-31,2392.01,Completed
104981,725,2024-02-04,665.76,Completed
104982,167,2026-06-29,228.16,Completed
104983,912,2024-08-09,2319.69,Completed
104984,294,2025-01-07,2096.1,Cancelled
104985,194,2025-10-18,4991.97,Completed
104986,548,2024-02-04,2830.55,Completed
104987,380,2025-09-11,2200.65,Completed
104988,454,2024-04-08,1469.47,Cancelled
104989,814,2026-05-28,1062.42,Cancelled
104990,533,2025-11-03,1500.24,Completed
104991,368,2024-11-22,3348.87,Pending
104992,807,2025-11-12,2433.1,Completed
104993,373,2024-11-01,3303.68,Cancelled
104994,960,2024-04-21,1929.29,Pending
104995,987,2024-01-10,1003.09,Completed
104996,463,2024-08-01,3827.31,Pending
104997,774,2025-11-19,3608.68,Completed
104998,709,2025-07-02,2030.69,Completed
104999,869,2024-09-22,2583.55,Cancelled
105000,454,2025-10-29,2492.8,Completed
105001,405,2025-01-12,1327.54,Completed
105002,274,2024-06-01,1520.03,Completed
105003,586,2025-10-22,996.51,Completed
105004,618,2025-03-20,1516.36,Completed
105005,443,2025-10-08,3517.79,Cancelled
105006,302,2025-06-30,3109.53,Cancelled
105007,443,2024-04-08,2587.75,Cancelled
105008,497,2024-02-18,3357.69,Completed
105009,126,2024-04-07,1419.54,Cancelled
105010,661,2024-08-05,839.57,Completed
105011,851,2024-08-06,1625.5,Completed
105012,313,2026-06-13,1711.36,Completed
105013,386,2026-01-31,2792.72,Completed
105014,93,2026-05-06,2509.86,Completed
105015,581,2025-04-06,3471.77,Completed
105016,423,2024-11-09,485.83,Pending
105017,866,2025-01-27,1071.51,Completed
105018,912,2026-04-24,1696.22,Cancelled
105019,778,2024-12-11,2458.05,Completed
105020,207,2025-09-07,7022.63,Completed
105021,195,2024-05-20,953.65,Completed
105022,478,2026-08-13,1134.73,Pending
105023,620,2025-09-16,1367.01,Completed
105024,35,2026-07-29,1108.68,Completed
105025,488,2024-10-13,1010.49,Pending
105026,87,2025-08-23,1854.53,Cancelled
105027,258,2024-09-23,3411.51,Cancelled
105028,351,2025-03-31,1945.2,Completed
105029,44,2024-11-10,1029.4,Completed
105030,261,2024-05-18,1584.46,Completed
105031,631,2025-03-06,916.4,Completed
105032,999,2025-05-31,3410.15,Completed
105033,784,2024-06-01,4683.45,Completed
105034,299,2025-01-22,638.23,Pending
105035,943,2024-04-01,2088.93,Completed
105036,433,2025-09-20,1085.4,Cancelled
105037,348,2024-10-31,1875.09,Completed
105038,858,2024-03-28,1702.63,Completed
105039,396,2025-05-14,752.84,Completed
105040,744,2026-03-23,3949.22,Completed
105041,163,2026-08-22,1630.97,Completed
105042,323,2026-07-30,1326.15,Cancelled
105043,984,2024-06-17,1941.36,Completed
105044,242,2024-07-22,1022.14,Completed
105045,860,2026-05-18,1597.45,Completed
105046,461,2025-09-07,545.27,Completed
105047,960,2025-06-12,388.94,Completed
105048,412,2026-02-19,958.14,Completed
105049,488,2024-03-03,1273.46,Completed
105050,391,2025-06-23,574.49,Cancelled
105051,206,2025-07-10,1302.68,Cancelled
105052,853,2026-06-29,1272.35,Completed
105053,572,2025-03-30,1729.39,Cancelled
105054,500,2025-05-13,2683.14,Completed
105055,365,2026-02-18,5477.49,Completed
105056,777,2024-09-20,2377.74,Completed
105057,341,2024-03-09,949.44,Completed
105058,235,2025-04-03,2775.99,Pending
105059,83,2025-08-17,4473.54,Cancelled
105060,881,2025-04-19,869.02,Cancelled
105061,75,2025-11-18,901.03,Completed
105062,854,2024-09-03,714.69,Completed
105063,373,2024-01-14,1247.15,Completed
105064,4,2026-02-04,2294.18,Completed
105065,930,2026-04-07,4720.28,Cancelled
105066,747,2025-08-24,3213.54,Cancelled
105067,728,2024-11-01,2312.62,Cancelled
105068,547,2024-12-26,1854.34,Pending
105069,765,2025-04-11,2321.64,Completed
105070,132,2025-02-14,2412.29,Cancelled
105071,232,2024-08-05,4199.07,Pending
105072,542,2024-12-27,1775.73,Completed
105073,741,2024-10-17,2133.84,Completed
105074,591,2025-03-11,1380.25,Completed
105075,403,2024-12-31,1937.69,Completed
105076,672,2025-05-28,1523.77,Completed
105077,61,2026-02-24,830.74,Pending
105078,504,2024-11-17,3175.35,Pending
105079,391,2024-02-26,4735.81,Cancelled
105080,491,2026-03-07,1756.74,Completed
105081,129,2024-06-30,2233.62,Completed
105082,908,2026-06-22,3151.43,Completed
105083,863,2025-05-29,1639.88,Completed
105084,944,2025-05-23,2036.07,Completed
105085,850,2025-02-01,1563.22,Pending
105086,665,2025-11-23,1259.37,Cancelled
105087,283,2025-09-27,2526.45,Cancelled
105088,113,2026-06-24,2511.62,Completed
105089,614,2024-01-17,3278.68,Completed
105090,949,2024-07-05,1796.03,Completed
105091,355,2024-09-27,825.22,Completed
105092,994,2024-07-03,3697.91,Cancelled
105093,154,2026-07-11,1116.65,Completed
105094,279,2024-03-11,1104.19,Completed
105095,651,2024-04-27,1273.81,Cancelled
105096,485,2025-03-06,579.52,Completed
105097,764,2024-09-14,1562.57,Completed
105098,338,2024-11-18,2692.2,Cancelled
105099,779,2025-08-10,1357.88,Completed
105100,294,2025-06-29,4295.7,Completed
105101,148,2026-04-20,4126.04,Completed
105102,568,2025-03-14,3208.57,Completed
105103,511,2026-07-01,511.74,Completed
105104,567,2024-07-04,4570.85,Completed
105105,28,2024-07-08,1542.84,Completed
105106,408,2025-01-15,5358.87,Completed
105107,91,2024-04-23,1215.48,Completed
105108,811,2024-01-29,1643.64,Completed
105109,82,2024-12-27,1907.98,Completed
105110,935,2025-06-06,981.92,Completed
105111,59,2024-09-27,627.81,Cancelled
105112,613,2024-09-20,378.83,Completed
105113,325,2024-04-04,12269.5,Completed
105114,110,2024-04-19,608.47,Completed
105115,350,2026-05-09,613.94,Completed
105116,43,2024-03-05,2610.61,Completed
105117,698,2025-11-14,713.41,Completed
105118,879,2025-11-26,632.26,Completed
105119,321,2024-07-16,277.88,Completed
105120,433,2024-08-28,2177.23,Completed
105121,139,2024-12-23,897.85,Completed
105122,475,2025-10-03,2734.61,Completed
105123,950,2024-02-05,1713.46,Completed
105124,535,2026-03-04,1902.89,Completed
105125,883,2024-11-27,1340.52,Completed
105126,784,2025-05-01,1504.59,Cancelled
105127,123,2026-06-04,1006.18,Completed
105128,55,2024-05-09,1070.08,Completed
105129,354,2026-07-11,883.42,Completed
105130,942,2025-08-20,4815.67,Completed
105131,167,2025-02-19,1391.39,Completed
105132,47,2024-03-10,412.98,Pending
105133,961,2024-03-06,2129.7,Completed
105134,194,2026-03-06,1067.54,Completed
105135,349,2025-01-26,1748.7,Cancelled
105136,784,2026-01-10,1510.71,Completed
105137,98,2026-03-21,4741.72,Completed
105138,170,2025-01-26,1402.74,Cancelled
105139,732,2024-11-03,3059.45,Completed
105140,11,2024-09-18,2856.54,Completed
105141,713,2025-09-11,740.47,Pending
105142,540,2025-11-21,2033.63,Completed
105143,240,2024-12-06,1099.52,Cancelled
105144,616,2025-07-05,820.5,Completed
105145,312,2025-06-09,822.6,Completed
105146,951,2024-05-21,3069.88,Completed
105147,411,2025-05-26,10031.74,Cancelled
105148,753,2026-01-08,1066.45,Completed
105149,265,2026-07-25,2070.97,Completed
105150,841,2024-11-20,2202.43,Completed
105151,284,2024-08-20,1275.44,Completed
105152,504,2026-05-19,4493.94,Completed
105153,808,2026-06-13,7506.74,Cancelled
105154,930,2026-03-18,1220.52,Completed
105155,757,2024-11-22,5557.47,Completed
105156,668,2024-09-25,1261.65,Completed
105157,692,2025-08-30,958.03,Completed
105158,403,2024-09-05,1644.14,Completed
105159,685,2026-01-18,3166.57,Completed
105160,573,2025-01-22,1682.1,Cancelled
105161,519,2024-11-14,2907.67,Completed
105162,305,2026-02-21,2085.61,Completed
105163,343,2024-12-11,4336.79,Completed
105164,123,2024-05-07,2541.39,Completed
105165,725,2026-02-12,4867.81,Cancelled
105166,26,2024-11-03,1030.82,Completed
105167,117,2025-09-29,1577.03,Completed
105168,287,2025-10-03,1798.21,Cancelled
105169,139,2024-03-21,1033.31,Completed
105170,754,2024-02-02,935.35,Completed
105171,125,2026-03-09,2307.48,Completed
105172,450,2024-02-24,2773.74,Completed
105173,737,2024-11-18,1936.73,Completed
105174,591,2026-01-11,3582.82,Completed
105175,593,2024-06-21,878.65,Cancelled
105176,338,2025-05-23,1395.98,Completed
105177,443,2024-04-22,836.01,Completed
105178,770,2025-06-26,1970.7,Completed
105179,470,2025-11-25,2471.69,Completed
105180,699,2024-08-30,4305.89,Completed
105181,835,2024-10-01,837.42,Completed
105182,243,2025-06-01,2293.0,Completed
105183,121,2026-02-08,4577.99,Completed
105184,457,2025-06-14,938.65,Completed
105185,377,2025-11-13,805.92,Completed
105186,150,2025-02-06,690.31,Completed
105187,764,2024-05-05,2701.2,Completed
105188,625,2026-07-27,1123.25,Completed
105189,659,2026-02-13,2455.97,Cancelled
105190,710,2024-02-17,1564.06,Cancelled
105191,429,2024-09-25,5802.99,Cancelled
105192,506,2025-02-07,3003.86,Cancelled
105193,222,2024-03-20,1067.49,Cancelled
105194,736,2026-04-14,1479.09,Completed
105195,949,2024-06-17,3003.87,Completed
105196,881,2024-07-19,898.68,Completed
105197,405,2024-11-04,3881.39,Completed
105198,53,2026-06-28,1529.81,Cancelled
105199,886,2024-08-07,3045.24,Completed
105200,573,2025-02-18,1584.57,Completed
105201,782,2025-10-25,1280.55,Completed
105202,294,2024-06-01,1151.33,Completed
105203,870,2024-03-27,5550.18,Completed
105204,847,2024-03-31,1485.81,Completed
105205,20,2024-06-27,13332.18,Completed
105206,564,2024-11-14,1986.71,Completed
105207,471,2026-07-04,1035.39,Completed
105208,659,2026-06-13,642.34,Completed
105209,257,2025-07-07,4011.22,Completed
105210,98,2026-07-02,1587.03,Pending
105211,272,2024-01-29,3072.62,Completed
105212,522,2025-07-02,8143.87,Completed
105213,267,2025-03-08,2780.22,Cancelled
105214,458,2024-04-24,2241.24,Cancelled
105215,385,2025-06-22,3994.37,Completed
105216,695,2025-03-20,3035.76,Completed
105217,408,2026-01-12,792.16,Cancelled
105218,142,2025-02-10,4280.24,Completed
105219,636,2025-02-21,1747.03,Cancelled
105220,209,2024-08-12,4902.12,Completed
105221,294,2025-04-04,2502.69,Cancelled
105222,708,2024-03-14,3905.14,Pending
105223,270,2025-07-05,1555.49,Completed
105224,63,2025-01-06,671.35,Pending
105225,352,2024-09-23,2596.59,Completed
105226,384,2024-12-27,3396.48,Completed
105227,685,2026-05-17,1253.3,Completed
105228,710,2025-11-15,1577.18,Completed
105229,1,2026-04-09,426.76,Completed
105230,762,2025-01-18,1627.17,Completed
105231,752,2025-01-17,798.51,Completed
105232,172,2024-01-13,2519.3,Completed
105233,332,2025-10-25,2237.78,Completed
105234,770,2024-01-20,1817.87,Cancelled
105235,576,2026-08-04,4252.51,Completed
105236,333,2025-10-30,2105.21,Cancelled
105237,765,2025-03-28,2041.19,Completed
105238,634,2025-10-04,2218.52,Completed
105239,506,2026-08-24,1232.4,Pending
105240,11,2024-06-05,3428.72,Completed
105241,649,2025-12-26,992.18,Completed
105242,178,2026-04-22,2369.26,Pending
105243,924,2025-07-24,3974.62,Completed
105244,186,2025-10-06,923.65,Completed
105245,34,2025-05-07,752.19,Completed
105246,371,2024-05-29,913.11,Completed
105247,342,2026-08-12,5864.24,Completed
105248,345,2024-10-06,1211.35,Cancelled
105249,931,2025-01-10,824.89,Completed
105250,272,2026-08-05,2283.98,Completed
105251,846,2024-02-25,306.45,Completed
105252,163,2025-01-31,967.83,Completed
105253,618,2025-06-24,4512.88,Completed
105254,129,2024-08-18,967.34,Pending
105255,227,2025-10-13,1519.33,Completed
105256,147,2025-05-24,2179.21,Completed
105257,321,2024-09-12,2180.0,Completed
105258,453,2024-07-19,1273.35,Cancelled
105259,867,2024-10-05,2567.51,Completed
105260,761,2026-02-09,4608.18,Completed
105261,698,2025-05-21,902.77,Completed
105262,481,2026-02-11,1313.77,Completed
105263,281,2025-11-29,1681.08,Pending
105264,291,2026-02-18,2836.85,Completed
105265,130,2026-04-11,1839.16,Completed
105266,665,2025-08-23,1657.2,Completed
105267,786,2024-12-16,657.5,Cancelled
105268,547,2025-11-06,861.83,Completed
105269,576,2026-07-07,2040.16,Completed
105270,365,2024-11-08,1288.9,Cancelled
105271,965,2025-04-19,1441.13,Cancelled
105272,894,2026-05-05,1729.04,Completed
105273,403,2025-08-04,8247.25,Completed
105274,760,2024-05-20,1302.68,Completed
105275,342,2024-12-07,4434.01,Pending
105276,123,2024-09-04,4228.21,Completed
105277,286,2025-04-09,3035.06,Completed
105278,843,2026-08-23,1037.64,Completed
105279,475,2026-03-27,1967.87,Cancelled
105280,873,2026-07-23,1396.5,Completed
105281,314,2025-12-22,6666.91,Completed
105282,453,2025-05-08,2350.7,Cancelled
105283,75,2025-10-04,1567.09,Completed
105284,786,2025-04-30,5743.02,Completed
105285,304,2024-02-09,1431.41,Completed
105286,91,2024-04-23,2576.24,Pending
105287,214,2025-06-23,2841.56,Completed
105288,667,2025-10-03,2255.98,Completed
105289,823,2024-09-03,1679.71,Cancelled
105290,956,2024-01-31,3102.4,Cancelled
105291,233,2024-03-08,1195.21,Completed
105292,592,2024-11-01,3712.44,Completed
105293,452,2026-04-17,1499.1,Completed
105294,719,2025-02-11,4294.58,Completed
105295,673,2026-08-05,3553.28,Completed
105296,73,2026-05-19,2572.41,Cancelled
105297,148,2026-04-15,1697.5,Completed
105298,592,2026-07-31,3685.94,Completed
105299,529,2024-08-23,2609.08,Completed
105300,892,2026-08-05,222.47,Cancelled
105301,858,2026-06-17,1057.89,Completed
105302,60,2026-02-16,2008.66,Completed
105303,585,2024-07-06,2158.92,Completed
105304,403,2024-10-09,2850.34,Pending
105305,475,2025-09-26,4926.05,Completed
105306,65,2024-02-14,2635.6,Completed
105307,849,2026-03-10,464.39,Pending
105308,165,2025-02-18,2046.76,Completed
105309,950,2024-01-22,3967.19,Completed
105310,935,2024-10-16,1935.41,Completed
105311,829,2025-01-19,2054.49,Completed
105312,118,2025-09-29,1305.42,Completed
105313,406,2025-08-09,3336.03,Completed
105314,28,2024-12-27,1430.78,Completed
105315,614,2025-08-25,2646.25,Pending
105316,872,2026-05-16,2378.19,Completed
105317,523,2024-12-06,1864.57,Completed
105318,27,2024-12-29,2465.63,Completed
105319,296,2024-04-08,2052.12,Completed
105320,169,2025-01-02,4129.01,Pending
105321,429,2024-10-03,2794.5,Completed
105322,365,2026-01-08,3538.16,Completed
105323,837,2024-04-20,1095.53,Completed
105324,218,2025-07-28,1051.78,Completed
105325,294,2026-01-21,1874.89,Completed
105326,235,2024-09-05,2929.8,Completed
105327,895,2024-03-06,2542.74,Cancelled
105328,289,2025-10-20,1104.58,Completed
105329,992,2025-07-26,2989.64,Completed
105330,667,2025-07-01,1196.85,Completed
105331,299,2026-05-05,2789.3,Cancelled
105332,596,2024-04-11,2168.52,Completed
105333,122,2024-07-11,1554.97,Completed
105334,908,2025-03-30,1270.49,Cancelled
105335,959,2025-06-30,1962.76,Cancelled
105336,288,2026-06-12,1899.84,Completed
105337,170,2025-08-24,911.67,Completed
105338,424,2024-07-25,2662.15,Completed
105339,775,2026-04-08,3817.64,Completed
105340,628,2025-02-07,3149.24,Completed
105341,42,2026-04-24,2209.04,Completed
105342,13,2024-09-25,1343.57,Completed
105343,233,2026-02-09,1957.36,Completed
105344,759,2025-06-06,1652.58,Cancelled
105345,258,2025-06-24,1951.47,Pending
105346,900,2026-08-06,3308.43,Completed
105347,291,2024-05-30,1677.95,Completed
105348,899,2024-10-28,545.27,Pending
105349,923,2024-06-27,3026.76,Completed
105350,733,2026-03-21,2330.24,Completed
105351,173,2026-04-07,1984.23,Completed
105352,74,2026-03-26,838.99,Completed
105353,172,2024-08-19,1047.89,Completed
105354,635,2024-09-09,1130.64,Completed
105355,692,2025-01-26,1231.68,Completed
105356,984,2026-01-21,1308.93,Completed
105357,954,2026-01-01,834.99,Cancelled
105358,300,2026-08-19,7288.96,Completed
105359,385,2026-02-02,4778.6,Completed
105360,777,2026-07-17,2155.33,Pending
105361,777,2024-09-16,1761.05,Completed
105362,305,2025-08-12,5900.47,Completed
105363,35,2025-06-02,5171.87,Completed
105364,97,2024-05-27,1112.76,Completed
105365,831,2026-07-10,2114.41,Completed
105366,341,2024-04-26,1598.75,Pending
105367,728,2026-04-11,1510.9,Completed
105368,808,2024-09-16,1616.45,Completed
105369,902,2024-08-03,1702.51,Cancelled
105370,483,2025-08-08,2064.25,Completed
105371,639,2025-03-30,2071.86,Cancelled
105372,192,2025-01-10,4584.15,Completed
105373,943,2026-05-28,1065.36,Completed
105374,890,2025-11-11,3374.63,Completed
105375,385,2025-08-15,894.96,Completed
105376,359,2026-02-05,2099.58,Cancelled
105377,737,2026-02-20,3546.51,Completed
105378,411,2024-06-24,2605.58,Completed
105379,731,2025-03-05,1465.42,Cancelled
105380,91,2026-05-30,2166.05,Completed
105381,266,2026-03-03,5268.65,Pending
105382,784,2024-02-28,1225.29,Completed
105383,925,2024-08-27,2601.39,Completed
105384,29,2024-09-14,3370.61,Completed
105385,783,2025-05-14,1398.74,Completed
105386,72,2026-03-03,5561.0,Completed
105387,874,2025-04-15,6926.7,Completed
105388,251,2024-06-27,3665.29,Completed
105389,354,2025-06-26,3670.35,Pending
105390,720,2024-08-02,585.16,Completed
105391,851,2025-10-21,762.76,Completed
105392,411,2026-08-07,1703.86,Pending
105393,307,2025-09-07,1173.8,Completed
105394,980,2026-06-06,2703.66,Cancelled
105395,965,2025-06-13,282.81,Completed
105396,521,2026-03-01,2692.31,Completed
105397,28,2026-07-03,1605.69,Completed
105398,969,2024-06-18,1265.69,Completed
105399,620,2025-10-09,6215.67,Completed
105400,552,2024-03-23,1473.36,Completed
105401,111,2024-08-16,629.32,Completed
105402,994,2024-05-18,2422.53,Completed
105403,722,2024-07-03,2307.58,Completed
105404,213,2024-01-07,1607.58,Completed
105405,355,2026-08-02,8298.93,Completed
105406,337,2025-03-04,2063.39,Cancelled
105407,878,2024-06-10,3481.28,Cancelled
105408,468,2024-11-30,2220.61,Cancelled
105409,880,2025-12-27,4110.95,Completed
105410,686,2025-09-07,1451.67,Completed
105411,360,2024-02-19,901.73,Completed
105412,403,2024-05-23,2960.97,Completed
105413,818,2025-06-13,2186.52,Pending
105414,495,2026-08-01,3018.26,Completed
105415,681,2024-03-09,1205.54,Completed
105416,122,2026-04-19,2459.38,Completed
105417,422,2024-03-01,638.59,Completed
105418,577,2025-04-27,1317.75,Completed
105419,337,2024-08-12,1138.55,Cancelled
105420,858,2025-02-16,2484.72,Completed
105421,207,2026-06-19,1313.96,Pending
105422,860,2024-07-28,737.45,Completed
105423,64,2025-09-13,1244.12,Completed
105424,423,2024-11-20,2655.95,Completed
105425,516,2025-09-25,1960.09,Completed
105426,251,2024-02-23,1109.03,Completed
105427,537,2024-10-16,3105.81,Completed
105428,906,2026-07-20,4979.36,Completed
105429,438,2025-12-05,3249.58,Completed
105430,536,2026-06-30,401.69,Completed
105431,953,2025-10-25,2100.0,Completed
105432,927,2024-06-29,1641.47,Completed
105433,17,2025-03-25,479.29,Completed
105434,732,2026-05-04,778.04,Completed
105435,860,2025-10-26,3025.81,Pending
105436,944,2025-05-21,2030.89,Completed
105437,808,2026-04-23,1896.86,Cancelled
105438,83,2024-04-20,1179.66,Completed
105439,763,2026-07-23,3637.41,Completed
105440,853,2024-05-02,809.3,Completed
105441,522,2026-08-27,1010.69,Completed
105442,25,2026-02-21,1464.11,Cancelled
105443,187,2025-04-20,667.68,Cancelled
105444,272,2025-04-08,1014.82,Completed
105445,871,2024-02-01,3588.76,Completed
105446,125,2024-11-04,1039.77,Completed
105447,750,2024-08-10,2990.25,Completed
105448,178,2025-11-18,2719.65,Completed
105449,841,2024-07-10,1613.33,Completed
105450,15,2026-02-23,715.68,Completed
105451,233,2024-10-19,1875.74,Completed
105452,101,2026-04-07,456.47,Completed
105453,553,2024-12-16,1276.34,Completed
105454,786,2026-01-02,2108.34,Completed
105455,412,2025-10-12,3167.65,Completed
105456,531,2026-08-20,1630.93,Completed
105457,641,2025-05-26,1212.41,Completed
105458,449,2024-12-09,1150.93,Completed
105459,758,2025-09-24,1327.62,Completed
105460,280,2024-01-29,2700.6,Completed
105461,172,2026-08-03,2259.96,Completed
105462,184,2025-10-21,1774.42,Completed
105463,172,2024-02-17,2710.98,Completed
105464,41,2024-06-16,1800.62,Completed
105465,46,2024-01-15,755.89,Completed
105466,55,2025-10-11,874.66,Completed
105467,156,2024-06-07,2661.47,Completed
105468,636,2025-06-15,736.9,Completed
105469,238,2025-04-21,1405.16,Completed
105470,585,2025-04-14,1671.27,Pending
105471,75,2025-08-24,919.53,Completed
105472,807,2026-04-10,608.81,Completed
105473,348,2026-06-08,838.77,Completed
105474,434,2024-06-03,555.14,Pending
105475,675,2026-07-07,2678.74,Completed
105476,998,2025-07-12,2330.64,Completed
105477,797,2024-06-25,1098.59,Completed
105478,398,2026-06-25,740.08,Completed
105479,339,2024-12-25,3841.56,Pending
105480,332,2025-03-09,2396.51,Completed
105481,84,2026-07-30,1202.15,Cancelled
105482,330,2025-07-18,3893.92,Pending
105483,764,2024-05-19,1968.42,Completed
105484,273,2024-03-09,2213.33,Cancelled
105485,386,2026-03-09,914.39,Completed
105486,72,2024-12-05,671.82,Completed
105487,248,2024-04-06,648.72,Completed
105488,68,2024-02-10,6971.0,Completed
105489,464,2026-07-08,1051.13,Completed
105490,291,2025-07-10,1877.89,Completed
105491,970,2025-05-24,2426.71,Completed
105492,592,2025-07-28,1775.8,Completed
105493,367,2025-02-11,1628.28,Completed
105494,535,2026-07-14,1604.85,Completed
105495,961,2025-08-08,2458.99,Completed
105496,179,2025-09-13,915.68,Completed
105497,251,2026-05-19,1351.8,Completed
105498,543,2024-01-03,402.67,Pending
105499,104,2024-11-06,536.23,Pending
105500,518,2026-03-21,774.18,Completed
105501,156,2024-04-03,3135.29,Completed
105502,872,2024-11-16,1507.62,Completed
105503,778,2024-06-08,2832.34,Completed
105504,52,2025-11-25,2311.65,Completed
105505,535,2026-04-01,2131.55,Pending
105506,207,2024-09-13,974.46,Completed
105507,581,2025-10-30,1889.85,Completed
105508,543,2026-01-09,2123.78,Completed
105509,968,2026-05-31,7524.98,Cancelled
105510,176,2026-06-21,1437.46,Cancelled
105511,500,2025-03-19,2897.16,Completed
105512,966,2024-03-18,1660.74,Completed
105513,117,2025-12-25,1140.34,Cancelled
105514,252,2025-06-13,3167.63,Completed
105515,722,2025-03-22,6155.32,Completed
105516,108,2025-06-09,2134.2,Completed
105517,205,2025-09-18,1154.67,Cancelled
105518,959,2024-10-05,2439.17,Completed
105519,581,2024-11-15,2158.5,Completed
105520,58,2024-11-28,7602.78,Completed
105521,864,2025-04-24,2915.95,Completed
105522,521,2025-10-19,981.14,Completed
105523,471,2024-02-10,4122.0,Completed
105524,993,2024-10-11,2979.55,Completed
105525,305,2025-12-09,3306.18,Completed
105526,373,2024-01-30,2403.6,Completed
105527,576,2026-02-12,3466.63,Completed
105528,240,2026-01-18,2396.94,Completed
105529,126,2024-11-06,1525.68,Completed
105530,137,2025-08-31,1964.09,Pending
105531,300,2025-04-21,1669.32,Completed
105532,81,2024-08-31,2247.21,Completed
105533,498,2024-05-25,1895.39,Completed
105534,994,2026-07-24,1467.13,Completed
105535,252,2026-04-16,1599.58,Completed
105536,44,2026-05-24,1795.79,Cancelled
105537,43,2024-05-16,565.57,Completed
105538,166,2026-07-27,3503.17,Completed
105539,586,2025-09-01,2256.78,Completed
105540,464,2025-05-13,1209.64,Completed
105541,398,2024-11-28,2643.39,Completed
105542,760,2024-08-16,1293.71,Completed
105543,386,2024-11-12,1293.69,Completed
105544,618,2024-06-18,2296.3,Completed
105545,998,2026-02-07,4561.68,Completed
105546,168,2026-07-11,2159.13,Cancelled
105547,111,2026-07-30,1087.05,Completed
105548,213,2026-05-16,1432.05,Cancelled
105549,153,2024-05-08,3125.73,Completed
105550,837,2025-12-21,2340.98,Completed
105551,883,2026-04-14,3358.33,Completed
105552,558,2025-05-11,2324.57,Cancelled
105553,128,2025-06-26,2970.79,Completed
105554,861,2025-01-09,6660.76,Completed
105555,922,2026-03-11,747.35,Completed
105556,405,2025-11-15,8605.75,Pending
105557,672,2025-09-04,3308.54,Completed
105558,610,2024-01-10,9914.7,Cancelled
105559,527,2026-07-23,949.97,Cancelled
105560,346,2025-05-25,2308.0,Completed
105561,275,2026-07-19,1996.47,Cancelled
105562,273,2025-10-22,3196.6,Completed
105563,352,2025-05-21,2442.76,Completed
105564,764,2026-01-03,2271.21,Completed
105565,834,2024-08-27,2986.45,Cancelled
105566,112,2025-03-14,1679.27,Completed
105567,59,2024-01-25,1287.24,Completed
105568,472,2025-12-26,2416.69,Completed
105569,771,2024-11-11,1285.58,Completed
105570,559,2024-04-03,1658.96,Completed
105571,835,2026-02-13,705.44,Completed
105572,716,2024-08-14,1866.64,Completed
105573,708,2024-08-05,984.29,Completed
105574,535,2024-05-20,1761.83,Completed
105575,56,2025-08-10,888.58,Cancelled
105576,178,2024-11-26,1777.52,Completed
105577,749,2025-07-09,3230.37,Completed
105578,301,2024-11-30,1222.0,Cancelled
105579,728,2026-01-02,981.32,Completed
105580,333,2024-12-29,2991.73,Completed
105581,17,2026-02-10,3258.99,Completed
105582,677,2025-03-29,2371.06,Completed
105583,899,2024-01-15,1330.08,Completed
105584,439,2025-02-28,1195.41,Cancelled
105585,130,2024-08-26,1451.1,Completed
105586,411,2025-04-22,1732.09,Completed
105587,962,2024-05-01,586.41,Completed
105588,310,2026-01-02,950.03,Cancelled
105589,73,2025-08-30,4058.66,Completed
105590,771,2024-05-18,2059.81,Completed
105591,235,2026-08-09,3996.12,Completed
105592,41,2024-12-07,3483.29,Completed
105593,689,2024-07-23,1469.16,Completed
105594,332,2024-01-01,1483.66,Cancelled
105595,136,2024-08-28,3373.84,Completed
105596,56,2024-01-28,2947.36,Completed
105597,182,2025-04-14,3419.88,Cancelled
105598,150,2025-08-13,1784.24,Pending
105599,15,2024-12-26,1974.79,Cancelled
105600,363,2026-05-02,1524.51,Completed
105601,834,2026-07-28,1738.52,Pending
105602,392,2024-10-24,1152.71,Completed
105603,41,2025-09-12,1714.59,Cancelled
105604,889,2025-01-26,1622.2,Completed
105605,635,2024-09-23,1335.9,Completed
105606,965,2024-07-23,3010.28,Completed
105607,581,2025-05-22,719.74,Completed
105608,471,2024-05-18,2241.45,Completed
105609,506,2025-10-16,988.75,Cancelled
105610,11,2026-05-10,1037.36,Completed
105611,369,2024-12-24,1096.8,Cancelled
105612,435,2025-07-10,2444.48,Completed
105613,293,2026-08-07,414.92,Completed
105614,846,2025-11-16,2008.61,Completed
105615,959,2025-01-27,1853.97,Completed
105616,472,2026-05-08,958.08,Completed
105617,790,2024-02-11,2026.33,Completed
105618,221,2025-07-26,818.05,Cancelled
105619,926,2024-09-02,1749.52,Completed
105620,704,2024-06-24,798.23,Completed
105621,738,2025-05-17,6824.4,Completed
105622,597,2025-11-25,3150.94,Completed
105623,836,2025-12-19,2112.75,Cancelled
105624,532,2025-12-28,967.46,Completed
105625,965,2024-10-07,1504.85,Cancelled
105626,663,2025-02-06,1545.83,Completed
105627,447,2024-04-20,2106.49,Completed
105628,205,2025-08-23,2332.28,Completed
105629,912,2026-02-21,2083.31,Completed
105630,58,2025-04-16,2248.55,Completed
105631,46,2024-10-31,1611.85,Completed
105632,35,2024-11-20,2248.78,Completed
105633,107,2025-09-24,1189.02,Pending
105634,245,2025-10-16,901.69,Cancelled
105635,482,2025-04-08,5982.92,Completed
105636,274,2024-08-28,2358.89,Completed
105637,447,2025-02-03,5822.58,Pending
105638,441,2024-11-14,1505.62,Completed
105639,432,2024-04-05,8625.76,Completed
105640,61,2025-01-29,1895.59,Completed
105641,534,2026-04-06,3791.12,Cancelled
105642,293,2025-08-21,1838.85,Completed
105643,535,2024-05-09,2003.68,Cancelled
105644,62,2026-04-09,1670.14,Completed
105645,878,2024-07-26,1306.65,Completed
105646,727,2025-08-21,3403.98,Cancelled
105647,339,2025-07-06,1789.66,Completed
105648,352,2025-12-07,3088.14,Pending
105649,308,2026-01-15,3238.96,Completed
105650,992,2024-10-11,4513.65,Completed
105651,703,2026-01-26,2366.82,Completed
105652,453,2025-07-25,674.12,Completed
105653,650,2024-12-06,1461.78,Completed
105654,65,2024-04-11,1770.75,Completed
105655,837,2025-07-07,1814.58,Completed
105656,598,2025-03-26,4240.76,Completed
105657,301,2025-04-02,3767.21,Completed
105658,693,2025-11-02,1638.19,Completed
105659,11,2025-11-20,8735.09,Completed
105660,482,2024-06-23,1434.83,Pending
105661,945,2024-10-15,1512.54,Completed
105662,764,2026-05-27,884.91,Completed
105663,47,2025-07-31,653.33,Completed
105664,592,2025-02-09,835.89,Completed
105665,680,2026-08-04,3478.46,Completed
105666,523,2025-10-15,2914.69,Completed
105667,313,2026-04-06,1013.57,Cancelled
105668,679,2025-04-02,1920.74,Pending
105669,420,2024-06-08,3040.41,Cancelled
105670,951,2025-12-13,480.03,Completed
105671,847,2026-03-05,5695.77,Completed
105672,914,2025-07-22,3567.75,Completed
105673,416,2025-02-25,3048.41,Completed
105674,678,2024-04-29,3931.97,Completed
105675,142,2024-08-27,477.49,Completed
105676,758,2026-06-18,1561.61,Completed
105677,759,2024-06-12,4078.49,Completed
105678,779,2025-10-04,1791.79,Completed
105679,25,2025-10-07,2916.91,Completed
105680,450,2025-04-04,4614.02,Cancelled
105681,272,2026-08-27,2843.8,Completed
105682,920,2025-10-20,1522.38,Completed
105683,535,2026-07-29,2616.91,Pending
105684,614,2024-09-10,607.52,Completed
105685,432,2025-12-21,2475.68,Cancelled
105686,113,2026-01-18,2930.14,Cancelled
105687,621,2026-06-13,1985.57,Pending
105688,613,2025-02-04,3829.68,Completed
105689,375,2024-11-19,2157.38,Completed
105690,631,2026-02-22,1980.42,Completed
105691,386,2025-11-30,5922.75,Cancelled
105692,661,2024-09-23,965.79,Completed
105693,341,2024-10-23,4448.97,Completed
105694,777,2026-02-07,4225.82,Pending
105695,893,2025-07-08,3118.11,Completed
105696,477,2026-06-01,1383.83,Completed
105697,20,2025-09-05,2249.12,Completed
105698,682,2026-08-12,1067.16,Completed
105699,942,2024-11-14,1249.09,Completed
105700,711,2026-01-25,1960.55,Completed
105701,350,2024-07-03,1013.52,Completed
105702,562,2025-11-16,1546.7,Completed
105703,357,2025-02-10,879.4,Completed
105704,778,2025-05-20,2751.61,Completed
105705,731,2026-02-24,5209.3,Completed
105706,625,2024-04-12,7506.61,Pending
105707,384,2024-08-05,919.43,Cancelled
105708,171,2025-06-28,1030.66,Completed
105709,618,2025-02-07,1742.47,Pending
105710,330,2025-07-02,3071.93,Completed
105711,908,2025-02-22,1695.52,Completed
105712,64,2024-03-03,3626.22,Pending
105713,855,2026-06-30,2739.46,Completed
105714,784,2025-11-02,614.34,Completed
105715,513,2025-08-16,2009.56,Cancelled
105716,994,2024-05-24,866.31,Completed
105717,720,2024-07-11,1342.32,Completed
105718,45,2025-08-03,1482.75,Completed
105719,387,2024-02-21,3137.32,Completed
105720,850,2025-04-04,1900.83,Completed
105721,781,2026-05-15,1431.07,Completed
105722,161,2026-05-01,7565.65,Completed
105723,169,2025-05-15,1083.55,Completed
105724,927,2024-08-13,2335.06,Completed
105725,48,2024-03-12,2987.7,Completed
105726,952,2024-06-15,2159.2,Completed
105727,537,2024-09-30,1079.46,Completed
105728,815,2025-06-20,1044.23,Completed
105729,211,2025-12-07,2896.51,Pending
105730,338,2025-03-23,3816.93,Completed
105731,734,2026-03-15,1870.02,Completed
105732,162,2024-06-05,821.66,Pending
105733,101,2025-02-16,1947.5,Completed
105734,611,2025-08-20,5178.52,Completed
105735,13,2024-02-22,1005.91,Completed
105736,941,2026-05-31,1573.61,Completed
105737,675,2026-08-26,2008.73,Completed
105738,716,2025-12-21,3924.15,Completed
105739,496,2025-11-14,1371.02,Completed
105740,624,2024-07-22,2649.77,Completed
105741,954,2024-06-26,4777.57,Completed
105742,9,2024-08-19,738.32,Completed
105743,245,2024-05-11,824.93,Cancelled
105744,697,2025-06-26,1819.93,Cancelled
105745,122,2026-07-20,3658.1,Completed
105746,243,2025-10-21,2401.38,Completed
105747,27,2026-05-07,3876.83,Completed
105748,57,2026-08-10,639.72,Cancelled
105749,438,2025-10-06,2421.72,Cancelled
105750,661,2024-04-11,303.99,Completed
105751,100,2026-06-24,4582.21,Completed
105752,982,2025-06-15,4188.88,Completed
105753,779,2025-06-16,1562.29,Cancelled
105754,663,2026-08-18,431.02,Completed
105755,74,2025-10-27,1688.53,Completed
105756,517,2024-04-17,3996.07,Completed
105757,925,2026-01-14,2531.0,Completed
105758,235,2026-08-04,6432.76,Cancelled
105759,537,2024-08-19,1594.98,Completed
105760,562,2025-03-25,7236.27,Completed
105761,697,2024-04-10,519.36,Completed
105762,923,2025-11-29,1180.22,Completed
105763,129,2024-05-19,832.84,Completed
105764,64,2025-02-17,3119.08,Completed
105765,89,2025-09-25,879.41,Completed
105766,265,2026-03-29,3718.4,Completed
105767,347,2024-11-06,3019.07,Completed
105768,886,2026-06-02,2172.76,Pending
105769,518,2024-01-24,1794.87,Completed
105770,750,2024-06-11,974.1,Completed
105771,576,2024-04-25,2853.72,Cancelled
105772,954,2025-12-28,1385.69,Completed
105773,321,2024-12-18,3169.6,Completed
105774,669,2024-01-21,5093.31,Cancelled
105775,270,2026-02-05,1573.48,Completed
105776,231,2024-09-26,4537.53,Completed
105777,981,2025-10-25,2176.05,Completed
105778,28,2025-06-21,2834.64,Completed
105779,270,2024-04-18,814.36,Completed
105780,381,2025-08-09,1230.73,Completed
105781,137,2026-04-17,1222.07,Completed
105782,775,2024-12-21,4612.8,Completed
105783,352,2026-03-21,1530.85,Completed
105784,452,2024-09-20,2893.22,Cancelled
105785,297,2024-10-02,1830.36,Cancelled
105786,897,2024-06-16,1524.87,Completed
105787,418,2024-07-24,738.62,Completed
105788,791,2024-08-21,555.96,Completed
105789,624,2025-09-24,1542.92,Completed
105790,958,2024-05-06,1602.44,Completed
105791,605,2025-06-13,1086.18,Completed
105792,987,2024-09-11,2113.14,Completed
105793,698,2024-05-22,6891.17,Completed
105794,60,2026-03-10,5074.65,Completed
105795,156,2025-06-09,1902.05,Completed
105796,793,2024-10-06,1945.46,Completed
105797,48,2025-09-13,2840.44,Completed
105798,187,2026-06-02,2198.05,Pending
105799,794,2024-10-02,2843.65,Pending
105800,348,2024-08-26,2238.99,Cancelled
105801,213,2025-10-26,1989.56,Cancelled
105802,194,2025-04-23,1224.99,Completed
105803,308,2025-10-17,2348.83,Completed
105804,847,2024-06-12,426.58,Completed
105805,450,2026-06-26,2204.49,Pending
105806,956,2024-01-17,484.21,Completed
105807,719,2024-09-23,2205.64,Completed
105808,266,2025-08-31,982.4,Cancelled
105809,163,2025-05-21,4259.06,Completed
105810,945,2024-11-24,1966.93,Completed
105811,907,2026-08-08,1858.08,Completed
105812,122,2024-12-01,2416.33,Completed
105813,313,2025-10-22,1058.49,Completed
105814,749,2025-01-31,3848.73,Pending
105815,982,2025-03-04,2913.43,Completed
105816,908,2026-01-26,1297.66,Cancelled
105817,281,2024-12-10,932.89,Completed
105818,903,2025-01-23,1411.96,Completed
105819,731,2026-01-30,1678.34,Completed
105820,457,2024-03-25,889.33,Completed
105821,371,2025-02-24,1337.53,Cancelled
105822,821,2024-09-28,1225.41,Completed
105823,846,2025-04-14,1578.27,Completed
105824,919,2025-07-14,1586.48,Completed
105825,456,2025-02-21,2472.06,Pending
105826,264,2026-08-24,1836.93,Completed
105827,878,2026-06-07,2337.61,Completed
105828,296,2024-05-19,2116.02,Completed
105829,759,2025-09-17,1585.81,Completed
105830,505,2024-11-10,2807.25,Completed
105831,588,2025-11-26,302.46,Completed
105832,206,2025-04-17,1425.58,Completed
105833,247,2026-07-16,1242.17,Completed
105834,654,2026-07-08,1945.23,Completed
105835,258,2024-02-25,1191.8,Completed
105836,670,2024-04-15,2571.71,Completed
105837,992,2024-01-23,2884.22,Completed
105838,83,2026-02-11,732.12,Completed
105839,930,2024-08-10,2081.44,Completed
105840,170,2025-12-04,782.86,Completed
105841,137,2024-11-19,2458.54,Completed
105842,843,2024-10-25,1329.14,Completed
105843,201,2025-08-10,1067.21,Completed
105844,649,2026-01-22,592.14,Completed
105845,107,2025-07-05,1695.31,Pending
105846,87,2025-07-13,847.97,Completed
105847,198,2025-12-17,686.25,Completed
105848,518,2024-06-15,2031.27,Pending
105849,285,2025-07-30,3379.73,Completed
105850,221,2024-10-05,2326.1,Completed
105851,847,2024-05-30,710.1,Completed
105852,172,2024-11-15,1646.87,Completed
105853,96,2024-07-06,2801.49,Completed
105854,109,2024-11-10,1647.29,Completed
105855,889,2024-01-23,2224.17,Pending
105856,470,2025-12-27,1354.68,Pending
105857,972,2024-12-04,1401.77,Completed
105858,815,2025-10-04,1172.38,Cancelled
105859,278,2025-12-30,2679.41,Completed
105860,794,2026-03-08,2791.53,Pending
105861,450,2024-03-16,1254.74,Completed
105862,559,2025-05-12,2940.11,Completed
105863,528,2025-02-09,711.95,Completed
105864,763,2024-12-07,1610.52,Completed
105865,203,2026-02-23,746.69,Cancelled
105866,61,2024-03-06,862.5,Completed
105867,736,2024-10-28,740.9,Completed
105868,956,2026-02-11,1175.35,Cancelled
105869,579,2025-01-19,2692.92,Completed
105870,118,2024-03-13,1710.61,Completed
105871,111,2024-06-17,1231.52,Pending
105872,543,2024-10-20,1608.03,Completed
105873,902,2024-08-29,472.93,Completed
105874,616,2025-10-12,2610.3,Completed
105875,295,2024-06-15,417.62,Completed
105876,622,2026-01-13,1136.65,Completed
105877,155,2024-10-30,1710.04,Completed
105878,472,2024-03-07,2404.61,Completed
105879,981,2024-01-12,2102.5,Completed
105880,631,2025-08-14,1743.01,Completed
105881,102,2025-12-15,4642.04,Completed
105882,198,2024-05-13,6668.82,Completed
105883,61,2024-10-27,1808.27,Completed
105884,398,2026-01-06,1686.63,Completed
105885,235,2026-04-24,1622.49,Completed
105886,979,2025-12-11,1210.12,Cancelled
105887,311,2025-08-24,2298.13,Completed
105888,39,2025-12-28,4113.56,Completed
105889,428,2024-10-15,356.71,Completed
105890,743,2024-03-03,1612.05,Completed
105891,684,2025-07-02,4736.85,Completed
105892,977,2025-06-28,2324.13,Completed
105893,358,2026-02-20,2355.5,Completed
105894,520,2024-08-22,635.84,Cancelled
105895,558,2026-05-15,2841.04,Completed
105896,28,2025-04-27,3468.49,Cancelled
105897,9,2025-03-06,2049.81,Pending
105898,803,2026-08-20,1175.48,Completed
105899,380,2025-06-12,2400.36,Completed
105900,687,2024-03-29,916.84,Completed
105901,946,2024-09-03,841.27,Completed
105902,243,2025-08-01,3031.85,Completed
105903,779,2024-08-12,3669.54,Completed
105904,210,2024-06-09,1110.8,Completed
105905,747,2024-10-15,843.94,Completed
105906,159,2025-05-11,1017.34,Pending
105907,297,2024-03-31,2046.76,Completed
105908,464,2025-05-21,844.56,Completed
105909,480,2025-12-08,4146.56,Completed
105910,34,2025-03-19,1330.56,Pending
105911,853,2025-11-06,2283.88,Cancelled
105912,11,2025-09-14,1110.39,Completed
105913,887,2025-04-27,2631.1,Completed
105914,203,2026-08-05,2774.89,Completed
105915,711,2025-08-18,604.84,Completed
105916,713,2026-02-22,1157.2,Completed
105917,450,2025-09-15,1625.77,Cancelled
105918,534,2026-07-21,1279.44,Completed
105919,75,2025-02-23,3171.85,Completed
105920,906,2024-07-03,1220.93,Completed
105921,119,2024-06-25,2864.63,Cancelled
105922,659,2026-08-24,2466.54,Pending
105923,1,2026-02-15,1678.03,Completed
105924,751,2024-10-23,2942.95,Completed
105925,351,2025-03-11,662.41,Completed
105926,475,2024-02-03,1729.25,Pending
105927,27,2026-07-16,1088.21,Completed
105928,214,2025-02-28,1679.16,Completed
105929,429,2025-01-09,1326.67,Completed
105930,720,2024-08-27,1871.57,Completed
105931,599,2024-03-21,1811.13,Completed
105932,258,2026-01-11,1969.89,Completed
105933,598,2024-08-04,2021.29,Cancelled
105934,221,2024-03-25,2612.93,Cancelled
105935,554,2025-06-17,794.23,Completed
105936,537,2024-03-16,2506.47,Completed
105937,223,2024-10-08,673.39,Completed
105938,197,2025-06-22,292.72,Completed
105939,517,2024-07-20,6487.57,Completed
105940,588,2026-08-21,977.79,Completed
105941,980,2026-05-01,1345.23,Completed
105942,488,2026-05-11,535.99,Pending
105943,438,2025-05-16,1339.63,Completed
105944,470,2026-08-19,2058.97,Completed
105945,882,2024-11-12,2107.69,Completed
105946,299,2025-06-24,821.5,Cancelled
105947,375,2025-12-26,1349.07,Completed
105948,360,2025-05-06,2287.54,Completed
105949,624,2026-04-10,2101.9,Completed
105950,699,2024-04-11,1956.49,Completed
105951,475,2025-03-06,2950.76,Completed
105952,262,2026-03-18,1676.89,Completed
105953,687,2024-06-26,4449.31,Completed
105954,273,2025-01-09,1487.71,Completed
105955,903,2026-08-25,2827.02,Completed
105956,625,2025-08-19,2893.2,Completed
105957,434,2024-12-15,620.23,Pending
105958,231,2024-12-19,2397.38,Completed
105959,762,2024-07-18,1187.32,Cancelled
105960,611,2025-12-15,934.29,Completed
105961,889,2024-04-10,1366.03,Completed
105962,708,2024-07-21,1999.47,Completed
105963,793,2024-04-30,650.9,Pending
105964,92,2026-01-03,1831.73,Completed
105965,28,2026-07-06,1562.62,Completed
105966,660,2024-03-25,3534.61,Completed
105967,1,2026-07-10,1192.42,Completed
105968,897,2026-06-10,3900.76,Completed
105969,890,2025-05-09,2314.53,Completed
105970,586,2024-02-06,1761.24,Completed
105971,734,2025-11-04,4119.23,Completed
105972,418,2025-05-25,6280.4,Completed
105973,960,2026-03-21,1569.77,Completed
105974,40,2024-10-13,1112.63,Completed
105975,287,2025-06-26,2378.87,Completed
105976,698,2026-05-17,713.78,Completed
105977,792,2025-10-10,772.69,Completed
105978,241,2025-09-20,4209.12,Completed
105979,808,2026-07-29,2610.38,Pending
105980,454,2025-04-21,1030.43,Completed
105981,866,2024-06-16,13812.41,Completed
105982,265,2026-08-07,733.01,Completed
105983,692,2024-05-15,2692.87,Completed
105984,205,2025-06-20,1072.58,Completed
105985,137,2026-01-02,5728.66,Completed
105986,706,2026-02-04,1274.66,Completed
105987,681,2025-11-15,1495.99,Completed
105988,288,2025-02-17,555.49,Pending
105989,606,2024-06-29,6969.24,Completed
105990,943,2024-02-07,1204.57,Completed
105991,325,2024-10-21,2459.38,Completed
105992,496,2026-08-03,1805.54,Completed
105993,205,2025-10-28,1257.77,Completed
105994,516,2025-01-30,423.07,Completed
105995,892,2025-04-26,1551.76,Completed
105996,638,2024-11-21,1508.61,Cancelled
105997,140,2026-05-19,2214.41,Completed
105998,747,2025-03-17,7259.72,Completed
105999,418,2026-03-25,2736.58,Completed
106000,22,2024-02-19,3147.78,Completed
106001,624,2025-04-18,1476.13,Completed
106002,293,2025-08-09,766.56,Completed
106003,972,2025-10-10,1501.2,Completed
106004,997,2024-01-24,1116.69,Completed
106005,671,2025-09-18,1742.36,Completed
106006,634,2026-03-27,1305.49,Completed
106007,298,2024-03-30,604.89,Cancelled
106008,73,2024-11-17,4101.38,Completed
106009,62,2025-02-18,1642.59,Cancelled
106010,457,2024-09-04,1452.47,Completed
106011,309,2025-03-04,877.81,Completed
106012,962,2026-05-18,1321.51,Completed
106013,287,2026-05-23,1026.99,Completed
106014,210,2025-08-07,828.36,Completed
106015,826,2026-05-11,2000.82,Completed
106016,845,2026-03-04,1327.17,Completed
106017,371,2024-02-26,2928.17,Completed
106018,82,2025-01-11,1424.12,Completed
106019,98,2026-04-02,1939.44,Completed
106020,519,2025-03-06,1903.84,Completed
106021,878,2025-08-18,2311.54,Completed
106022,381,2025-02-04,1041.89,Completed
106023,22,2024-01-16,3229.13,Completed
106024,369,2025-07-03,835.92,Completed
106025,4,2025-01-06,1850.34,Completed
106026,419,2026-01-23,822.49,Completed
106027,468,2026-05-14,1664.15,Cancelled
106028,736,2024-04-11,3211.81,Completed
106029,72,2024-12-14,2582.73,Completed
106030,474,2025-01-17,3581.74,Completed
106031,176,2025-10-20,1478.0,Cancelled
106032,461,2025-01-20,3249.78,Completed
106033,984,2025-07-04,1147.79,Completed
106034,747,2026-06-02,1336.16,Pending
106035,853,2025-07-27,1958.75,Completed
106036,42,2024-04-05,3127.67,Pending
106037,768,2025-04-12,1261.14,Completed
106038,874,2026-05-12,2828.16,Completed
106039,671,2025-04-14,2091.87,Completed
106040,787,2026-08-14,2240.63,Completed
106041,51,2026-05-28,1032.8,Completed
106042,744,2024-09-13,1401.76,Completed
106043,845,2025-02-06,1693.72,Completed
106044,228,2024-06-29,2241.53,Completed
106045,465,2024-07-05,1064.99,Pending
106046,419,2024-12-23,777.25,Pending
106047,98,2025-02-12,450.0,Completed
106048,127,2024-12-06,2922.86,Completed
106049,294,2025-12-14,3324.92,Completed
106050,109,2024-05-27,487.48,Completed
106051,497,2025-04-07,1890.75,Pending
106052,58,2026-05-14,1408.68,Cancelled
106053,17,2025-12-13,3970.36,Completed
106054,631,2024-07-17,1570.06,Completed
106055,249,2024-08-21,2566.05,Completed
106056,372,2026-06-20,1365.31,Pending
106057,329,2025-07-21,1151.63,Pending
106058,463,2026-05-06,2963.85,Completed
106059,457,2026-04-20,3628.14,Completed
106060,132,2025-03-05,788.98,Pending
106061,3,2025-05-30,3782.46,Completed
106062,436,2024-12-24,955.2,Completed
106063,564,2025-09-11,395.32,Completed
106064,771,2025-09-24,1812.7,Completed
106065,194,2025-10-22,2502.89,Cancelled
106066,84,2026-04-17,672.04,Pending
106067,599,2025-12-20,496.08,Pending
106068,907,2024-04-09,1304.96,Completed
106069,237,2024-12-06,1196.29,Pending
106070,86,2025-07-08,4384.33,Completed
106071,399,2025-09-01,1814.2,Completed
106072,559,2026-04-21,2901.54,Completed
106073,624,2025-02-08,2062.84,Completed
106074,112,2026-03-10,4990.01,Cancelled
106075,657,2025-01-15,1008.22,Cancelled
106076,337,2024-05-22,1699.98,Pending
106077,34,2025-04-07,649.14,Completed
106078,926,2024-05-25,3050.16,Completed
106079,533,2025-01-31,3713.23,Completed
106080,298,2024-08-23,3174.31,Completed
106081,824,2024-01-26,1659.88,Completed
106082,803,2025-10-07,683.62,Completed
106083,204,2025-12-22,1701.7,Completed
106084,962,2024-05-08,1158.67,Completed
106085,530,2025-07-22,3278.91,Cancelled
106086,261,2025-05-03,1364.0,Completed
106087,441,2024-05-13,1345.21,Completed
106088,185,2025-08-14,7395.53,Pending
106089,860,2024-09-11,3026.31,Completed
106090,266,2026-03-10,3622.43,Completed
106091,432,2025-08-17,1290.36,Completed
106092,68,2024-04-18,880.34,Completed
106093,945,2025-05-19,3600.97,Completed
106094,296,2024-04-23,4747.67,Completed
106095,653,2025-12-04,780.02,Completed
106096,346,2024-10-16,1285.85,Completed
106097,560,2025-04-21,993.54,Completed
106098,559,2025-11-08,2461.34,Cancelled
106099,287,2026-04-01,3647.02,Completed
106100,427,2025-05-13,1416.78,Cancelled
106101,598,2024-03-16,1414.11,Completed
106102,213,2024-09-08,504.55,Completed
106103,129,2025-08-19,968.05,Completed
106104,177,2024-02-10,4794.84,Completed
106105,412,2024-12-27,2479.4,Completed
106106,210,2024-11-10,3286.67,Completed
106107,280,2024-10-25,1419.68,Completed
106108,685,2026-07-17,1507.26,Completed
106109,671,2026-07-07,1821.91,Completed
106110,945,2026-05-23,2222.3,Cancelled
106111,768,2026-04-20,4402.68,Completed
106112,420,2026-05-19,1162.41,Completed
106113,932,2024-06-27,1645.48,Completed
106114,925,2025-01-17,1074.84,Completed
106115,219,2024-02-25,500.81,Completed
106116,170,2026-02-14,3273.56,Completed
106117,891,2026-04-23,5604.84,Cancelled
106118,896,2024-01-29,2960.43,Completed
106119,855,2024-06-13,2090.65,Completed
106120,454,2024-06-13,6004.58,Completed
106121,871,2026-06-22,2425.55,Cancelled
106122,773,2026-02-08,3033.06,Pending
106123,747,2024-09-26,1972.73,Completed
106124,604,2024-02-14,2178.62,Completed
106125,265,2025-02-04,1650.98,Cancelled
106126,752,2025-07-22,3092.45,Completed
106127,886,2024-02-13,885.55,Completed
106128,891,2025-04-01,2363.88,Pending
106129,601,2025-06-07,1033.87,Completed
106130,43,2026-08-12,2507.27,Pending
106131,747,2024-07-02,8533.24,Completed
106132,251,2024-06-27,2836.84,Completed
106133,203,2025-02-23,3860.66,Completed
106134,80,2024-11-06,3236.19,Completed
106135,156,2026-06-13,396.94,Cancelled
106136,482,2026-02-04,1652.33,Completed
106137,274,2024-09-02,2408.26,Pending
106138,375,2024-11-21,463.02,Completed
106139,510,2025-09-09,1496.72,Pending
106140,526,2026-04-28,1709.63,Completed
106141,414,2024-07-15,808.36,Completed
106142,446,2024-10-15,958.38,Completed
106143,894,2025-08-16,4293.35,Completed
106144,279,2026-04-16,175.56,Completed
106145,16,2024-10-08,2147.36,Pending
106146,807,2025-03-30,3834.76,Pending
106147,81,2025-10-25,1768.53,Completed
106148,778,2025-02-17,4496.92,Completed
106149,316,2026-01-19,1363.41,Completed
106150,851,2025-05-16,999.49,Cancelled
106151,167,2026-05-06,1788.99,Completed
106152,164,2025-08-13,1404.63,Completed
106153,403,2026-06-12,1241.23,Completed
106154,416,2026-04-16,1600.77,Pending
106155,720,2024-08-22,1075.72,Completed
106156,649,2026-05-23,1044.11,Completed
106157,994,2024-05-05,868.05,Completed
106158,677,2024-10-02,2359.7,Pending
106159,199,2024-02-17,940.31,Completed
106160,88,2024-04-11,802.88,Cancelled
106161,264,2025-12-01,895.72,Cancelled
106162,983,2024-04-18,2057.41,Completed
106163,773,2024-06-30,2781.2,Completed
106164,747,2025-02-01,2932.8,Cancelled
106165,270,2026-02-17,2069.04,Completed
106166,463,2026-02-27,2549.47,Completed
106167,705,2026-07-27,1737.02,Completed
106168,950,2024-02-23,2420.38,Cancelled
106169,584,2024-05-23,2396.3,Completed
106170,25,2025-01-23,1120.22,Completed
106171,864,2024-10-02,894.59,Completed
106172,937,2024-04-04,4334.85,Completed
106173,38,2025-05-24,1952.8,Completed
106174,387,2025-04-01,3566.02,Completed
106175,979,2025-02-22,880.55,Cancelled
106176,955,2024-01-22,1382.89,Pending
106177,965,2025-02-18,735.63,Completed
106178,976,2025-03-21,2739.84,Completed
106179,26,2024-07-30,1207.28,Completed
106180,151,2026-02-12,1255.46,Completed
106181,495,2026-05-15,6417.7,Completed
106182,605,2026-06-22,2775.61,Completed
106183,398,2025-10-25,2753.69,Completed
106184,266,2025-10-19,824.0,Completed
106185,252,2024-05-29,538.15,Completed
106186,605,2025-01-18,3382.79,Completed
106187,978,2024-01-05,419.6,Completed
106188,834,2025-06-28,1299.22,Completed
106189,173,2026-01-12,1062.07,Completed
106190,147,2025-10-12,986.54,Completed
106191,262,2024-01-16,1351.44,Completed
106192,738,2025-06-25,906.26,Completed
106193,12,2026-05-06,816.59,Completed
106194,705,2024-04-09,2124.62,Completed
106195,580,2025-05-30,3599.86,Completed
106196,661,2024-08-31,582.29,Completed
106197,869,2026-06-23,2043.97,Completed
106198,593,2025-06-19,2559.23,Completed
106199,623,2026-01-21,2406.13,Completed
106200,473,2025-05-25,1558.92,Completed
106201,653,2026-05-20,1221.03,Completed
106202,374,2024-10-06,2947.23,Completed
106203,66,2025-12-24,2238.33,Completed
106204,29,2025-02-21,525.45,Cancelled
106205,717,2025-07-15,1559.08,Completed
106206,639,2025-10-29,1866.11,Completed
106207,406,2024-06-17,884.15,Completed
106208,752,2026-04-24,1536.56,Completed
106209,467,2025-12-09,2477.59,Completed
106210,252,2025-02-02,1051.29,Completed
106211,586,2025-07-30,2094.32,Completed
106212,372,2025-10-07,946.1,Completed
106213,976,2025-03-18,805.69,Pending
106214,725,2025-09-09,2685.64,Pending
106215,753,2025-06-27,3860.84,Completed
106216,686,2026-01-28,833.91,Completed
106217,683,2024-08-13,3344.29,Completed
106218,777,2024-01-05,1784.83,Cancelled
106219,427,2025-01-28,427.01,Completed
106220,829,2026-03-13,708.27,Completed
106221,39,2024-04-30,2672.89,Cancelled
106222,667,2026-04-17,626.39,Completed
106223,536,2025-02-02,1204.09,Cancelled
106224,13,2024-07-21,1707.29,Cancelled
106225,662,2025-03-30,2408.49,Cancelled
106226,3,2026-02-28,2029.58,Completed
106227,705,2026-04-14,4989.57,Completed
106228,521,2025-08-19,1059.2,Completed
106229,610,2025-05-27,1919.14,Cancelled
106230,613,2026-02-23,2415.7,Completed
106231,294,2026-06-03,2860.13,Cancelled
106232,623,2026-02-12,3564.82,Pending
106233,218,2026-07-30,1357.5,Completed
106234,763,2026-03-19,2749.04,Pending
106235,89,2024-02-17,986.08,Completed
106236,140,2024-01-20,1711.35,Pending
106237,704,2025-08-04,2493.28,Cancelled
106238,59,2026-07-20,3393.26,Completed
106239,971,2024-10-18,2607.61,Completed
106240,35,2026-07-29,1909.12,Completed
106241,522,2026-04-08,1709.37,Cancelled
106242,983,2024-05-16,2571.53,Completed
106243,673,2025-04-25,7469.12,Completed
106244,635,2024-08-03,3137.01,Completed
106245,692,2024-03-16,2306.65,Completed
106246,708,2025-11-03,739.31,Pending
106247,162,2024-07-28,1039.64,Completed
106248,301,2025-06-28,1458.1,Completed
106249,189,2025-10-17,3252.1,Cancelled
106250,208,2025-02-24,979.11,Completed
106251,205,2024-03-18,2732.95,Completed
106252,639,2024-03-08,1945.64,Completed
106253,936,2025-01-03,2267.08,Pending
106254,558,2024-02-11,1564.27,Cancelled
106255,19,2026-04-28,1221.38,Completed
106256,692,2024-06-10,955.85,Completed
106257,538,2024-01-29,2678.68,Completed
106258,782,2024-05-16,1712.44,Completed
106259,371,2025-11-08,893.67,Completed
106260,424,2025-07-26,2081.15,Completed
106261,660,2025-10-19,16658.67,Completed
106262,709,2024-12-03,1579.06,Cancelled
106263,216,2024-11-08,5274.87,Completed
106264,588,2025-10-15,335.33,Completed
106265,963,2024-04-19,1509.81,Pending
106266,65,2025-01-18,3348.12,Completed
106267,322,2024-04-09,1818.29,Completed
106268,531,2025-02-16,1185.39,Completed
106269,930,2026-08-01,1769.34,Pending
106270,969,2026-04-07,3414.76,Completed
106271,591,2025-10-20,7250.17,Pending
106272,545,2025-10-01,3597.96,Completed
106273,411,2024-12-31,1296.56,Completed
106274,439,2025-11-17,1547.16,Completed
106275,738,2026-03-22,1554.65,Cancelled
106276,542,2025-06-28,1024.37,Completed
106277,552,2024-04-10,1627.42,Completed
106278,853,2025-11-06,1506.54,Completed
106279,137,2024-05-03,824.83,Completed
106280,960,2024-11-11,3103.62,Completed
106281,705,2024-07-11,2366.44,Completed
106282,588,2024-02-18,1186.69,Completed
106283,579,2026-01-12,1981.5,Completed
106284,577,2025-09-19,961.59,Completed
106285,564,2025-02-01,1257.12,Pending
106286,343,2025-01-06,2814.48,Completed
106287,744,2025-06-01,2444.81,Completed
106288,249,2024-08-14,1289.45,Completed
106289,654,2025-04-12,2203.92,Completed
106290,523,2026-01-26,1715.05,Completed
106291,358,2025-06-21,941.36,Completed
106292,810,2026-02-19,1614.59,Completed
106293,310,2025-05-09,2383.59,Completed
106294,660,2025-02-06,2196.34,Completed
106295,248,2025-12-23,599.05,Completed
106296,198,2024-07-22,2005.21,Completed
106297,573,2025-09-01,1830.0,Completed
106298,976,2025-09-05,524.09,Completed
106299,293,2024-09-26,1064.56,Completed
106300,113,2024-09-06,2477.74,Completed
106301,120,2024-03-22,4427.82,Pending
106302,483,2024-05-24,619.68,Completed
106303,787,2024-04-02,3401.9,Completed
106304,715,2025-08-22,530.22,Completed
106305,206,2024-04-28,4464.57,Completed
106306,843,2025-05-14,1541.34,Cancelled
106307,164,2024-04-18,1131.13,Completed
106308,558,2026-02-01,2266.5,Completed
106309,859,2025-10-21,962.87,Completed
106310,816,2024-10-11,2517.17,Completed
106311,703,2025-12-16,1660.65,Completed
106312,322,2024-08-07,151.26,Completed
106313,769,2025-09-10,1062.71,Completed
106314,381,2025-09-15,2038.06,Completed
106315,343,2025-02-28,3600.21,Completed
106316,531,2025-11-13,2232.81,Completed
106317,619,2026-07-11,3563.05,Completed
106318,206,2025-02-06,1006.73,Pending
106319,935,2024-10-02,2888.55,Completed
106320,874,2025-03-06,2920.21,Completed
106321,279,2025-07-06,623.54,Cancelled
106322,240,2024-04-30,3678.38,Pending
106323,72,2026-07-22,2226.83,Cancelled
106324,403,2025-04-01,1499.04,Completed
106325,170,2026-07-26,1482.37,Completed
106326,934,2026-07-24,916.75,Completed
106327,903,2024-03-03,2712.34,Completed
106328,836,2024-04-20,2190.47,Completed
106329,278,2024-06-25,2629.22,Completed
106330,689,2025-07-06,1894.83,Completed
106331,483,2024-12-10,2057.62,Completed
106332,271,2024-01-18,1485.05,Completed
106333,532,2025-07-03,3624.45,Completed
106334,165,2024-11-12,2669.59,Completed
106335,962,2026-03-31,2014.03,Cancelled
106336,164,2026-01-10,1649.24,Pending
106337,295,2026-04-01,570.42,Completed
106338,218,2025-07-05,495.48,Completed
106339,519,2025-11-08,1416.79,Cancelled
106340,672,2024-03-19,4105.94,Completed
106341,960,2026-01-09,1138.4,Completed
106342,384,2024-01-05,1167.88,Completed
106343,198,2024-03-17,956.72,Completed
106344,26,2024-10-26,778.05,Completed
106345,600,2024-12-29,993.71,Completed
106346,979,2024-07-22,2157.38,Completed
106347,64,2026-01-18,1307.47,Completed
106348,997,2025-03-10,1269.47,Completed
106349,261,2024-09-08,1198.07,Completed
106350,913,2025-10-17,2099.78,Completed
106351,72,2025-03-17,2319.8,Cancelled
106352,897,2026-01-27,534.16,Completed
106353,321,2025-05-01,1098.14,Completed
106354,272,2025-12-30,1698.39,Completed
106355,204,2026-04-10,2394.27,Completed
106356,132,2024-03-18,1955.78,Completed
106357,805,2024-04-28,3072.96,Completed
106358,72,2025-12-11,718.98,Cancelled
106359,457,2025-06-19,2357.63,Completed
106360,951,2024-08-22,6828.66,Cancelled
106361,401,2024-01-30,1856.71,Completed
106362,835,2026-07-18,1906.55,Completed
106363,692,2024-03-31,2522.64,Completed
106364,802,2025-03-26,1262.78,Completed
106365,950,2024-08-02,972.71,Completed
106366,98,2025-01-19,1869.18,Cancelled
106367,295,2025-12-01,614.27,Cancelled
106368,312,2025-05-10,2328.36,Completed
106369,67,2024-02-09,2597.97,Cancelled
106370,106,2024-03-25,634.64,Cancelled
106371,109,2026-07-08,2001.19,Pending
106372,952,2024-09-02,1563.74,Completed
106373,866,2025-02-20,4703.97,Completed
106374,591,2026-02-03,4217.25,Pending
106375,855,2026-03-27,3110.67,Completed
106376,337,2024-10-03,3954.01,Completed
106377,468,2024-08-03,1419.62,Completed
106378,890,2025-03-01,2131.34,Completed
106379,147,2024-11-24,1527.59,Completed
106380,146,2025-11-13,941.42,Completed
106381,523,2025-12-08,1899.36,Completed
106382,251,2024-09-10,1705.19,Completed
106383,669,2025-01-03,1578.19,Completed
106384,638,2025-12-11,1732.01,Completed
106385,323,2025-05-08,1872.56,Completed
106386,114,2025-06-20,3205.64,Completed
106387,83,2026-02-26,1231.06,Completed
106388,436,2025-09-26,783.51,Cancelled
106389,313,2025-09-25,2796.83,Completed
106390,38,2025-04-13,3141.07,Completed
106391,690,2026-03-24,2271.54,Completed
106392,959,2024-01-23,858.62,Completed
106393,978,2024-03-25,1652.55,Completed
106394,118,2025-10-20,2166.4,Completed
106395,187,2025-08-14,898.85,Completed
106396,427,2024-09-29,1095.15,Completed
106397,919,2025-08-07,1636.42,Completed
106398,573,2024-04-14,3883.36,Completed
106399,450,2025-08-13,2083.69,Completed
106400,930,2024-12-17,1240.66,Cancelled
106401,664,2025-07-26,1578.86,Completed
106402,984,2024-11-27,1167.32,Completed
106403,872,2025-12-05,1377.1,Completed
106404,999,2024-04-18,2878.48,Completed
106405,556,2026-04-01,516.74,Completed
106406,368,2025-04-26,4231.26,Completed
106407,62,2024-08-11,7468.96,Completed
106408,735,2026-07-25,2000.61,Completed
106409,264,2024-04-11,1048.74,Completed
106410,15,2025-06-06,3833.92,Cancelled
106411,809,2024-03-12,2156.42,Completed
106412,420,2026-05-25,1278.79,Completed
106413,552,2024-06-03,957.01,Completed
106414,788,2024-09-02,1382.64,Completed
106415,319,2025-09-30,2040.03,Completed
106416,824,2026-05-10,3221.56,Completed
106417,584,2025-02-09,2165.2,Completed
106418,567,2024-09-10,2418.05,Completed
106419,266,2024-12-06,1448.97,Completed
106420,792,2026-06-11,3137.7,Completed
106421,240,2026-06-04,1573.68,Completed
106422,620,2024-04-29,5944.59,Cancelled
106423,836,2026-05-25,1177.6,Completed
106424,117,2026-03-29,2326.89,Cancelled
106425,397,2025-06-08,7469.96,Cancelled
106426,678,2024-09-05,3543.3,Cancelled
106427,271,2025-03-22,2922.11,Completed
106428,31,2026-01-24,2183.06,Cancelled
106429,406,2024-09-20,1862.89,Completed
106430,490,2024-11-30,1607.65,Completed
106431,925,2025-03-23,1249.34,Completed
106432,815,2024-03-06,663.36,Completed
106433,179,2025-02-03,2729.69,Pending
106434,274,2024-05-10,662.37,Completed
106435,183,2024-01-07,2748.86,Completed
106436,916,2025-01-11,1472.22,Completed
106437,347,2026-01-08,967.28,Completed
106438,897,2026-08-14,4488.34,Cancelled
106439,61,2025-03-02,701.79,Cancelled
106440,558,2026-01-03,1167.42,Completed
106441,77,2024-08-04,1240.56,Completed
106442,553,2025-09-11,1983.79,Completed
106443,15,2025-10-10,1208.7,Completed
106444,155,2024-11-19,4654.81,Completed
106445,146,2025-03-11,738.19,Completed
106446,710,2025-10-13,25000.0,Completed
106447,641,2024-11-01,904.46,Completed
106448,557,2025-08-10,12293.88,Completed
106449,193,2024-08-12,3662.93,Completed
106450,264,2025-06-05,1675.48,Completed
106451,372,2024-02-27,2085.68,Completed
106452,979,2025-03-10,1407.19,Pending
106453,706,2025-05-04,2255.5,Completed
106454,35,2026-03-15,1114.86,Pending
106455,35,2024-12-31,2853.74,Completed
106456,341,2024-01-06,2026.04,Completed
106457,206,2024-02-09,946.11,Completed
106458,405,2025-06-08,2376.03,Completed
106459,997,2026-03-01,2282.59,Completed
106460,192,2026-05-16,1129.36,Completed
106461,599,2026-02-25,1363.12,Completed
106462,475,2024-11-26,2511.56,Cancelled
106463,661,2025-04-21,3657.45,Completed
106464,545,2026-05-14,1641.03,Cancelled
106465,514,2026-03-27,3296.01,Completed
106466,273,2025-03-17,3843.47,Pending
106467,967,2025-04-13,4199.26,Completed
106468,265,2024-03-08,2360.39,Pending
106469,142,2024-06-13,1001.65,Completed
106470,96,2025-05-29,3212.76,Completed
106471,67,2025-05-18,1589.43,Completed
106472,346,2025-07-13,2501.81,Completed
106473,824,2024-10-31,1195.94,Completed
106474,154,2024-08-08,1218.57,Completed
106475,7,2025-03-16,1140.97,Completed
106476,528,2026-05-04,760.75,Cancelled
106477,560,2026-08-02,1229.25,Completed
106478,561,2024-02-21,919.76,Completed
106479,3,2024-12-11,2600.91,Completed
106480,200,2025-05-22,900.88,Completed
106481,341,2024-07-29,1164.92,Completed
106482,746,2024-12-09,1803.73,Completed
106483,652,2024-05-05,5846.62,Completed
106484,822,2025-03-27,1147.88,Completed
106485,547,2026-05-10,732.96,Completed
106486,400,2026-06-22,767.27,Completed
106487,558,2024-01-15,1028.78,Completed
106488,380,2025-09-11,1174.5,Completed
106489,156,2026-06-01,8050.87,Completed
106490,576,2026-01-17,3374.24,Cancelled
106491,289,2024-03-01,1466.71,Completed
106492,262,2025-01-14,6002.29,Completed
106493,711,2026-01-02,1208.78,Completed
106494,66,2026-08-11,1377.78,Pending
106495,27,2024-10-12,1325.09,Completed
106496,349,2024-10-02,3508.67,Cancelled
106497,597,2024-08-31,1719.97,Cancelled
106498,849,2026-05-20,4794.88,Pending
106499,514,2024-06-24,2386.65,Cancelled
106500,257,2024-12-22,3249.89,Completed
106501,337,2024-05-10,552.83,Completed
106502,373,2026-07-03,596.51,Pending
106503,327,2024-03-05,609.41,Completed
106504,669,2025-05-08,1362.76,Completed
106505,805,2024-05-30,662.02,Cancelled
106506,710,2025-01-31,4030.92,Completed
106507,376,2025-07-26,1581.4,Completed
106508,283,2025-11-10,2685.21,Completed
106509,81,2025-07-08,1307.1,Completed
106510,804,2025-02-19,3076.85,Completed
106511,963,2024-09-30,501.82,Completed
106512,57,2026-02-20,1743.7,Pending
106513,128,2025-10-23,2492.42,Cancelled
106514,210,2025-10-15,2632.77,Completed
106515,804,2026-01-18,1464.18,Cancelled
106516,212,2024-08-02,591.93,Completed
106517,17,2026-08-11,3473.38,Completed
106518,329,2026-06-13,1394.88,Pending
106519,357,2025-03-03,1475.93,Pending
106520,392,2024-07-17,7616.16,Completed
106521,513,2024-12-30,1916.65,Completed
106522,240,2025-01-13,1284.66,Completed
106523,34,2026-08-04,1235.6,Completed
106524,107,2024-10-07,2737.78,Completed
106525,738,2026-07-05,1055.72,Completed
106526,661,2024-08-12,2510.28,Cancelled
106527,258,2026-06-20,3682.75,Completed
106528,943,2026-06-24,1699.6,Completed
106529,538,2025-08-15,3420.8,Completed
106530,803,2024-04-14,1721.23,Completed
106531,796,2025-08-24,1151.36,Completed
106532,294,2026-06-05,610.07,Completed
106533,593,2026-06-21,2152.45,Completed
106534,595,2025-03-21,2182.0,Completed
106535,450,2025-04-11,3406.35,Completed
106536,637,2025-01-08,3199.55,Completed
106537,329,2024-07-26,6900.36,Cancelled
106538,98,2025-09-27,1233.82,Completed
106539,48,2026-08-16,2268.52,Completed
106540,440,2024-09-16,1151.24,Completed
106541,918,2026-03-30,3294.74,Completed
106542,210,2024-04-03,985.41,Completed
106543,593,2024-02-24,3259.9,Completed
106544,164,2026-05-26,1115.2,Completed
106545,634,2024-04-19,2962.46,Completed
106546,182,2025-02-06,3943.19,Completed
106547,434,2026-05-08,655.49,Pending
106548,816,2024-12-05,749.84,Completed
106549,367,2024-10-19,2096.94,Completed
106550,937,2024-02-09,1956.75,Completed
106551,49,2025-11-08,1488.67,Cancelled
106552,84,2024-11-07,1320.77,Completed
106553,168,2024-04-24,1032.42,Completed
106554,242,2025-04-06,2232.18,Completed
106555,421,2024-06-14,961.67,Completed
106556,919,2026-04-05,2283.6,Cancelled
106557,240,2025-12-28,1239.17,Cancelled
106558,349,2026-08-11,1367.58,Completed
106559,47,2026-08-10,3967.13,Completed
106560,717,2026-03-25,3347.46,Completed
106561,545,2025-05-03,941.58,Completed
106562,47,2024-06-14,1020.6,Cancelled
106563,458,2024-02-11,2984.34,Completed
106564,214,2024-03-30,708.77,Cancelled
106565,418,2024-08-15,4631.52,Cancelled
106566,280,2026-05-09,1965.28,Completed
106567,789,2024-07-25,1236.08,Completed
106568,59,2024-03-31,1812.32,Completed
106569,601,2026-06-29,4360.09,Completed
106570,797,2025-02-27,450.48,Completed
106571,3,2025-02-11,3507.43,Completed
106572,909,2024-10-20,3912.76,Completed
106573,766,2026-07-11,1461.12,Completed
106574,276,2024-12-04,1718.17,Pending
106575,475,2026-04-16,1966.94,Completed
106576,681,2026-08-23,2899.63,Completed
106577,514,2025-03-14,1120.15,Completed
106578,761,2025-11-12,1783.1,Completed
106579,895,2024-01-25,1686.85,Pending
106580,350,2026-01-30,2798.37,Completed
106581,109,2026-08-04,10245.21,Completed
106582,426,2024-07-08,1117.14,Completed
106583,601,2024-01-10,1894.64,Pending
106584,779,2024-02-12,1097.75,Completed
106585,278,2026-04-13,1310.02,Pending
106586,932,2024-08-25,894.41,Completed
106587,40,2025-02-06,665.63,Pending
106588,580,2024-11-23,3883.13,Completed
106589,431,2024-10-20,2268.77,Cancelled
106590,695,2024-06-09,1912.01,Completed
106591,280,2025-02-01,1019.91,Completed
106592,935,2026-06-18,1714.39,Completed
106593,3,2024-12-13,848.87,Completed
106594,823,2026-02-18,1768.39,Completed
106595,485,2025-11-01,2236.05,Completed
106596,513,2026-02-14,1265.11,Cancelled
106597,303,2025-07-11,1100.61,Completed
106598,387,2024-12-27,1307.07,Completed
106599,428,2024-09-06,3056.95,Completed
106600,303,2024-09-29,2052.06,Completed
106601,15,2025-05-28,633.37,Completed
106602,397,2025-01-28,2880.71,Completed
106603,398,2025-01-29,2562.29,Completed
106604,727,2024-12-24,2032.77,Cancelled
106605,464,2026-06-14,5245.85,Completed
106606,549,2025-09-17,1828.1,Completed
106607,459,2026-05-18,2381.59,Completed
106608,420,2026-06-22,2442.22,Completed
106609,720,2025-08-23,3183.9,Cancelled
106610,675,2024-03-30,1557.25,Cancelled
106611,992,2026-07-28,1183.69,Cancelled
106612,490,2025-04-10,3388.15,Completed
106613,31,2024-12-30,3276.11,Completed
106614,586,2025-02-06,4122.37,Completed
106615,392,2024-03-26,2358.22,Completed
106616,96,2025-10-08,616.37,Completed
106617,866,2024-02-16,2002.59,Completed
106618,635,2025-12-02,1839.85,Completed
106619,627,2026-03-21,4002.54,Completed
106620,638,2025-02-14,3581.45,Completed
106621,983,2025-01-08,2680.79,Completed
106622,687,2025-10-17,467.83,Completed
106623,716,2026-04-17,1053.01,Completed
106624,757,2024-04-03,1420.49,Completed
106625,730,2025-03-22,1441.81,Completed
106626,705,2024-11-10,2006.23,Completed
106627,78,2024-01-11,4711.09,Cancelled
106628,399,2024-01-09,2987.1,Pending
106629,273,2025-05-29,990.48,Completed
106630,896,2026-01-13,1050.38,Completed
106631,585,2025-08-01,990.49,Cancelled
106632,513,2024-08-30,1668.36,Cancelled
106633,520,2025-03-15,3038.59,Completed
106634,682,2026-07-28,3368.27,Pending
106635,766,2026-03-26,1409.52,Cancelled
106636,198,2024-04-26,1765.08,Cancelled
106637,994,2025-09-18,5344.16,Completed
106638,766,2025-08-30,685.66,Completed
106639,204,2024-12-20,2724.98,Completed
106640,608,2024-12-20,2540.23,Completed
106641,424,2025-11-30,1484.34,Completed
106642,371,2026-06-28,1778.55,Completed
106643,874,2024-11-06,2365.36,Cancelled
106644,281,2026-06-21,1486.35,Completed
106645,847,2026-03-26,1189.27,Completed
106646,638,2024-02-21,1132.46,Completed
106647,824,2024-09-29,6038.74,Pending
106648,751,2025-03-05,1352.01,Pending
106649,621,2025-10-10,2051.69,Completed
106650,187,2024-08-08,2998.77,Completed
106651,994,2025-02-07,1568.8,Completed
106652,644,2024-03-31,1842.36,Completed
106653,350,2024-04-08,2495.7,Cancelled
106654,255,2025-02-27,1037.31,Pending
106655,117,2025-09-04,663.05,Completed
106656,308,2025-03-16,1119.51,Completed
106657,130,2025-01-07,5536.1,Completed
106658,894,2025-04-29,1238.54,Completed
106659,430,2025-09-09,1959.54,Completed
106660,627,2025-11-25,760.34,Completed
106661,811,2025-06-09,4306.74,Cancelled
106662,963,2024-03-30,1480.06,Completed
106663,446,2024-02-10,1339.2,Completed
106664,55,2024-11-29,1650.46,Completed
106665,614,2024-07-18,9218.95,Cancelled
106666,950,2025-06-06,2398.35,Cancelled
106667,350,2025-11-12,1625.59,Cancelled
106668,102,2024-09-02,276.36,Completed
106669,717,2025-03-31,4337.22,Completed
106670,622,2024-07-31,1145.81,Completed
106671,153,2025-03-29,1034.13,Pending
106672,7,2025-01-02,1096.01,Completed
106673,518,2024-01-03,4664.83,Completed
106674,148,2025-10-09,1751.34,Completed
106675,183,2024-10-21,669.28,Completed
106676,301,2025-12-28,1576.33,Completed
106677,463,2025-10-13,1048.42,Completed
106678,825,2024-07-08,2273.88,Completed
106679,425,2026-05-13,1400.2,Completed
106680,845,2024-01-22,649.04,Completed
106681,606,2025-07-12,1706.03,Completed
106682,389,2026-02-19,1734.76,Completed
106683,505,2025-06-10,796.93,Completed
106684,140,2025-06-26,503.46,Completed
106685,976,2025-04-02,2162.98,Completed
106686,295,2024-02-28,1499.86,Completed
106687,905,2025-10-22,1565.05,Completed
106688,646,2026-07-16,2922.9,Completed
106689,288,2026-02-15,510.5,Completed
106690,479,2024-02-27,1871.96,Completed
106691,121,2024-08-02,2768.93,Cancelled
106692,617,2026-03-21,1598.5,Completed
106693,65,2025-11-25,716.98,Completed
106694,640,2024-12-22,1171.46,Completed
106695,194,2024-08-25,1342.23,Cancelled
106696,127,2025-03-25,644.97,Completed
106697,219,2024-01-31,2291.44,Completed
106698,89,2024-03-28,1803.75,Completed
106699,895,2024-03-13,1185.16,Completed
106700,939,2026-03-13,3415.68,Completed
106701,929,2024-02-15,1282.1,Completed
106702,722,2025-06-21,4710.17,Completed
106703,228,2024-09-29,1511.32,Completed
106704,763,2026-01-06,967.86,Completed
106705,763,2024-05-03,987.04,Cancelled
106706,234,2026-06-04,1909.78,Completed
106707,845,2024-03-23,897.6,Completed
106708,998,2026-04-03,1977.13,Completed
106709,372,2024-05-23,1387.42,Completed
106710,589,2024-01-29,1366.9,Cancelled
106711,879,2024-02-07,1751.95,Completed
106712,261,2026-01-29,3458.49,Completed
106713,989,2024-11-30,1264.71,Cancelled
106714,296,2025-02-09,2028.85,Cancelled
106715,968,2026-03-11,2402.67,Completed
106716,232,2024-09-11,819.87,Completed
106717,748,2025-06-22,2528.39,Completed
106718,522,2024-10-17,3058.07,Pending
106719,365,2024-03-04,3372.92,Completed
106720,433,2026-08-24,875.55,Pending
106721,225,2024-12-30,916.24,Completed
106722,672,2026-04-04,1737.52,Cancelled
106723,993,2025-02-22,1674.44,Completed
106724,586,2026-04-23,1822.74,Pending
106725,273,2024-06-16,1427.59,Cancelled
106726,670,2025-06-09,2031.1,Cancelled
106727,432,2024-12-28,342.2,Pending
106728,925,2026-08-23,2760.85,Cancelled
106729,262,2024-11-23,4685.69,Completed
106730,516,2026-01-20,1256.47,Completed
106731,490,2025-04-25,2053.03,Cancelled
106732,892,2025-01-24,5366.75,Completed
106733,110,2025-11-09,1839.58,Completed
106734,619,2025-09-19,2195.29,Completed
106735,818,2025-04-10,5958.94,Cancelled
106736,353,2024-02-23,6762.99,Completed
106737,500,2024-03-12,903.29,Completed
106738,289,2025-08-05,1377.56,Completed
106739,416,2024-02-23,3217.55,Cancelled
106740,952,2025-08-12,2486.59,Completed
106741,355,2026-05-13,2848.28,Completed
106742,199,2026-02-06,327.51,Completed
106743,579,2025-11-07,505.49,Completed
106744,464,2024-09-23,5740.39,Completed
106745,784,2025-10-01,2976.67,Completed
106746,40,2024-06-27,2265.18,Completed
106747,907,2026-06-07,802.76,Completed
106748,703,2024-03-28,1374.44,Completed
106749,851,2025-06-10,2606.64,Cancelled
106750,405,2025-04-18,732.56,Completed
106751,439,2024-03-12,1138.11,Completed
106752,325,2024-06-30,2297.44,Completed
106753,843,2025-11-26,2640.9,Completed
106754,73,2025-08-02,1281.21,Completed
106755,527,2024-06-06,3408.46,Completed
106756,258,2024-05-16,3337.23,Cancelled
106757,639,2025-10-10,561.3,Cancelled
106758,965,2025-10-04,5219.83,Completed
106759,674,2025-01-24,3841.86,Completed
106760,47,2024-01-20,2058.66,Completed
106761,396,2024-01-28,1646.32,Cancelled
106762,35,2024-05-26,3006.75,Completed
106763,478,2024-02-24,2546.46,Completed
106764,172,2025-06-25,1508.74,Completed
106765,692,2025-01-17,5113.39,Completed
106766,531,2024-07-30,458.28,Completed
106767,300,2025-08-01,1168.37,Pending
106768,866,2025-11-16,2408.11,Completed
106769,752,2024-06-15,1740.06,Completed
106770,628,2025-08-31,2836.36,Completed
106771,347,2024-04-13,727.07,Completed
106772,270,2025-08-06,1525.62,Completed
106773,586,2025-01-01,3802.0,Completed
106774,793,2024-04-16,681.73,Completed
106775,847,2026-02-21,1539.54,Completed
106776,782,2024-06-26,1274.76,Completed
106777,27,2026-02-01,2279.54,Completed
106778,984,2024-12-21,2324.02,Pending
106779,238,2025-10-27,1917.27,Pending
106780,14,2025-11-19,1490.9,Completed
106781,560,2025-02-17,1875.57,Completed
106782,449,2025-10-10,1617.31,Completed
106783,106,2025-03-06,1762.42,Completed
106784,210,2025-08-12,4640.47,Completed
106785,203,2024-08-07,823.92,Completed
106786,433,2025-02-17,2247.6,Completed
106787,754,2024-05-13,975.71,Completed
106788,681,2025-02-08,6414.31,Cancelled
106789,29,2024-01-16,1907.3,Completed
106790,172,2025-02-02,789.52,Completed
106791,613,2026-04-16,1548.12,Completed
106792,809,2024-12-17,697.32,Completed
106793,38,2025-04-27,1192.66,Completed
106794,329,2026-04-13,2685.93,Completed
106795,114,2024-01-03,4360.52,Completed
106796,478,2025-10-14,3633.63,Completed
106797,386,2025-05-29,1681.38,Completed
106798,172,2024-11-29,2607.32,Cancelled
106799,966,2024-09-08,3044.44,Completed
106800,766,2025-07-30,7768.75,Completed
106801,545,2025-02-19,1215.56,Cancelled
106802,769,2025-01-19,4801.32,Completed
106803,304,2025-10-16,885.11,Completed
106804,938,2025-01-23,3875.78,Completed
106805,408,2026-02-26,1202.45,Completed
106806,381,2024-10-04,1154.15,Completed
106807,568,2025-11-12,1495.95,Completed
106808,578,2025-07-02,1086.97,Completed
106809,621,2026-05-22,2374.35,Completed
106810,840,2025-01-24,3994.98,Cancelled
106811,265,2024-08-16,456.24,Pending
106812,709,2025-01-22,1606.88,Completed
106813,194,2025-10-05,888.27,Completed
106814,238,2025-02-22,3241.68,Completed
106815,488,2026-05-15,4531.48,Cancelled
106816,522,2024-05-31,1606.84,Completed
106817,646,2026-08-14,1139.56,Cancelled
106818,138,2026-02-16,629.96,Cancelled
106819,824,2024-03-15,6388.5,Completed
106820,556,2026-07-03,4242.24,Completed
106821,595,2025-02-18,497.46,Completed
106822,752,2025-09-18,2756.18,Completed
106823,692,2024-01-17,873.63,Cancelled
106824,424,2024-06-08,1293.36,Completed
106825,476,2025-11-10,799.54,Completed
106826,231,2024-09-10,490.3,Completed
106827,566,2024-04-24,1747.45,Completed
106828,200,2025-10-23,6170.65,Completed
106829,637,2024-07-30,985.96,Completed
106830,415,2026-04-22,3212.8,Completed
106831,234,2024-06-22,3557.92,Completed
106832,470,2024-01-24,2877.51,Completed
106833,937,2025-01-15,6589.54,Completed
106834,560,2024-11-13,3349.03,Completed
106835,339,2025-09-13,5817.16,Cancelled
106836,443,2024-08-15,854.01,Completed
106837,606,2026-08-12,2922.0,Completed
106838,153,2025-02-14,4806.03,Completed
106839,559,2025-11-20,1089.79,Completed
106840,38,2026-01-17,186.71,Completed
106841,863,2026-05-10,789.8,Completed
106842,611,2025-05-04,1123.77,Completed
106843,112,2024-08-09,2592.32,Completed
106844,459,2025-05-19,1245.58,Completed
106845,891,2025-02-18,1803.65,Completed
106846,966,2025-08-15,1215.27,Cancelled
106847,136,2024-08-17,1655.72,Completed
106848,267,2025-05-16,1724.16,Completed
106849,142,2026-07-20,1193.32,Completed
106850,360,2025-10-31,3069.77,Completed
106851,870,2026-07-20,4414.93,Pending
106852,708,2024-04-14,853.01,Completed
106853,255,2025-09-28,2073.09,Completed
106854,316,2024-01-23,710.77,Completed
106855,614,2024-07-16,576.09,Completed
106856,599,2026-03-15,3530.85,Completed
106857,457,2024-04-08,6636.6,Completed
106858,418,2025-04-10,1454.05,Cancelled
106859,937,2024-03-08,5926.48,Completed
106860,498,2024-10-17,1181.11,Pending
106861,787,2024-04-30,1545.54,Completed
106862,962,2025-03-18,5321.82,Completed
106863,327,2025-09-17,994.57,Completed
106864,783,2025-09-24,3266.2,Pending
106865,821,2026-06-26,1435.35,Cancelled
106866,214,2024-04-28,1126.74,Completed
106867,223,2025-01-24,1293.13,Cancelled
106868,162,2025-05-24,439.72,Completed
106869,617,2024-03-24,4085.71,Completed
106870,765,2024-04-17,2085.24,Completed
106871,757,2024-10-28,1634.91,Completed
106872,382,2026-04-16,1147.26,Completed
106873,704,2025-07-24,2204.37,Completed
106874,34,2025-07-01,3196.41,Completed
106875,657,2025-06-20,1505.81,Completed
106876,467,2026-02-27,3367.33,Completed
106877,837,2025-06-14,2152.44,Completed
106878,968,2025-12-02,1693.99,Completed
106879,554,2024-10-28,3257.05,Completed
106880,623,2026-03-04,1293.88,Completed
106881,932,2024-02-01,797.95,Completed
106882,337,2024-11-28,1738.94,Completed
106883,145,2024-08-31,1841.75,Completed
106884,502,2024-05-15,1557.8,Completed
106885,348,2025-06-06,3900.94,Pending
106886,637,2026-05-17,2492.05,Completed
106887,788,2024-06-07,1670.29,Completed
106888,498,2026-05-10,1793.57,Cancelled
106889,300,2026-04-13,1896.85,Completed
106890,564,2026-05-09,2533.8,Completed
106891,436,2024-01-06,1862.53,Completed
106892,183,2026-08-20,1628.06,Completed
106893,777,2025-02-20,756.2,Cancelled
106894,323,2025-08-03,1134.76,Completed
106895,536,2024-10-23,2155.1,Completed
106896,913,2025-05-13,2033.97,Completed
106897,185,2025-06-19,685.45,Completed
106898,423,2026-02-14,1249.25,Completed
106899,173,2024-11-28,983.58,Completed
106900,431,2024-04-17,4370.16,Cancelled
106901,294,2025-07-24,2119.17,Completed
106902,920,2026-01-31,2380.98,Completed
106903,296,2024-01-16,1723.61,Completed
106904,616,2026-03-01,1198.02,Completed
106905,136,2026-02-20,1347.5,Completed
106906,450,2025-07-15,2479.5,Completed
106907,843,2026-07-11,1520.02,Completed
106908,672,2025-01-12,2496.26,Completed
106909,279,2024-05-09,1975.3,Cancelled
106910,972,2025-09-30,2181.24,Completed
106911,809,2025-08-16,2254.77,Completed
106912,399,2026-06-09,1278.63,Completed
106913,974,2024-08-06,1470.63,Pending
106914,184,2024-06-02,3249.62,Completed
106915,322,2025-10-22,5899.82,Completed
106916,934,2024-10-29,3268.99,Completed
106917,970,2024-06-28,293.75,Completed
106918,830,2025-10-15,1099.76,Completed
106919,189,2024-06-29,1939.35,Completed
106920,214,2026-03-21,881.57,Completed
106921,649,2024-10-29,855.11,Completed
106922,58,2025-09-26,1371.11,Completed
106923,992,2025-07-15,2252.96,Completed
106924,943,2025-07-28,2689.04,Cancelled
106925,816,2024-10-22,1417.67,Cancelled
106926,969,2024-03-24,1348.65,Completed
106927,227,2025-09-14,1040.18,Completed
106928,888,2025-02-26,2502.77,Completed
106929,255,2026-08-08,2395.79,Completed
106930,121,2026-05-16,3245.81,Completed
106931,261,2024-03-13,1958.4,Completed
106932,779,2024-12-17,767.59,Cancelled
106933,944,2025-02-08,1434.78,Completed
106934,614,2025-01-05,3141.76,Completed
106935,243,2025-12-04,582.59,Completed
106936,603,2024-12-13,1703.44,Cancelled
106937,505,2024-05-28,2166.55,Completed
106938,516,2024-12-18,6620.58,Completed
106939,342,2026-02-04,1217.82,Completed
106940,137,2025-01-28,1663.12,Completed
106941,353,2024-10-04,5390.98,Completed
106942,896,2026-01-22,1227.99,Pending
106943,406,2024-03-05,3619.53,Completed
106944,25,2025-03-18,2323.36,Completed
106945,338,2024-04-10,1559.13,Completed
106946,454,2025-08-13,2414.13,Completed
106947,601,2026-05-25,1635.43,Cancelled
106948,642,2025-03-06,7809.69,Completed
106949,421,2026-08-13,470.09,Pending
106950,141,2026-04-30,1498.08,Completed
106951,434,2025-12-09,1526.89,Cancelled
106952,4,2024-06-22,1649.86,Completed
106953,502,2024-02-01,3633.01,Cancelled
106954,439,2024-04-29,1346.1,Completed
106955,349,2024-12-04,2478.4,Completed
106956,662,2025-01-31,2092.25,Completed
106957,760,2024-07-23,3104.33,Completed
106958,262,2026-08-05,1646.44,Completed
106959,498,2025-12-23,2219.37,Completed
106960,505,2025-11-11,1661.22,Cancelled
106961,505,2025-09-25,948.24,Completed
106962,399,2025-08-22,5089.4,Completed
106963,206,2026-05-08,1096.77,Completed
106964,170,2025-01-14,1318.86,Completed
106965,34,2024-05-16,1031.33,Completed
106966,54,2024-10-14,2337.54,Cancelled
106967,818,2024-08-10,1319.14,Completed
106968,73,2026-07-19,4819.62,Completed
106969,865,2025-07-05,2546.84,Completed
106970,902,2025-02-19,1503.56,Completed
106971,240,2024-01-26,996.46,Completed
106972,436,2025-11-22,1675.02,Pending
106973,352,2025-09-21,2523.9,Completed
106974,391,2026-02-27,1747.11,Completed
106975,350,2024-05-07,1643.05,Completed
106976,336,2025-10-01,927.26,Completed
106977,683,2024-12-18,7735.59,Completed
106978,409,2024-08-14,1579.43,Cancelled
106979,184,2024-08-05,736.64,Completed
106980,373,2024-10-07,894.94,Cancelled
106981,979,2025-12-14,1439.25,Completed
106982,988,2024-01-23,6371.86,Cancelled
106983,63,2026-07-10,1611.27,Cancelled
106984,576,2026-08-01,1410.81,Cancelled
106985,974,2026-07-30,3116.89,Completed
106986,191,2026-03-23,3268.34,Completed
106987,68,2024-11-11,2762.66,Completed
106988,208,2025-01-28,2049.73,Completed
106989,309,2024-05-03,878.07,Completed
106990,937,2026-05-18,1104.76,Pending
106991,248,2026-01-19,639.98,Completed
106992,322,2024-05-29,1556.14,Completed
106993,257,2026-08-21,1365.82,Completed
106994,387,2024-02-10,1276.72,Completed
106995,995,2026-01-16,2158.27,Completed
106996,84,2024-05-11,1174.23,Completed
106997,452,2025-12-30,1442.65,Completed
106998,616,2026-05-09,1312.15,Cancelled
106999,119,2026-07-13,1763.12,Completed
107000,47,2024-06-05,2281.43,Pending
107001,982,2024-06-09,751.14,Completed
107002,266,2024-03-07,2416.64,Completed
107003,241,2026-03-10,2137.32,Cancelled
107004,341,2024-06-29,2362.91,Cancelled
107005,75,2025-01-15,1962.83,Completed
107006,146,2025-02-07,2276.87,Completed
107007,28,2024-12-07,1373.83,Completed
107008,532,2025-04-28,2401.22,Completed
107009,457,2024-12-05,3787.69,Completed
107010,272,2024-08-17,1304.46,Completed
107011,923,2025-01-12,1335.59,Completed
107012,298,2026-02-22,2711.81,Pending
107013,20,2024-04-24,1255.69,Cancelled
107014,100,2026-07-22,1127.81,Completed
107015,731,2025-02-02,2368.36,Completed
107016,531,2024-10-09,1360.68,Completed
107017,258,2025-03-08,3982.55,Completed
107018,245,2026-06-24,1329.43,Completed
107019,214,2026-02-26,1056.92,Cancelled
107020,418,2026-03-06,1794.41,Completed
107021,705,2024-08-02,2388.86,Completed
107022,639,2026-05-12,2216.64,Cancelled
107023,753,2025-11-18,2555.07,Completed
107024,44,2024-02-28,1256.38,Pending
107025,558,2025-02-19,3765.41,Pending
107026,768,2026-03-22,613.74,Completed
107027,199,2025-06-02,1083.54,Completed
107028,584,2025-07-24,1845.45,Completed
107029,11,2024-12-30,1144.15,Completed
107030,914,2024-02-07,1471.79,Cancelled
107031,743,2026-05-11,950.95,Completed
107032,624,2026-01-03,1572.21,Pending
107033,601,2024-09-21,2432.18,Pending
107034,670,2024-08-23,1270.84,Completed
107035,419,2025-05-19,1016.59,Completed
107036,968,2026-02-14,1334.01,Completed
107037,210,2024-03-25,3688.8,Completed
107038,819,2025-09-01,3668.96,Completed
107039,766,2026-04-04,1319.19,Completed
107040,847,2025-04-24,2504.71,Completed
107041,73,2024-02-21,1778.68,Completed
107042,439,2024-01-23,4147.14,Completed
107043,644,2024-06-06,2038.68,Completed
107044,620,2026-05-15,1578.98,Completed
107045,687,2025-03-21,5092.18,Completed
107046,636,2024-05-23,987.4,Completed
107047,221,2026-05-30,2215.04,Completed
107048,835,2026-03-18,4374.24,Completed
107049,476,2024-05-22,2775.39,Completed
107050,971,2025-10-31,1096.3,Completed
107051,518,2024-11-17,1058.6,Completed
107052,535,2024-03-08,720.56,Completed
107053,593,2024-03-01,4719.42,Completed
107054,879,2025-06-11,861.92,Completed
107055,906,2026-03-31,2861.93,Completed
107056,585,2026-07-24,712.16,Completed
107057,545,2025-11-17,9486.75,Pending
107058,56,2026-06-16,747.07,Cancelled
107059,67,2024-08-17,1850.44,Completed
107060,742,2024-05-22,3957.55,Completed
107061,338,2024-04-17,1139.73,Completed
107062,431,2024-06-17,2596.69,Completed
107063,629,2026-01-03,1498.7,Completed
107064,219,2024-05-29,2316.62,Pending
107065,323,2025-02-24,3633.83,Pending
107066,46,2026-01-05,1362.53,Completed
107067,771,2026-06-20,4762.53,Pending
107068,504,2024-06-05,2263.39,Completed
107069,187,2024-06-30,6387.16,Completed
107070,598,2024-03-03,1048.14,Cancelled
107071,141,2024-04-19,1185.82,Completed
107072,786,2025-01-14,1547.77,Completed
107073,228,2024-11-02,818.37,Cancelled
107074,267,2026-07-29,3285.8,Completed
107075,883,2025-03-08,1713.42,Completed
107076,749,2024-10-26,854.54,Cancelled
107077,681,2025-04-01,1054.4,Cancelled
107078,604,2025-12-05,1022.56,Completed
107079,518,2024-11-24,3281.06,Completed
107080,189,2024-05-20,2422.87,Completed
107081,294,2025-02-13,1651.39,Cancelled
107082,964,2025-08-27,1419.55,Completed
107083,923,2024-11-03,1541.28,Completed
107084,732,2025-07-19,5728.83,Cancelled
107085,895,2024-11-11,1546.12,Completed
107086,810,2026-05-29,3143.05,Completed
107087,396,2026-05-13,1453.15,Completed
107088,719,2025-11-28,5373.13,Completed
107089,758,2026-03-25,814.9,Completed
107090,137,2024-04-27,3041.52,Cancelled
107091,919,2025-09-27,1098.76,Completed
107092,485,2025-01-28,7586.96,Completed
107093,305,2026-01-26,2832.22,Completed
107094,467,2024-01-01,594.71,Completed
107095,319,2024-07-01,982.49,Completed
107096,323,2024-08-22,2809.86,Completed
107097,545,2025-06-26,2760.33,Completed
107098,999,2026-08-03,2629.56,Completed
107099,406,2026-05-22,1992.85,Completed
107100,210,2025-03-19,1463.0,Completed
107101,765,2024-01-02,3647.98,Completed
107102,289,2026-04-24,1026.43,Completed
107103,534,2025-07-11,1863.62,Completed
107104,251,2024-01-24,1202.85,Completed
107105,208,2025-09-19,1142.07,Completed
107106,249,2026-05-06,1335.67,Completed
107107,349,2026-04-27,1116.13,Completed
107108,958,2026-05-15,2573.07,Completed
107109,671,2026-08-07,689.58,Completed
107110,696,2025-09-27,2382.02,Cancelled
107111,56,2025-08-18,1191.86,Completed
107112,15,2024-04-23,1835.91,Completed
107113,336,2025-09-07,1615.0,Completed
107114,894,2026-05-02,1301.21,Completed
107115,19,2026-03-02,3960.29,Completed
107116,769,2026-05-25,1414.41,Completed
107117,827,2024-06-14,2843.58,Completed
107118,275,2024-07-14,2867.49,Cancelled
107119,117,2026-04-15,1507.73,Completed
107120,153,2026-07-03,794.66,Completed
107121,79,2025-05-26,1014.5,Completed
107122,853,2026-05-07,4133.01,Completed
107123,791,2025-10-25,2479.22,Completed
107124,673,2024-07-18,1970.02,Completed
107125,89,2025-05-08,1245.1,Completed
107126,952,2025-01-18,5548.19,Pending
107127,683,2026-02-07,1023.8,Completed
107128,836,2024-11-23,1971.11,Completed
107129,374,2024-06-19,2494.18,Completed
107130,194,2025-04-29,770.34,Cancelled
107131,829,2025-04-26,1099.41,Cancelled
107132,54,2026-05-14,1336.94,Completed
107133,181,2024-01-08,3151.97,Completed
107134,153,2026-04-30,1354.17,Pending
107135,85,2024-07-24,707.7,Completed
107136,550,2024-06-19,664.85,Completed
107137,226,2025-02-10,1093.34,Completed
107138,967,2025-06-20,683.33,Completed
107139,935,2026-06-23,2966.57,Completed
107140,167,2025-06-03,3043.12,Cancelled
107141,836,2024-05-21,1808.27,Pending
107142,42,2025-03-14,1517.04,Completed
107143,281,2026-06-14,2914.87,Completed
107144,661,2025-11-26,2837.44,Completed
107145,203,2024-07-30,947.85,Cancelled
107146,79,2025-09-20,1036.92,Cancelled
107147,156,2025-12-14,2849.21,Cancelled
107148,660,2024-09-24,2146.09,Completed
107149,218,2025-05-28,2672.83,Completed
107150,244,2024-12-04,1006.76,Completed
107151,201,2024-06-25,1104.3,Completed
107152,889,2026-05-14,2433.46,Completed
107153,894,2024-11-07,1155.48,Completed
107154,811,2024-11-12,670.2,Completed
107155,23,2024-04-08,1166.91,Completed
107156,248,2025-03-08,1575.3,Cancelled
107157,887,2025-09-18,5439.37,Completed
107158,553,2026-08-04,1043.73,Completed
107159,44,2026-01-24,1729.26,Completed
107160,246,2026-04-14,6791.62,Completed
107161,835,2026-08-18,884.33,Completed
107162,886,2025-11-11,2765.18,Cancelled
107163,421,2026-04-14,1133.89,Completed
107164,151,2024-10-22,2337.04,Cancelled
107165,79,2025-11-26,8209.6,Completed
107166,222,2025-09-03,3011.07,Completed
107167,805,2025-03-15,1986.74,Cancelled
107168,834,2025-09-16,970.02,Completed
107169,255,2025-12-02,1606.03,Completed
107170,977,2025-02-04,1246.46,Completed
107171,886,2026-03-30,701.12,Completed
107172,988,2024-02-05,451.12,Cancelled
107173,758,2024-11-11,1049.15,Pending
107174,572,2024-12-22,1763.47,Completed
107175,981,2026-03-19,3726.03,Cancelled
107176,687,2025-05-09,1114.01,Completed
107177,840,2026-06-26,2038.75,Completed
107178,399,2026-07-13,595.72,Completed
107179,240,2025-03-22,1069.86,Completed
107180,572,2025-12-08,366.79,Completed
107181,406,2024-08-27,7690.36,Completed
107182,343,2024-04-15,2047.22,Completed
107183,697,2025-04-22,2005.62,Pending
107184,613,2024-10-20,2548.94,Cancelled
107185,308,2025-12-12,9335.45,Cancelled
107186,240,2025-05-22,1356.43,Cancelled
107187,545,2024-05-11,951.5,Cancelled
107188,317,2025-03-14,6605.51,Completed
107189,235,2025-01-25,808.73,Completed
107190,219,2024-01-05,4185.26,Cancelled
107191,663,2025-06-14,1715.67,Completed
107192,412,2026-06-28,2385.63,Completed
107193,336,2026-05-22,707.46,Completed
107194,114,2026-05-29,9714.42,Completed
107195,57,2026-05-19,1404.02,Completed
107196,695,2026-06-17,1141.0,Completed
107197,968,2024-04-04,2570.83,Cancelled
107198,315,2025-02-20,1183.6,Completed
107199,853,2025-06-14,2371.89,Completed
107200,604,2026-03-21,793.06,Pending
107201,297,2024-12-29,1978.68,Completed
107202,566,2025-11-20,1216.2,Completed
107203,128,2026-01-30,1081.8,Cancelled
107204,330,2025-05-12,976.21,Completed
107205,741,2024-08-22,3201.43,Completed
107206,861,2024-03-16,1433.37,Completed
107207,218,2025-03-08,1597.21,Pending
107208,916,2024-06-12,2375.91,Completed
107209,608,2025-09-18,3776.84,Completed
107210,227,2024-08-19,987.75,Completed
107211,783,2026-05-03,2077.58,Pending
107212,888,2026-05-21,996.52,Completed
107213,270,2026-03-24,1571.85,Completed
107214,106,2025-10-09,3596.97,Completed
107215,280,2024-04-22,391.74,Pending
107216,761,2026-08-14,987.99,Completed
107217,62,2024-03-05,1548.71,Completed
107218,284,2025-07-05,2305.26,Completed
107219,311,2026-02-21,3977.39,Cancelled
107220,20,2024-03-23,597.23,Completed
107221,599,2025-04-28,4517.0,Completed
107222,814,2025-04-09,2525.15,Completed
107223,155,2024-07-10,1539.38,Completed
107224,893,2024-04-18,692.75,Completed
107225,955,2026-06-04,1240.73,Cancelled
107226,878,2026-05-27,3504.9,Completed
107227,727,2024-04-01,1831.18,Completed
107228,441,2024-09-27,1600.41,Completed
107229,200,2025-01-16,957.26,Completed
107230,918,2024-07-10,2901.71,Completed
107231,529,2024-03-05,1633.09,Completed
107232,446,2025-05-12,1543.39,Pending
107233,386,2025-03-06,1691.95,Pending
107234,213,2026-02-24,1183.38,Completed
107235,376,2024-10-15,1059.55,Completed
107236,804,2025-05-11,670.38,Completed
107237,559,2024-11-01,1203.38,Pending
107238,392,2024-02-07,558.6,Completed
107239,108,2025-12-08,2468.21,Completed
107240,411,2025-12-23,1166.29,Completed
107241,211,2025-10-08,1394.86,Completed
107242,395,2024-02-03,1757.07,Completed
107243,150,2025-11-08,1068.61,Completed
107244,950,2025-08-11,838.65,Completed
107245,172,2025-03-05,2079.18,Completed
107246,123,2025-08-23,6145.03,Completed
107247,656,2024-04-17,3252.34,Completed
107248,337,2024-07-21,4135.89,Completed
107249,997,2024-05-05,773.99,Completed
107250,400,2025-03-10,1589.37,Completed
107251,652,2026-05-21,1582.62,Pending
107252,843,2024-01-07,4555.17,Completed
107253,984,2025-03-10,3266.52,Completed
107254,818,2024-10-03,1617.85,Completed
107255,577,2026-07-01,406.71,Completed
107256,822,2025-08-25,847.52,Completed
107257,279,2024-08-03,2716.12,Cancelled
107258,878,2024-10-03,1461.27,Completed
107259,880,2025-07-19,1675.56,Completed
107260,377,2024-02-16,2682.23,Cancelled
107261,67,2024-03-06,3756.4,Cancelled
107262,684,2025-10-18,1084.97,Completed
107263,102,2026-02-19,2644.18,Completed
107264,20,2025-12-23,5130.64,Completed
107265,950,2024-06-16,4553.83,Completed
107266,567,2026-04-19,1274.76,Completed
107267,652,2024-08-06,2180.29,Completed
107268,888,2026-05-01,2932.26,Cancelled
107269,933,2024-10-14,1823.73,Completed
107270,959,2025-04-27,1530.83,Completed
107271,132,2026-07-20,584.49,Completed
107272,315,2025-01-31,1025.81,Cancelled
107273,771,2025-10-11,1145.48,Completed
107274,33,2025-07-24,792.86,Completed
107275,232,2024-03-13,1932.78,Completed
107276,512,2026-02-10,3161.51,Completed
107277,337,2024-12-14,1370.66,Completed
107278,171,2025-04-07,429.72,Completed
107279,904,2024-10-23,1666.7,Completed
107280,441,2026-08-26,2150.88,Completed
107281,408,2025-06-19,2058.39,Completed
107282,659,2025-09-12,1126.42,Completed
107283,671,2025-05-23,822.46,Cancelled
107284,485,2024-10-26,3202.55,Completed
107285,893,2025-07-24,2262.36,Cancelled
107286,290,2026-02-11,1156.02,Completed
107287,879,2024-04-02,678.42,Cancelled
107288,876,2024-05-26,2080.24,Completed
107289,13,2024-06-09,1004.39,Completed
107290,760,2026-06-29,2308.36,Completed
107291,158,2025-07-15,1994.47,Completed
107292,478,2024-11-27,6943.3,Cancelled
107293,923,2024-07-12,1711.12,Cancelled
107294,192,2025-10-28,6607.99,Completed
107295,561,2025-05-25,1898.44,Cancelled
107296,782,2025-08-31,1166.82,Completed
107297,473,2025-11-27,906.4,Completed
107298,79,2024-04-03,1017.88,Cancelled
107299,66,2025-10-23,2379.02,Completed
107300,516,2025-12-03,1957.64,Completed
107301,29,2024-09-26,544.8,Completed
107302,19,2024-10-30,3493.46,Completed
107303,955,2025-07-30,4701.0,Completed
107304,531,2025-01-05,541.22,Completed
107305,467,2026-06-24,3475.03,Completed
107306,100,2024-04-03,5375.21,Completed
107307,790,2024-06-13,560.09,Pending
107308,506,2026-02-27,1328.52,Completed
107309,216,2025-10-24,1036.22,Completed
107310,758,2026-04-17,3389.96,Completed
107311,234,2024-01-24,1374.71,Pending
107312,498,2024-05-10,1339.53,Completed
107313,559,2026-03-25,2366.97,Completed
107314,276,2026-03-01,4960.66,Completed
107315,883,2026-03-14,1729.3,Completed
107316,705,2026-05-23,1325.53,Completed
107317,284,2024-08-12,1496.24,Completed
107318,156,2024-04-04,2760.97,Completed
107319,319,2024-10-15,757.59,Completed
107320,459,2026-08-28,1780.87,Completed
107321,550,2025-05-17,978.49,Completed
107322,397,2024-01-05,823.52,Completed
107323,43,2025-12-24,508.52,Completed
107324,675,2026-03-30,1287.94,Completed
107325,373,2024-04-29,3629.01,Pending
107326,327,2025-06-27,495.89,Completed
107327,554,2025-12-25,2561.4,Completed
107328,845,2026-07-20,1180.62,Completed
107329,9,2025-08-13,901.75,Completed
107330,962,2024-11-24,2250.85,Completed
107331,639,2026-06-04,4219.24,Completed
107332,545,2024-12-17,4765.88,Completed
107333,53,2025-09-08,2164.5,Pending
107334,713,2026-03-28,1719.62,Completed
107335,723,2025-05-31,2321.69,Completed
107336,559,2025-11-22,9005.29,Completed
107337,808,2026-03-30,1488.17,Completed
107338,849,2025-08-07,3764.05,Cancelled
107339,849,2025-02-12,1224.76,Completed
107340,317,2025-09-18,1049.04,Cancelled
107341,673,2025-01-25,5683.53,Completed
107342,59,2025-10-26,1803.11,Completed
107343,560,2024-03-20,2082.89,Completed
107344,146,2024-02-16,2568.45,Completed
107345,300,2025-04-07,1007.59,Completed
107346,677,2024-04-24,1353.79,Completed
107347,420,2025-12-12,1185.85,Pending
107348,871,2024-06-25,2233.8,Completed
107349,87,2025-05-01,2284.39,Completed
107350,972,2024-06-21,1218.3,Completed
107351,709,2026-06-15,6725.02,Completed
107352,425,2026-03-31,1768.25,Cancelled
107353,28,2024-01-02,1924.36,Pending
107354,45,2025-01-18,4310.51,Completed
107355,410,2026-07-05,1019.27,Pending
107356,571,2025-04-21,1283.02,Completed
107357,502,2026-04-01,2167.05,Completed
107358,291,2024-03-27,689.78,Completed
107359,652,2025-02-21,1542.56,Completed
107360,616,2026-04-27,6826.8,Completed
107361,337,2024-07-08,5909.89,Completed
107362,316,2024-01-10,3225.14,Completed
107363,436,2025-12-15,3882.87,Completed
107364,749,2024-03-22,2480.56,Completed
107365,589,2024-10-19,1359.75,Completed
107366,126,2026-03-01,5238.9,Pending
107367,927,2026-05-17,971.47,Cancelled
107368,199,2024-05-07,3378.01,Pending
107369,672,2025-04-28,1292.8,Completed
107370,20,2026-02-10,1344.41,Completed
107371,252,2025-01-15,2554.65,Completed
107372,564,2024-12-06,6752.22,Completed
107373,858,2025-06-12,4555.87,Completed
107374,561,2026-01-25,2243.37,Completed
107375,57,2024-02-09,1875.08,Cancelled
107376,958,2024-02-18,2991.41,Completed
107377,270,2024-04-13,4371.66,Completed
107378,357,2024-11-28,573.17,Completed
107379,108,2024-09-27,1657.37,Completed
107380,696,2025-04-13,908.2,Completed
107381,440,2024-10-19,1561.5,Pending
107382,216,2025-08-31,794.65,Completed
107383,638,2024-11-09,556.46,Completed
107384,193,2026-03-24,763.59,Completed
107385,529,2024-10-28,1256.09,Completed
107386,664,2024-08-25,2635.42,Pending
107387,819,2026-04-17,1060.51,Cancelled
107388,695,2025-10-03,1025.4,Completed
107389,567,2024-02-16,2327.98,Pending
107390,38,2024-05-27,2168.86,Completed
107391,231,2024-02-17,5442.33,Cancelled
107392,578,2026-02-12,3304.66,Completed
107393,534,2025-09-02,924.0,Cancelled
107394,531,2026-06-27,1164.06,Cancelled
107395,742,2024-11-15,2924.14,Completed
107396,909,2024-02-16,1011.6,Completed
107397,497,2025-03-22,1457.85,Completed
107398,133,2024-03-18,592.14,Completed
107399,435,2024-05-20,769.88,Completed
107400,251,2026-02-05,4081.17,Completed
107401,528,2025-01-03,2006.64,Completed
107402,592,2026-05-06,1195.94,Completed
107403,548,2025-05-14,1310.31,Cancelled
107404,581,2025-09-22,5488.92,Completed
107405,302,2026-03-22,1174.52,Completed
107406,176,2025-03-24,2448.5,Completed
107407,864,2024-11-07,3171.6,Pending
107408,398,2026-01-18,4604.42,Completed
107409,205,2026-03-19,1035.2,Completed
107410,997,2024-10-18,724.81,Completed
107411,37,2026-03-11,878.45,Completed
107412,340,2026-08-22,2894.92,Pending
107413,748,2024-07-07,6570.07,Completed
107414,408,2026-04-05,2961.07,Completed
107415,852,2024-03-25,1172.47,Completed
107416,351,2026-05-13,3895.7,Completed
107417,644,2026-05-16,1326.94,Completed
107418,423,2026-04-11,1048.31,Completed
107419,463,2024-12-05,1451.15,Completed
107420,491,2026-06-26,1233.75,Completed
107421,976,2025-06-22,1140.6,Completed
107422,764,2024-03-03,3982.58,Completed
107423,363,2026-04-06,1287.28,Completed
107424,414,2026-06-03,641.5,Completed
107425,403,2024-10-21,2634.26,Cancelled
107426,742,2024-08-29,967.81,Cancelled
107427,593,2025-07-07,988.3,Cancelled
107428,532,2024-12-15,2839.4,Completed
107429,425,2025-09-13,1123.29,Cancelled
107430,395,2024-12-26,1341.03,Completed
107431,554,2024-07-30,1850.03,Completed
107432,839,2024-08-14,1494.31,Completed
107433,967,2025-10-01,1361.78,Completed
107434,62,2025-03-02,392.54,Completed
107435,235,2024-01-15,1608.7,Completed
107436,684,2025-05-06,5137.32,Pending
107437,148,2026-02-05,2710.29,Completed
107438,613,2024-05-24,1410.17,Pending
107439,420,2024-08-25,2443.43,Completed
107440,187,2024-12-15,2706.27,Pending
107441,498,2026-06-21,1041.28,Completed
107442,505,2024-12-04,4075.32,Completed
107443,716,2026-03-26,2001.28,Completed
107444,834,2025-10-18,1469.28,Pending
107445,958,2026-08-23,5061.03,Completed
107446,433,2025-07-19,469.25,Completed
107447,687,2024-11-04,838.21,Cancelled
107448,791,2025-11-27,2731.44,Completed
107449,988,2024-03-28,2789.72,Completed
107450,652,2026-02-01,5249.85,Completed
107451,244,2024-08-15,415.36,Cancelled
107452,336,2025-10-10,3145.4,Cancelled
107453,206,2025-07-18,801.16,Completed
107454,194,2024-08-22,2363.33,Completed
107455,299,2025-04-13,1725.52,Completed
107456,492,2025-05-03,3127.46,Completed
107457,791,2026-01-16,1544.64,Completed
107458,286,2025-03-29,3472.75,Completed
107459,184,2024-02-26,1050.78,Completed
107460,125,2024-03-13,1707.19,Completed
107461,193,2025-10-08,2040.3,Completed
107462,427,2026-05-20,5352.92,Completed
107463,409,2025-02-27,3093.19,Pending
107464,396,2024-03-29,2055.71,Cancelled
107465,309,2024-06-15,2728.25,Completed
107466,447,2026-08-08,3646.57,Cancelled
107467,648,2025-11-15,2296.15,Pending
107468,47,2024-01-31,924.39,Completed
107469,896,2024-09-09,2708.05,Completed
107470,298,2025-12-10,1767.18,Completed
107471,137,2025-09-06,1430.96,Cancelled
107472,173,2024-10-06,1080.45,Completed
107473,545,2025-11-08,2623.09,Completed
107474,518,2026-05-30,2510.76,Completed
107475,88,2026-05-25,967.22,Completed
107476,492,2026-03-12,877.05,Cancelled
107477,218,2024-12-10,6155.48,Cancelled
107478,917,2024-01-25,3149.35,Completed
107479,301,2025-01-15,1904.38,Completed
107480,1000,2024-01-22,2669.38,Pending
107481,579,2025-07-08,1328.11,Completed
107482,965,2025-08-09,1609.19,Completed
107483,553,2024-11-28,1825.29,Completed
107484,125,2024-05-25,3368.89,Completed
107485,645,2025-05-25,718.29,Completed
107486,471,2024-01-14,927.39,Completed
107487,826,2024-09-25,811.97,Completed
107488,386,2026-07-30,3134.01,Completed
107489,184,2026-06-08,1685.72,Cancelled
107490,112,2025-09-07,992.17,Pending
107491,749,2024-12-29,1558.62,Cancelled
107492,231,2024-01-11,1193.77,Completed
107493,668,2025-09-24,708.46,Completed
107494,133,2025-04-22,4083.75,Completed
107495,81,2025-11-25,1633.48,Completed
107496,711,2024-06-02,4145.52,Completed
107497,338,2026-03-18,701.93,Cancelled
107498,567,2026-02-22,2498.19,Completed
107499,31,2025-02-20,704.8,Completed
107500,185,2024-01-28,8822.32,Completed
107501,91,2025-03-29,584.87,Completed
107502,276,2024-12-26,5784.56,Cancelled
107503,280,2026-01-10,1776.95,Completed
107504,368,2024-08-19,1598.4,Completed
107505,241,2024-01-18,2640.21,Completed
107506,450,2026-08-12,978.31,Cancelled
107507,905,2024-08-22,2998.48,Completed
107508,86,2024-03-17,3144.66,Completed
107509,900,2026-04-13,1813.99,Completed
107510,409,2025-12-01,2117.68,Pending
107511,578,2024-09-18,6309.5,Completed
107512,672,2025-04-10,2748.49,Completed
107513,741,2025-10-31,1082.59,Completed
107514,945,2026-03-05,2931.85,Completed
107515,1000,2024-12-28,1268.87,Cancelled
107516,98,2024-07-27,1118.82,Cancelled
107517,407,2024-01-15,2511.82,Completed
107518,536,2026-04-12,933.98,Completed
107519,520,2026-03-03,1855.11,Cancelled
107520,992,2026-07-13,2789.12,Cancelled
107521,652,2025-12-28,6228.27,Completed
107522,399,2024-07-26,2725.64,Completed
107523,925,2024-08-21,692.33,Completed
107524,736,2024-08-24,766.3,Completed
107525,803,2025-03-21,5528.47,Pending
107526,629,2026-07-26,1191.87,Completed
107527,65,2025-11-03,671.72,Completed
107528,971,2025-02-26,936.77,Completed
107529,716,2025-12-18,3016.12,Completed
107530,148,2026-03-23,1936.98,Completed
107531,249,2025-01-27,2741.63,Pending
107532,334,2026-03-30,1761.79,Completed
107533,252,2024-01-18,878.91,Completed
107534,622,2024-10-29,563.31,Cancelled
107535,547,2024-06-14,1046.35,Completed
107536,208,2024-06-22,1948.26,Completed
107537,696,2024-07-16,834.0,Completed
107538,282,2024-12-22,3409.87,Completed
107539,159,2025-12-06,939.64,Completed
107540,959,2025-07-29,615.09,Completed
107541,307,2025-03-05,1800.77,Pending
107542,231,2025-04-28,2951.33,Cancelled
107543,719,2024-06-27,4749.08,Completed
107544,767,2025-12-17,631.36,Completed
107545,152,2026-01-04,4541.17,Completed
107546,58,2025-06-17,2030.44,Completed
107547,860,2026-03-03,1202.18,Completed
107548,498,2026-02-22,2801.95,Completed
107549,450,2026-02-21,4343.96,Completed
107550,417,2024-04-11,604.35,Cancelled
107551,586,2024-03-24,1360.27,Completed
107552,673,2025-03-03,1263.33,Completed
107553,81,2024-02-25,2703.86,Cancelled
107554,263,2024-01-16,4649.71,Cancelled
107555,956,2024-05-07,1887.96,Completed
107556,166,2024-04-27,1488.64,Completed
107557,913,2024-11-13,2404.33,Cancelled
107558,398,2024-11-18,1545.55,Completed
107559,187,2026-03-08,439.37,Completed
107560,597,2026-05-27,2518.98,Completed
107561,663,2024-06-14,3416.02,Completed
107562,342,2025-01-04,3617.16,Pending
107563,797,2025-05-09,849.07,Pending
107564,64,2024-09-23,2670.96,Completed
107565,121,2024-11-17,4874.83,Completed
107566,622,2025-10-14,9324.9,Cancelled
107567,577,2025-02-17,2457.37,Completed
107568,699,2025-11-15,3411.99,Completed
107569,860,2024-03-13,944.2,Completed
107570,934,2025-04-13,867.25,Completed
107571,503,2024-10-29,3419.7,Completed
107572,496,2024-10-07,479.25,Completed
107573,927,2025-03-31,1991.25,Cancelled
107574,962,2024-10-20,4561.61,Pending
107575,51,2026-01-07,2860.42,Completed
107576,502,2024-06-29,2848.33,Completed
107577,923,2026-05-18,1743.04,Completed
107578,54,2024-12-18,1379.0,Completed
107579,977,2025-05-27,7303.77,Completed
107580,754,2024-06-12,4013.47,Completed
107581,155,2026-06-13,3120.06,Completed
107582,642,2025-09-17,1832.88,Cancelled
107583,426,2026-01-18,1231.35,Cancelled
107584,325,2026-05-20,3631.15,Cancelled
107585,622,2026-08-26,1474.49,Completed
107586,741,2024-09-04,1894.48,Completed
107587,899,2024-11-16,2685.82,Completed
107588,414,2024-08-23,2062.54,Completed
107589,159,2025-05-03,4929.72,Completed
107590,872,2026-05-23,763.24,Cancelled
107591,325,2025-12-19,1880.53,Cancelled
107592,764,2025-07-06,7224.86,Completed
107593,804,2025-04-05,3224.8,Completed
107594,60,2025-12-11,1583.61,Completed
107595,407,2025-03-30,3025.33,Completed
107596,85,2026-05-15,1745.0,Completed
107597,606,2025-06-28,4668.92,Cancelled
107598,802,2025-10-09,3069.77,Pending
107599,559,2025-10-23,1024.85,Completed
107600,315,2025-12-23,2101.65,Cancelled
107601,974,2025-04-10,2362.91,Completed
107602,86,2025-01-11,2440.14,Completed
107603,140,2025-02-07,2214.38,Completed
107604,358,2026-07-01,2598.33,Completed
107605,951,2024-04-16,2363.52,Completed
107606,901,2025-11-15,1126.39,Completed
107607,562,2026-07-23,1337.87,Completed
107608,954,2024-03-10,1525.89,Completed
107609,909,2025-08-24,1915.31,Completed
107610,588,2025-08-02,1529.13,Cancelled
107611,118,2024-11-21,3686.43,Completed
107612,905,2024-04-02,964.35,Completed
107613,642,2025-10-21,582.91,Completed
107614,140,2025-05-23,6463.92,Completed
107615,850,2026-01-01,1058.03,Completed
107616,396,2024-03-27,3680.44,Completed
107617,791,2026-06-28,2673.45,Completed
107618,260,2025-09-02,1082.55,Pending
107619,14,2025-03-06,1650.96,Completed
107620,447,2025-03-20,1498.58,Completed
107621,446,2026-07-15,2269.21,Completed
107622,872,2025-06-22,1093.04,Completed
107623,114,2025-07-18,1604.88,Cancelled
107624,918,2025-09-23,1756.94,Completed
107625,152,2024-10-31,3683.89,Completed
107626,937,2024-08-31,1377.9,Cancelled
107627,708,2025-12-31,954.67,Completed
107628,352,2024-11-06,1263.29,Completed
107629,959,2024-02-03,2284.98,Completed
107630,351,2025-04-14,569.07,Cancelled
107631,636,2024-01-10,3919.8,Completed
107632,19,2025-07-05,1823.14,Completed
107633,102,2025-09-18,2385.42,Completed
107634,346,2026-06-17,2075.61,Completed
107635,242,2025-08-13,1166.49,Completed
107636,225,2024-12-08,890.79,Cancelled
107637,373,2025-09-17,1141.65,Completed
107638,611,2025-07-29,676.29,Cancelled
107639,124,2025-12-22,2257.26,Completed
107640,757,2026-06-16,1619.31,Completed
107641,858,2024-04-04,663.97,Completed
107642,845,2025-11-29,1205.7,Completed
107643,191,2026-02-22,2750.2,Completed
107644,888,2024-11-15,4171.4,Completed
107645,128,2025-01-27,781.35,Completed
107646,107,2025-02-07,7335.23,Cancelled
107647,731,2024-12-29,964.8,Completed
107648,765,2026-05-05,594.34,Completed
107649,125,2024-11-13,5641.41,Completed
107650,412,2025-03-01,915.07,Completed
107651,407,2025-07-23,4846.6,Completed
107652,728,2024-09-02,1168.36,Completed
107653,513,2025-11-10,1487.76,Completed
107654,603,2025-05-23,770.64,Completed
107655,81,2024-06-14,4129.36,Completed
107656,977,2024-06-29,3776.64,Completed
107657,554,2024-01-27,1171.71,Pending
107658,669,2025-07-20,1714.48,Completed
107659,473,2026-02-18,2768.06,Completed
107660,244,2026-08-22,1324.94,Completed
107661,669,2025-10-04,4368.98,Completed
107662,284,2026-08-01,1680.32,Completed
107663,214,2026-08-19,1284.19,Completed
107664,551,2025-08-20,643.36,Completed
107665,349,2024-12-30,776.37,Cancelled
107666,900,2026-05-12,2638.85,Completed
107667,661,2025-09-07,2097.67,Completed
107668,367,2026-03-04,3058.72,Completed
107669,40,2024-08-08,1248.49,Cancelled
107670,334,2026-07-14,619.36,Cancelled
107671,114,2025-02-21,1303.67,Completed
107672,214,2026-04-29,6769.57,Completed
107673,280,2024-12-31,961.41,Pending
107674,654,2026-05-25,1757.88,Completed
107675,106,2025-10-16,374.92,Completed
107676,162,2024-08-11,1283.86,Completed
107677,43,2024-05-24,1375.38,Cancelled
107678,922,2024-06-02,2233.31,Completed
107679,988,2024-12-30,1463.92,Completed
107680,292,2024-02-12,670.79,Completed
107681,450,2025-06-17,1169.11,Completed
107682,294,2025-10-03,1576.5,Completed
107683,531,2025-12-25,942.03,Completed
107684,550,2026-06-27,1035.34,Cancelled
107685,252,2026-02-17,3459.61,Completed
107686,646,2026-08-25,1199.15,Completed
107687,12,2025-08-10,2395.9,Cancelled
107688,646,2026-04-09,1604.42,Completed
107689,755,2026-01-23,809.22,Completed
107690,55,2026-03-19,1449.7,Completed
107691,730,2025-02-03,2174.78,Cancelled
107692,743,2025-05-19,5566.1,Completed
107693,972,2026-06-08,1089.62,Completed
107694,814,2025-03-15,1702.97,Completed
107695,25,2025-08-12,3250.12,Completed
107696,82,2025-09-15,4084.21,Completed
107697,136,2024-06-28,1180.56,Completed
107698,581,2024-01-23,1626.65,Completed
107699,715,2025-11-07,3710.03,Completed
107700,659,2026-02-11,2509.87,Completed
107701,321,2025-07-20,3523.75,Completed
107702,198,2025-10-01,3854.39,Completed
107703,64,2024-03-06,2579.79,Completed
107704,368,2024-06-14,1976.03,Completed
107705,294,2025-12-18,1163.76,Completed
107706,297,2025-09-10,1535.79,Completed
107707,87,2024-07-11,1603.48,Completed
107708,286,2025-08-06,3924.09,Cancelled
107709,847,2024-02-04,2018.61,Completed
107710,240,2026-02-05,2031.07,Cancelled
107711,884,2024-01-27,943.33,Pending
107712,86,2026-03-25,3938.11,Pending
107713,638,2024-08-05,1093.1,Completed
107714,107,2024-09-03,1495.88,Completed
107715,381,2026-06-19,4216.06,Completed
107716,956,2026-03-03,3202.98,Completed
107717,773,2024-11-23,1036.07,Completed
107718,511,2024-06-26,892.75,Completed
107719,634,2024-04-16,1576.74,Completed
107720,661,2025-01-18,1237.53,Completed
107721,796,2025-07-19,693.48,Cancelled
107722,595,2025-04-24,1103.12,Completed
107723,506,2026-05-22,301.66,Completed
107724,77,2026-02-22,3239.34,Completed
107725,960,2024-09-10,3109.5,Completed
107726,566,2026-05-26,4500.04,Cancelled
107727,285,2025-03-25,2264.59,Completed
107728,133,2024-01-17,1345.0,Completed
107729,606,2026-04-08,3500.82,Completed
107730,787,2025-12-18,1140.92,Completed
107731,816,2024-12-11,759.99,Completed
107732,892,2026-05-03,1635.73,Pending
107733,900,2026-05-31,2351.3,Completed
107734,624,2026-07-17,1061.85,Cancelled
107735,950,2026-06-06,911.11,Cancelled
107736,76,2024-09-17,1372.78,Completed
107737,391,2025-06-26,2352.61,Completed
107738,476,2024-06-17,1637.64,Completed
107739,699,2025-10-25,9989.25,Completed
107740,293,2025-04-30,1647.64,Completed
107741,285,2026-05-05,2932.06,Cancelled
107742,908,2026-05-26,701.94,Completed
107743,651,2024-11-05,2636.01,Completed
107744,637,2024-11-03,1332.77,Completed
107745,182,2024-02-01,1789.24,Completed
107746,495,2025-05-06,5388.19,Completed
107747,418,2025-01-09,1413.14,Completed
107748,622,2026-08-26,769.19,Cancelled
107749,924,2026-03-06,851.22,Completed
107750,275,2025-03-19,2014.09,Completed
107751,819,2025-07-06,1944.33,Completed
107752,636,2025-09-03,1892.5,Completed
107753,490,2026-05-28,780.51,Completed
107754,952,2026-08-26,6718.83,Completed
107755,146,2025-02-10,4663.28,Completed
107756,678,2024-12-23,1959.12,Cancelled
107757,395,2025-11-24,669.69,Cancelled
107758,681,2024-09-22,5041.39,Completed
107759,137,2024-05-16,3768.67,Completed
107760,742,2024-10-02,1924.4,Completed
107761,68,2024-11-03,3923.51,Completed
107762,342,2025-08-23,1305.36,Completed
107763,912,2025-12-16,964.27,Completed
107764,635,2024-06-07,1993.87,Completed
107765,483,2024-02-13,656.06,Completed
107766,322,2024-06-09,874.77,Completed
107767,89,2026-06-05,2563.32,Completed
107768,110,2024-09-10,2103.86,Completed
107769,720,2025-05-28,733.23,Completed
107770,272,2025-06-10,1379.8,Completed
107771,76,2024-09-27,754.31,Pending
107772,432,2026-04-01,1310.25,Completed
107773,392,2024-03-04,1220.38,Completed
107774,960,2025-05-29,3430.6,Completed
107775,228,2025-02-06,1625.59,Cancelled
107776,265,2026-01-31,1536.75,Completed
107777,164,2024-07-10,1394.73,Completed
107778,185,2026-07-20,588.24,Completed
107779,531,2026-02-10,1688.21,Completed
107780,219,2025-12-21,2463.6,Completed
107781,723,2025-04-26,2092.42,Pending
107782,825,2025-09-17,2823.52,Completed
107783,479,2024-07-21,2914.29,Completed
107784,237,2024-01-08,7512.31,Completed
107785,827,2025-12-26,864.25,Cancelled
107786,967,2025-03-12,2096.68,Cancelled
107787,922,2024-12-08,2255.11,Completed
107788,924,2024-09-17,1462.17,Completed
107789,815,2025-08-26,1193.23,Cancelled
107790,744,2025-05-13,2489.27,Cancelled
107791,959,2025-10-18,2338.72,Cancelled
107792,333,2026-07-14,907.82,Completed
107793,933,2026-03-23,559.53,Completed
107794,25,2024-11-07,1307.67,Pending
107795,840,2024-08-23,1161.9,Completed
107796,325,2024-06-05,2663.29,Completed
107797,287,2025-07-07,987.28,Completed
107798,675,2026-03-14,1603.74,Completed
107799,172,2024-09-03,593.51,Completed
107800,994,2026-08-21,656.6,Completed
107801,732,2025-02-21,1091.57,Completed
107802,23,2026-01-29,1529.5,Completed
107803,854,2024-10-17,1056.44,Cancelled
107804,107,2024-05-14,1974.99,Cancelled
107805,830,2025-05-13,595.69,Completed
107806,821,2025-06-19,1565.21,Completed
107807,645,2025-04-10,1577.02,Completed
107808,603,2025-01-29,702.36,Completed
107809,837,2025-09-24,2088.07,Completed
107810,860,2025-09-08,439.52,Completed
107811,709,2024-05-27,1153.04,Completed
107812,170,2025-10-12,3003.13,Cancelled
107813,665,2024-11-19,423.8,Cancelled
107814,198,2026-02-24,2784.16,Completed
107815,49,2025-04-29,843.6,Completed
107816,151,2024-08-21,1226.29,Completed
107817,454,2024-06-24,4490.89,Cancelled
107818,965,2026-07-27,1197.55,Completed
107819,38,2025-11-30,5138.37,Completed
107820,76,2024-07-27,1476.04,Completed
107821,92,2025-05-03,1703.67,Completed
107822,187,2024-04-30,3111.97,Completed
107823,538,2026-03-22,2563.65,Completed
107824,829,2026-03-17,1989.63,Completed
107825,51,2026-02-20,1331.93,Completed
107826,811,2025-03-26,656.87,Completed
107827,918,2024-06-10,677.98,Cancelled
107828,80,2025-04-21,4226.37,Completed
107829,443,2025-05-11,5432.62,Completed
107830,822,2024-11-06,1958.17,Completed
107831,702,2025-01-02,568.3,Completed
107832,183,2024-02-15,1089.6,Completed
107833,147,2025-05-24,1055.02,Completed
107834,439,2024-07-07,1254.24,Completed
107835,858,2026-03-29,1012.81,Cancelled
107836,951,2026-01-11,2524.83,Completed
107837,472,2025-08-10,2114.02,Completed
107838,528,2024-08-06,5027.02,Completed
107839,558,2025-10-11,1397.71,Completed
107840,482,2026-08-23,2050.13,Completed
107841,650,2025-09-05,2913.98,Completed
107842,271,2026-02-03,3496.89,Cancelled
107843,537,2026-05-26,806.62,Completed
107844,615,2026-04-05,2341.84,Completed
107845,561,2024-06-06,1980.04,Cancelled
107846,975,2026-04-29,2191.54,Cancelled
107847,750,2026-01-14,1871.14,Completed
107848,738,2025-11-30,5480.26,Completed
107849,814,2024-08-09,1008.78,Completed
107850,526,2025-03-29,970.72,Completed
107851,299,2026-05-29,1055.65,Completed
107852,533,2026-06-11,1490.57,Completed
107853,926,2024-04-22,2178.08,Completed
107854,887,2025-02-19,1338.16,Completed
107855,347,2025-08-12,3462.15,Completed
107856,476,2024-04-03,1795.91,Completed
107857,270,2024-08-27,1690.7,Completed
107858,16,2025-08-03,758.15,Completed
107859,303,2025-09-30,5879.64,Cancelled
107860,101,2024-04-12,1745.33,Cancelled
107861,351,2025-02-16,5216.91,Completed
107862,56,2025-09-29,1201.19,Completed
107863,309,2026-08-21,3088.52,Cancelled
107864,717,2026-08-28,1248.67,Cancelled
107865,853,2024-10-29,5871.82,Cancelled
107866,894,2025-10-18,3729.55,Completed
107867,560,2025-06-21,3126.73,Completed
107868,545,2024-07-23,1123.81,Pending
107869,968,2025-05-08,6215.93,Completed
107870,554,2024-05-14,6769.8,Completed
107871,84,2024-04-26,1406.38,Completed
107872,938,2024-12-12,1999.44,Completed
107873,616,2024-09-11,3287.79,Completed
107874,667,2024-05-21,499.51,Pending
107875,96,2024-02-20,3790.9,Completed
107876,463,2025-07-08,3501.44,Completed
107877,452,2024-01-06,1248.25,Completed
107878,822,2026-01-31,432.91,Completed
107879,376,2024-03-11,2235.25,Completed
107880,337,2025-10-02,861.49,Completed
107881,680,2024-05-24,641.12,Completed
107882,19,2025-08-23,2290.45,Completed
107883,751,2024-05-18,4239.55,Completed
107884,12,2025-02-27,1561.24,Pending
107885,235,2025-10-03,3888.9,Completed
107886,491,2024-06-17,2771.74,Cancelled
107887,191,2024-05-09,737.28,Completed
107888,39,2025-09-12,1255.59,Completed
107889,416,2025-09-15,3630.28,Completed
107890,709,2025-02-12,1248.97,Pending
107891,240,2024-04-29,3065.49,Completed
107892,272,2024-10-24,1378.77,Completed
107893,677,2024-07-30,2876.58,Completed
107894,950,2025-10-03,2379.06,Completed
107895,516,2024-10-19,1531.73,Completed
107896,558,2025-01-03,2824.33,Completed
107897,835,2024-09-11,442.14,Completed
107898,66,2024-06-12,888.79,Cancelled
107899,981,2026-02-28,1331.66,Cancelled
107900,470,2025-04-15,3857.59,Pending
107901,372,2025-07-09,703.12,Completed
107902,619,2024-10-08,1759.87,Completed
107903,917,2024-03-26,2212.49,Completed
107904,939,2025-12-14,2114.23,Cancelled
107905,782,2025-12-03,1688.27,Completed
107906,476,2024-02-15,1202.51,Completed
107907,148,2026-05-12,1533.34,Completed
107908,187,2026-04-09,3391.88,Completed
107909,845,2026-04-05,1150.72,Completed
107910,124,2025-03-24,442.29,Completed
107911,474,2025-11-06,2437.08,Completed
107912,405,2024-01-16,4759.22,Completed
107913,710,2025-08-05,908.91,Completed
107914,337,2024-05-09,4359.14,Completed
107915,704,2026-06-03,2524.95,Pending
107916,504,2026-07-08,848.87,Pending
107917,892,2024-05-26,1139.24,Completed
107918,184,2025-06-06,1107.26,Cancelled
107919,765,2025-07-30,2009.04,Completed
107920,727,2026-01-17,1599.92,Completed
107921,832,2025-04-20,3692.88,Completed
107922,482,2026-05-08,3126.39,Completed
107923,312,2024-12-02,659.25,Completed
107924,514,2024-11-07,715.67,Completed
107925,974,2025-12-10,2683.35,Pending
107926,192,2025-06-16,1287.57,Completed
107927,662,2024-03-20,1606.6,Completed
107928,222,2025-09-24,2567.8,Cancelled
107929,778,2024-09-28,3144.94,Cancelled
107930,420,2026-03-29,807.42,Completed
107931,868,2026-03-24,424.75,Completed
107932,163,2025-02-12,1672.37,Completed
107933,123,2026-04-10,1032.66,Completed
107934,953,2026-07-15,1879.21,Completed
107935,329,2025-12-10,1699.25,Completed
107936,85,2025-08-13,954.82,Cancelled
107937,845,2026-06-26,6988.37,Completed
107938,411,2026-04-30,1820.0,Pending
107939,926,2025-04-10,1239.67,Completed
107940,432,2024-03-22,1922.68,Cancelled
107941,761,2025-08-07,2540.11,Completed
107942,578,2025-03-26,1193.2,Completed
107943,475,2024-12-21,8133.19,Cancelled
107944,478,2024-06-23,669.05,Completed
107945,248,2025-11-28,699.98,Completed
107946,742,2026-06-06,636.49,Pending
107947,522,2025-08-04,1804.56,Pending
107948,3,2024-08-16,2447.84,Completed
107949,394,2024-01-02,1452.07,Completed
107950,403,2025-11-24,2443.11,Completed
107951,892,2024-06-02,2421.89,Completed
107952,422,2024-03-02,1423.74,Completed
107953,567,2024-07-10,2376.43,Completed
107954,83,2024-07-14,1584.23,Completed
107955,387,2024-11-26,1379.78,Cancelled
107956,280,2024-11-07,1301.81,Completed
107957,492,2024-07-11,2094.4,Completed
107958,904,2026-03-14,3972.32,Pending
107959,936,2024-09-01,822.44,Completed
107960,282,2024-12-24,1317.31,Completed
107961,615,2026-03-05,2000.75,Cancelled
107962,956,2026-07-16,5639.22,Pending
107963,227,2026-02-06,2383.06,Completed
107964,432,2025-06-22,1061.34,Completed
107965,495,2026-08-23,987.33,Completed
107966,4,2025-12-08,3414.73,Completed
107967,459,2025-10-20,1468.04,Completed
107968,121,2024-01-29,808.72,Completed
107969,302,2025-09-12,3479.05,Completed
107970,114,2024-10-07,2199.23,Completed
107971,742,2025-08-08,828.28,Cancelled
107972,843,2025-07-11,753.2,Completed
107973,266,2024-04-16,439.91,Completed
107974,44,2025-03-24,1201.1,Cancelled
107975,485,2025-05-14,2194.08,Completed
107976,113,2024-02-16,3360.69,Completed
107977,434,2026-04-08,2372.63,Cancelled
107978,542,2026-07-01,770.78,Cancelled
107979,461,2024-01-21,1496.87,Completed
107980,520,2024-04-26,4557.98,Completed
107981,566,2024-05-03,1290.36,Completed
107982,163,2025-03-05,2967.0,Completed
107983,683,2025-08-07,2738.1,Completed
107984,669,2024-08-22,2949.59,Pending
107985,141,2026-04-04,2382.29,Completed
107986,428,2024-10-29,2943.69,Completed
107987,284,2024-10-26,687.14,Completed
107988,394,2025-07-26,4819.89,Completed
107989,777,2026-04-27,556.28,Completed
107990,598,2024-08-30,2204.41,Completed
107991,913,2024-11-24,1744.19,Pending
107992,568,2024-11-25,1198.57,Completed
107993,47,2025-03-28,954.98,Pending
107994,713,2025-02-21,2573.13,Completed
107995,75,2026-07-16,3030.28,Completed
107996,336,2024-05-22,1683.35,Completed
107997,937,2025-02-10,1491.49,Cancelled
107998,991,2024-09-03,4140.08,Cancelled
107999,147,2025-08-06,1368.45,Completed
108000,984,2026-01-29,1751.32,Completed
108001,979,2026-06-29,1576.87,Completed
108002,886,2025-03-01,8969.25,Completed
108003,836,2024-09-14,1042.69,Completed
108004,77,2026-07-26,3090.14,Completed
108005,120,2024-03-30,596.43,Completed
108006,616,2024-05-07,965.74,Completed
108007,102,2026-07-21,1472.26,Completed
108008,248,2026-05-12,1653.12,Completed
108009,977,2025-06-28,1505.93,Cancelled
108010,916,2024-11-15,1687.37,Completed
108011,252,2026-07-28,1150.18,Cancelled
108012,536,2026-07-21,4156.64,Cancelled
108013,536,2026-04-23,939.42,Completed
108014,261,2026-01-21,2920.29,Completed
108015,234,2025-08-01,2796.14,Completed
108016,431,2024-12-27,972.09,Completed
108017,603,2025-04-03,1417.99,Pending
108018,811,2025-06-11,1797.09,Completed
108019,850,2025-04-12,5348.45,Completed
108020,25,2026-04-18,1415.98,Cancelled
108021,657,2024-06-10,18975.45,Cancelled
108022,618,2024-03-21,2965.09,Completed
108023,49,2025-03-17,2250.29,Completed
108024,843,2024-07-20,3198.0,Cancelled
108025,597,2026-03-10,589.02,Completed
108026,722,2026-04-05,3855.52,Cancelled
108027,662,2026-08-20,761.82,Pending
108028,325,2025-01-10,3167.89,Completed
108029,198,2026-07-23,1224.63,Completed
108030,372,2024-04-08,1070.65,Pending
108031,766,2024-08-27,5696.88,Completed
108032,638,2024-01-19,1687.1,Completed
108033,628,2026-03-14,665.38,Completed
108034,128,2025-05-16,3391.92,Completed
108035,14,2025-02-05,814.13,Completed
108036,668,2024-07-13,4359.13,Completed
108037,953,2025-02-08,1781.14,Completed
108038,351,2025-08-21,786.47,Completed
108039,439,2024-05-19,3069.93,Completed
108040,960,2026-07-09,2525.81,Completed
108041,229,2025-12-05,452.76,Cancelled
108042,519,2026-05-02,1727.31,Completed
108043,86,2024-02-13,2185.93,Cancelled
108044,262,2026-04-23,2104.61,Completed
108045,368,2026-04-22,1596.33,Completed
108046,684,2024-12-21,2921.29,Completed
108047,300,2025-07-08,2605.43,Cancelled
108048,454,2025-05-02,1836.81,Completed
108049,292,2026-03-14,1543.65,Cancelled
108050,139,2024-10-01,1981.91,Completed
108051,797,2026-06-13,1215.78,Pending
108052,673,2025-06-22,926.04,Cancelled
108053,648,2024-01-01,867.03,Cancelled
108054,584,2024-10-22,1686.71,Completed
108055,132,2024-05-18,1030.72,Completed
108056,513,2026-02-25,1623.47,Completed
108057,709,2025-02-02,4273.14,Completed
108058,486,2025-03-27,1573.33,Completed
108059,728,2024-12-06,1969.14,Completed
108060,319,2025-11-12,1551.35,Completed
108061,512,2026-08-24,4208.12,Completed
108062,374,2026-04-29,5287.53,Completed
108063,997,2026-08-20,1326.56,Completed
108064,177,2024-10-18,2888.84,Cancelled
108065,279,2025-10-08,7007.86,Completed
108066,681,2025-08-28,846.52,Completed
108067,60,2024-10-21,3404.16,Completed
108068,511,2026-04-02,580.61,Completed
108069,33,2026-06-13,1835.0,Completed
108070,526,2026-07-14,1643.34,Completed
108071,312,2026-08-19,593.47,Completed
108072,187,2024-06-07,3653.87,Completed
108073,491,2024-05-23,1981.29,Completed
108074,322,2025-10-25,985.18,Cancelled
108075,79,2025-12-07,2228.58,Completed
108076,531,2025-02-27,3239.05,Completed
108077,564,2024-06-07,570.11,Completed
108078,662,2024-10-04,232.56,Completed
108079,906,2024-05-04,1751.54,Completed
108080,704,2024-06-02,1092.42,Cancelled
108081,803,2024-07-01,4296.51,Completed
108082,650,2025-07-23,1414.84,Completed
108083,672,2025-05-14,2201.02,Cancelled
108084,797,2024-11-21,1594.01,Completed
108085,662,2025-06-12,658.97,Completed
108086,497,2025-10-11,1836.06,Pending
108087,735,2024-04-04,760.15,Completed
108088,966,2024-09-30,736.35,Cancelled
108089,486,2024-07-14,881.93,Completed
108090,223,2024-01-01,833.04,Pending
108091,398,2024-04-22,1569.86,Cancelled
108092,17,2026-01-16,1395.14,Completed
108093,299,2026-05-01,2165.13,Pending
108094,893,2024-06-05,646.98,Completed
108095,99,2026-01-16,1528.35,Cancelled
108096,894,2024-09-02,1316.43,Completed
108097,560,2024-05-16,2051.76,Completed
108098,310,2024-08-16,2116.73,Completed
108099,466,2026-06-13,1992.46,Completed
108100,886,2024-11-29,945.64,Completed
108101,119,2025-12-21,1829.12,Completed
108102,564,2025-04-17,1289.44,Completed
108103,266,2025-02-28,4229.22,Cancelled
108104,538,2026-03-01,1933.81,Pending
108105,791,2026-08-22,1895.31,Completed
108106,925,2025-09-24,782.86,Completed
108107,253,2026-04-06,1226.33,Completed
108108,664,2024-05-22,2129.75,Pending
108109,421,2026-05-26,1710.2,Cancelled
108110,497,2024-06-27,1698.25,Pending
108111,161,2024-07-04,575.73,Completed
108112,866,2026-04-04,1060.39,Completed
108113,169,2025-04-14,1505.44,Completed
108114,43,2024-08-31,3930.95,Completed
108115,761,2024-01-27,526.55,Completed
108116,401,2024-07-31,913.14,Completed
108117,67,2026-03-13,524.11,Completed
108118,680,2024-01-04,2223.99,Completed
108119,281,2026-06-14,3891.48,Completed
108120,976,2026-01-23,2275.33,Completed
108121,980,2024-07-18,2619.49,Completed
108122,549,2025-12-19,920.32,Completed
108123,470,2025-05-19,2288.55,Completed
108124,438,2024-12-04,1089.46,Completed
108125,609,2025-05-06,1871.28,Completed
108126,914,2024-01-08,2495.18,Completed
108127,642,2026-05-06,1488.89,Completed
108128,99,2026-02-03,3067.59,Completed
108129,193,2024-06-23,1618.42,Completed
108130,631,2024-04-06,2150.38,Completed
108131,361,2025-02-16,6152.87,Cancelled
108132,473,2025-03-24,2487.19,Completed
108133,397,2026-01-21,1105.93,Completed
108134,598,2026-03-28,1317.16,Completed
108135,228,2024-03-03,3174.98,Completed
108136,76,2024-08-25,3545.03,Completed
108137,232,2025-07-24,1757.85,Completed
108138,669,2025-01-04,667.1,Completed
108139,610,2026-08-21,970.56,Completed
108140,818,2025-10-05,2024.4,Cancelled
108141,108,2024-11-09,2624.87,Cancelled
108142,140,2025-10-16,3458.68,Completed
108143,127,2025-02-22,480.4,Completed
108144,561,2025-03-26,3171.62,Completed
108145,572,2025-11-26,4550.98,Completed
108146,159,2025-02-26,379.83,Completed
108147,442,2025-11-08,1793.8,Completed
108148,54,2025-02-12,2945.69,Pending
108149,614,2025-08-01,719.18,Completed
108150,569,2025-04-17,1301.05,Pending
108151,30,2025-07-12,2590.68,Pending
108152,88,2024-12-03,1281.48,Completed
108153,706,2024-04-26,1421.09,Completed
108154,904,2024-09-06,2077.8,Completed
108155,860,2024-12-12,841.49,Completed
108156,567,2024-11-03,899.7,Cancelled
108157,521,2025-02-14,2440.6,Pending
108158,816,2025-04-09,3335.42,Completed
108159,850,2024-09-02,2332.23,Completed
108160,912,2025-01-06,4360.51,Cancelled
108161,396,2024-10-01,2364.52,Completed
108162,470,2025-07-23,5979.62,Completed
108163,80,2025-04-08,1878.64,Completed
108164,173,2025-09-06,2121.32,Completed
108165,372,2025-02-24,2339.34,Completed
108166,818,2026-08-27,1196.7,Completed
108167,440,2025-04-16,1086.91,Completed
108168,589,2025-08-21,1002.74,Completed
108169,873,2025-03-06,1254.28,Completed
108170,468,2025-12-15,6915.58,Cancelled
108171,327,2025-06-27,5881.13,Completed
108172,735,2024-04-05,1454.46,Cancelled
108173,307,2025-12-10,1369.49,Completed
108174,384,2026-01-09,445.9,Completed
108175,894,2025-01-26,943.19,Completed
108176,431,2025-05-10,1063.66,Cancelled
108177,248,2024-01-11,1352.55,Completed
108178,843,2026-04-23,1242.96,Completed
108179,644,2026-01-27,2069.65,Pending
108180,771,2026-08-02,2978.75,Completed
108181,317,2025-08-06,1121.56,Completed
108182,787,2024-08-12,4580.41,Completed
108183,954,2024-10-09,2253.47,Completed
108184,163,2026-06-22,3206.46,Completed
108185,186,2024-02-11,1352.67,Cancelled
108186,562,2025-10-15,2567.64,Cancelled
108187,730,2024-03-07,2417.1,Completed
108188,1,2025-12-20,4672.61,Cancelled
108189,549,2025-07-19,2751.2,Cancelled
108190,126,2025-04-04,3135.21,Completed
108191,979,2025-11-12,1276.25,Cancelled
108192,732,2024-12-11,3916.26,Completed
108193,994,2025-07-11,785.28,Completed
108194,213,2026-02-17,1240.25,Pending
108195,798,2025-03-21,2161.13,Completed
108196,376,2024-01-22,850.89,Completed
108197,103,2026-08-25,987.8,Completed
108198,473,2025-06-09,988.12,Completed
108199,463,2025-02-22,2302.32,Completed
108200,495,2024-03-12,1623.31,Completed
108201,864,2024-03-29,3367.64,Completed
108202,276,2024-09-04,6111.49,Completed
108203,640,2026-06-17,2145.93,Completed
108204,195,2025-12-06,1290.88,Completed
108205,886,2025-02-06,2286.91,Cancelled
108206,452,2026-01-04,1005.59,Completed
108207,805,2025-01-16,1727.03,Completed
108208,266,2026-05-15,8919.59,Pending
108209,304,2024-11-14,1577.39,Completed
108210,982,2025-11-27,2191.33,Completed
108211,192,2025-02-28,1620.6,Completed
108212,560,2025-10-18,1379.28,Pending
108213,313,2024-06-30,2460.52,Completed
108214,385,2026-07-08,787.96,Pending
108215,696,2024-10-05,1615.69,Pending
108216,787,2025-06-06,744.86,Pending
108217,474,2025-10-30,4912.07,Cancelled
108218,639,2025-09-28,3419.42,Completed
108219,46,2025-06-23,1092.51,Pending
108220,232,2026-04-24,538.75,Completed
108221,748,2026-08-01,2475.71,Cancelled
108222,667,2026-01-13,1749.57,Completed
108223,47,2024-06-28,7738.73,Completed
108224,897,2026-01-19,4476.83,Completed
108225,407,2025-05-04,2720.0,Pending
108226,297,2025-06-06,1276.9,Completed
108227,456,2026-07-05,1518.54,Completed
108228,391,2025-05-28,2190.56,Completed
108229,498,2026-04-07,2267.23,Completed
108230,164,2025-09-23,1136.33,Completed
108231,138,2024-03-25,741.67,Completed
108232,991,2025-11-12,6303.68,Completed
108233,753,2025-04-26,1840.05,Cancelled
108234,353,2025-06-15,2371.47,Pending
108235,860,2024-10-21,1030.92,Completed
108236,802,2024-06-29,4374.6,Completed
108237,698,2025-12-24,3538.98,Completed
108238,727,2024-08-29,1872.17,Completed
108239,953,2024-03-31,2063.41,Completed
108240,843,2025-04-24,2166.31,Cancelled
108241,256,2025-11-23,1918.62,Completed
108242,732,2024-07-17,2586.81,Cancelled
108243,161,2024-12-18,2299.21,Completed
108244,497,2025-02-16,1605.52,Pending
108245,67,2026-06-17,842.16,Completed
108246,168,2024-05-23,1770.6,Cancelled
108247,727,2026-06-12,2931.33,Completed
108248,365,2024-05-22,2786.23,Completed
108249,162,2025-07-16,4224.31,Completed
108250,979,2026-03-31,4525.1,Completed
108251,940,2026-05-29,2840.11,Pending
108252,227,2025-06-11,2033.23,Cancelled
108253,600,2025-04-24,2250.3,Completed
108254,288,2026-01-29,1239.17,Completed
108255,810,2026-06-03,3026.23,Pending
108256,686,2024-01-12,4255.34,Completed
108257,429,2024-09-11,3542.54,Completed
108258,934,2024-10-04,2584.21,Completed
108259,741,2026-03-21,1539.35,Cancelled
108260,151,2024-01-18,1428.19,Completed
108261,436,2024-05-02,1622.43,Completed
108262,837,2024-01-04,1119.83,Completed
108263,536,2026-07-16,2151.84,Completed
108264,100,2024-02-01,292.31,Completed
108265,778,2024-09-15,1268.17,Pending
108266,474,2025-05-22,1881.52,Cancelled
108267,235,2024-12-05,9151.0,Pending
108268,823,2024-03-29,1805.19,Completed
108269,891,2025-02-05,1848.95,Completed
108270,589,2026-02-15,1047.07,Completed
108271,719,2024-10-08,5504.06,Cancelled
108272,240,2025-05-17,1060.86,Completed
108273,752,2025-04-02,6747.05,Completed
108274,909,2024-08-26,1112.74,Completed
108275,235,2024-01-03,3319.61,Completed
108276,944,2026-03-27,1734.87,Cancelled
108277,89,2026-08-24,1248.87,Completed
108278,439,2025-05-10,3469.53,Completed
108279,75,2026-03-18,4268.71,Completed
108280,441,2024-12-07,1595.51,Completed
108281,649,2026-07-06,1771.92,Pending
108282,878,2025-07-06,1376.57,Cancelled
108283,150,2026-02-17,2082.2,Pending
108284,894,2025-10-16,883.61,Completed
108285,1000,2026-06-17,312.57,Completed
108286,67,2025-06-27,533.73,Completed
108287,963,2026-04-04,1559.08,Completed
108288,912,2026-06-26,897.95,Completed
108289,33,2026-01-09,1667.55,Completed
108290,64,2024-12-10,1290.04,Completed
108291,731,2024-03-29,1137.29,Completed
108292,416,2025-02-02,1180.62,Cancelled
108293,258,2025-11-04,3375.25,Completed
108294,400,2026-04-15,2097.44,Completed
108295,334,2026-01-18,4977.88,Completed
108296,976,2025-09-12,1924.96,Completed
108297,238,2025-06-05,520.13,Cancelled
108298,88,2026-07-29,913.31,Completed
108299,839,2024-08-25,1939.87,Completed
108300,849,2026-02-09,2106.59,Completed
108301,900,2025-06-20,1229.85,Completed
108302,971,2025-05-14,1073.1,Completed
108303,44,2025-01-23,1212.4,Completed
108304,773,2025-09-09,1638.68,Completed
108305,267,2026-08-30,1743.56,Completed
108306,418,2025-01-30,881.76,Completed
108307,442,2024-04-19,2112.46,Pending
108308,984,2024-05-04,2099.83,Completed
108309,519,2024-06-21,1675.85,Completed
108310,219,2025-01-31,1148.71,Completed
108311,87,2024-01-05,2785.17,Cancelled
108312,591,2024-09-30,4255.19,Completed
108313,837,2025-11-07,1345.05,Completed
108314,711,2025-10-21,1196.34,Cancelled
108315,937,2025-10-12,2436.67,Completed
108316,45,2025-10-13,841.06,Completed
108317,399,2024-03-14,785.07,Completed
108318,614,2026-07-01,1180.62,Pending
108319,866,2024-10-16,2201.09,Completed
108320,304,2024-03-18,1015.62,Completed
108321,677,2026-02-28,1778.19,Pending
108322,205,2025-03-30,487.59,Cancelled
108323,593,2024-12-03,2687.74,Completed
108324,779,2025-01-22,4590.93,Completed
108325,826,2025-07-21,996.38,Completed
108326,444,2025-05-28,2402.36,Cancelled
108327,466,2024-01-14,1572.32,Completed
108328,889,2024-04-26,1928.6,Completed
108329,547,2026-07-10,1534.12,Cancelled
108330,343,2025-04-23,1477.73,Completed
108331,272,2026-08-19,1047.34,Completed
108332,715,2025-10-01,884.63,Cancelled
108333,715,2025-12-18,3678.07,Completed
108334,535,2024-11-01,604.35,Pending
108335,159,2026-03-26,1778.27,Completed
108336,162,2025-09-24,1726.52,Completed
108337,241,2026-01-01,1745.93,Completed
108338,16,2024-09-15,2773.06,Completed
108339,473,2025-07-24,1414.54,Completed
108340,411,2024-12-25,2751.75,Completed
108341,380,2026-06-03,6544.38,Completed
108342,938,2026-06-01,1630.44,Completed
108343,237,2024-12-09,480.47,Completed
108344,816,2024-01-25,1640.71,Completed
108345,189,2024-08-30,1539.25,Completed
108346,614,2024-09-22,2337.54,Completed
108347,869,2024-01-19,492.45,Completed
108348,847,2026-06-29,2222.67,Completed
108349,593,2025-03-29,1368.7,Cancelled
108350,204,2024-05-23,3033.04,Cancelled
108351,372,2025-08-16,1285.04,Completed
108352,420,2025-01-21,3164.44,Completed
108353,854,2024-06-18,674.23,Completed
108354,372,2025-03-17,1820.93,Completed
108355,832,2025-08-05,957.05,Completed
108356,954,2025-09-27,1310.64,Completed
108357,110,2024-08-07,10547.02,Completed
108358,938,2025-08-18,971.0,Completed
108359,567,2026-02-10,1412.84,Pending
108360,603,2025-09-01,855.86,Completed
108361,298,2026-07-14,1474.38,Cancelled
108362,325,2026-07-04,1632.83,Completed
108363,537,2025-04-26,1116.63,Cancelled
108364,195,2025-01-17,5014.95,Completed
108365,722,2025-03-21,3813.88,Completed
108366,668,2025-04-21,972.74,Completed
108367,13,2024-06-17,3060.71,Completed
108368,207,2026-07-26,1317.49,Completed
108369,511,2025-07-06,809.56,Completed
108370,748,2024-05-04,1128.83,Completed
108371,286,2026-05-28,795.65,Completed
108372,893,2026-07-11,3318.65,Pending
108373,532,2025-06-30,1018.3,Completed
108374,536,2026-07-11,4158.16,Completed
108375,109,2026-08-02,1972.6,Completed
108376,629,2026-07-16,1384.67,Cancelled
108377,825,2026-07-26,1298.78,Pending
108378,208,2024-03-06,5623.78,Completed
108379,542,2024-01-31,1812.1,Completed
108380,11,2025-07-15,1296.89,Completed
108381,207,2025-12-28,3134.67,Completed
108382,73,2026-03-26,2633.71,Completed
108383,773,2025-09-16,946.98,Completed
108384,997,2024-11-01,1806.15,Completed
108385,41,2026-06-26,555.51,Completed
108386,703,2025-07-28,1761.28,Completed
108387,595,2025-10-25,2207.85,Completed
108388,703,2024-09-06,2408.25,Completed
108389,496,2026-01-08,940.01,Completed
108390,992,2024-05-06,1113.75,Pending
108391,43,2026-04-27,2114.02,Completed
108392,148,2026-04-09,4057.64,Completed
108393,247,2025-10-26,1911.0,Completed
108394,787,2026-08-12,1252.34,Cancelled
108395,79,2026-06-04,3381.88,Completed
108396,123,2024-03-08,1957.55,Completed
108397,737,2024-08-02,2021.75,Completed
108398,415,2024-04-28,3023.15,Completed
108399,706,2024-11-08,1690.78,Completed
108400,359,2025-07-26,981.24,Completed
108401,89,2024-05-19,1627.93,Completed
108402,599,2024-03-24,3708.68,Completed
108403,109,2025-09-18,6159.68,Completed
108404,472,2025-09-06,815.14,Completed
108405,888,2024-12-22,5217.4,Completed
108406,181,2025-12-01,1418.07,Completed
108407,198,2025-07-29,1824.1,Completed
108408,951,2025-02-07,5434.14,Pending
108409,296,2024-03-07,1379.17,Completed
108410,367,2026-01-05,1505.96,Completed
108411,683,2025-08-30,1185.27,Completed
108412,126,2024-04-20,1844.86,Cancelled
108413,62,2024-07-01,2204.35,Completed
108414,852,2024-10-20,1151.64,Completed
108415,950,2024-06-23,4620.58,Completed
108416,988,2026-02-24,1107.41,Completed
108417,27,2026-06-27,2488.66,Completed
108418,528,2024-03-26,1831.33,Completed
108419,859,2024-08-20,4039.84,Completed
108420,854,2024-10-04,1067.41,Pending
108421,353,2026-08-22,2611.52,Completed
108422,482,2025-08-27,8684.06,Completed
108423,150,2026-07-17,705.21,Pending
108424,138,2024-08-28,1002.41,Pending
108425,372,2024-03-06,6975.26,Completed
108426,228,2025-04-12,1649.68,Completed
108427,974,2026-03-06,1937.93,Completed
108428,81,2026-03-25,1450.36,Completed
108429,527,2025-04-04,5275.14,Completed
108430,556,2024-09-19,630.62,Completed
108431,60,2024-02-15,4022.32,Completed
108432,434,2025-02-28,688.95,Completed
108433,943,2025-06-05,650.03,Cancelled
108434,109,2024-01-18,888.03,Completed
108435,142,2026-06-28,1656.48,Completed
108436,165,2025-11-20,1131.43,Completed
108437,57,2024-11-14,1088.64,Cancelled
108438,892,2024-12-11,984.97,Completed
108439,48,2024-12-13,996.11,Completed
108440,277,2026-04-16,981.61,Completed
108441,834,2025-12-05,2096.87,Completed
108442,997,2024-03-27,1190.59,Completed
108443,152,2024-10-25,318.35,Cancelled
108444,352,2026-01-31,1756.89,Completed
108445,177,2024-12-12,2929.72,Completed
108446,190,2026-03-02,1501.64,Completed
108447,945,2025-05-08,793.16,Completed
108448,330,2026-01-25,2921.39,Cancelled
108449,614,2025-05-28,737.59,Completed
108450,156,2025-12-15,1460.86,Completed
108451,281,2025-02-23,1774.61,Completed
108452,353,2024-08-19,3630.02,Completed
108453,588,2026-05-08,2620.37,Completed
108454,905,2025-02-09,2101.75,Completed
108455,241,2024-01-10,3295.88,Completed
108456,646,2025-01-10,847.97,Completed
108457,486,2025-02-03,5026.72,Cancelled
108458,802,2024-08-22,245.49,Completed
108459,327,2026-05-04,4553.23,Cancelled
108460,420,2025-04-23,1041.82,Pending
108461,623,2024-12-26,2304.59,Completed
108462,436,2025-11-09,4614.89,Completed
108463,763,2025-09-14,2591.92,Completed
108464,17,2025-04-10,2292.99,Completed
108465,341,2026-08-06,3161.04,Pending
108466,173,2026-08-06,687.86,Pending
108467,142,2025-04-08,758.3,Completed
108468,55,2025-11-20,2147.21,Completed
108469,348,2024-02-20,1583.03,Completed
108470,213,2025-03-06,1468.82,Completed
108471,763,2025-03-05,4025.37,Pending
108472,497,2025-01-28,3804.75,Completed
108473,791,2026-03-29,989.37,Completed
108474,892,2025-07-21,2399.74,Cancelled
108475,790,2025-04-03,651.15,Completed
108476,417,2025-02-24,641.04,Completed
108477,975,2025-08-24,1007.46,Completed
108478,380,2024-08-03,1739.08,Completed
108479,832,2024-08-27,1177.39,Completed
108480,171,2025-05-21,2413.5,Completed
108481,969,2024-11-06,1782.15,Completed
108482,296,2025-10-16,3713.39,Completed
108483,628,2026-05-27,2566.27,Cancelled
108484,347,2024-12-14,916.44,Completed
108485,227,2025-07-16,3232.3,Pending
108486,319,2024-10-02,1027.9,Completed
108487,610,2026-02-10,2351.94,Completed
108488,111,2024-07-30,1307.08,Completed
108489,194,2025-05-22,4256.46,Completed
108490,924,2024-12-19,2895.21,Completed
108491,85,2026-01-14,1147.5,Completed
108492,727,2024-08-25,1400.57,Completed
108493,295,2024-07-14,15072.02,Completed
108494,311,2026-01-12,793.08,Completed
108495,354,2025-06-25,1127.32,Completed
108496,376,2025-09-13,1163.73,Completed
108497,710,2026-02-11,847.45,Completed
108498,811,2024-10-06,907.36,Completed
108499,355,2024-08-22,1677.25,Completed
108500,170,2026-08-23,2453.54,Completed
108501,4,2024-04-18,639.06,Completed
108502,730,2025-09-20,1299.33,Completed
108503,921,2025-01-13,1067.37,Completed
108504,38,2024-05-18,841.11,Cancelled
108505,591,2026-07-16,3438.54,Completed
108506,214,2026-03-17,1094.75,Completed
108507,207,2024-08-04,738.86,Completed
108508,836,2026-01-03,3189.56,Completed
108509,249,2026-01-17,4059.64,Completed
108510,297,2025-05-01,2100.68,Completed
108511,123,2026-07-19,976.51,Completed
108512,909,2024-08-15,1502.76,Completed
108513,912,2024-03-11,1175.88,Completed
108514,918,2026-02-27,1743.13,Completed
108515,228,2024-12-13,2866.6,Cancelled
108516,185,2024-05-01,1770.72,Completed
108517,942,2026-07-31,1795.88,Completed
108518,615,2025-02-10,1289.54,Completed
108519,262,2026-04-22,2773.05,Completed
108520,49,2026-03-06,2286.84,Completed
108521,805,2024-10-22,544.96,Completed
108522,809,2026-02-18,565.42,Cancelled
108523,14,2025-04-01,1450.95,Cancelled
108524,472,2025-09-04,3382.87,Completed
108525,476,2024-10-05,3842.44,Completed
108526,458,2024-01-08,2955.61,Completed
108527,361,2024-07-04,1632.08,Completed
108528,318,2024-11-20,4664.46,Completed
108529,327,2025-06-16,1125.43,Completed
108530,924,2026-04-10,1442.13,Cancelled
108531,993,2024-06-21,714.75,Completed
108532,111,2025-12-02,1438.09,Completed
108533,725,2025-12-30,1028.05,Completed
108534,572,2026-02-27,4891.03,Completed
108535,253,2026-03-03,4303.54,Pending
108536,183,2024-03-02,1875.58,Completed
108537,758,2024-07-30,2438.3,Cancelled
108538,357,2026-07-04,1215.38,Pending
108539,128,2025-09-07,346.1,Completed
108540,969,2024-08-10,1096.57,Cancelled
108541,930,2026-08-27,2926.95,Cancelled
108542,415,2024-11-19,2393.1,Completed
108543,422,2024-10-07,1395.06,Completed
108544,417,2026-03-28,2910.9,Completed
108545,187,2026-07-23,1325.45,Completed
108546,104,2025-01-30,857.05,Completed
108547,270,2025-09-20,2911.07,Completed
108548,382,2025-09-17,1209.37,Cancelled
108549,154,2024-08-07,3508.13,Completed
108550,39,2025-06-21,491.3,Completed
108551,934,2024-02-24,1243.07,Completed
108552,884,2026-04-22,2653.69,Cancelled
108553,298,2026-03-16,2481.34,Completed
108554,617,2024-05-31,1559.0,Completed
108555,141,2025-08-15,2169.61,Completed
108556,931,2024-04-05,1971.69,Completed
108557,821,2024-03-26,683.8,Completed
108558,175,2025-09-07,1421.1,Cancelled
108559,209,2026-02-14,2086.71,Completed
108560,323,2026-04-01,2501.34,Completed
108561,94,2024-11-18,1725.4,Cancelled
108562,340,2026-06-17,1257.36,Completed
108563,669,2025-06-09,756.06,Completed
108564,732,2025-01-24,2936.14,Completed
108565,12,2024-12-01,2733.65,Completed
108566,345,2025-12-16,3419.48,Completed
108567,840,2024-12-26,893.01,Cancelled
108568,878,2025-01-15,1948.57,Completed
108569,561,2025-01-12,1147.76,Completed
108570,741,2024-11-06,1855.17,Completed
108571,245,2025-01-21,11906.89,Cancelled
108572,876,2024-01-24,3238.65,Completed
108573,467,2026-04-30,1101.44,Completed
108574,692,2024-08-31,1527.42,Completed
108575,261,2025-03-11,1422.53,Pending
108576,171,2024-06-14,1950.97,Completed
108577,531,2025-06-05,668.46,Cancelled
108578,520,2024-09-18,2221.52,Completed
108579,570,2024-06-14,454.45,Completed
108580,816,2024-10-07,606.85,Pending
108581,775,2026-05-30,6611.93,Completed
108582,295,2026-04-15,1423.75,Completed
108583,459,2026-02-07,4548.72,Completed
108584,85,2024-07-16,1063.09,Completed
108585,791,2025-09-24,459.24,Completed
108586,135,2026-03-08,909.23,Completed
108587,72,2025-09-24,10329.32,Completed
108588,518,2026-04-16,719.53,Completed
108589,925,2024-07-14,5711.62,Completed
108590,371,2025-03-27,2252.8,Pending
108591,183,2024-11-17,1945.81,Completed
108592,182,2025-12-05,1106.5,Completed
108593,846,2024-05-04,1002.0,Completed
108594,661,2024-11-06,2597.24,Completed
108595,486,2025-11-14,4243.19,Completed
108596,931,2024-01-18,2044.95,Completed
108597,104,2024-09-05,2911.03,Cancelled
108598,618,2025-11-21,1365.0,Cancelled
108599,352,2024-08-20,7391.21,Pending
108600,231,2025-08-13,2101.96,Pending
108601,923,2025-01-24,6748.82,Completed
108602,959,2025-03-24,961.18,Completed
108603,843,2024-12-14,1748.1,Completed
108604,148,2026-05-24,3611.99,Completed
108605,727,2025-12-02,1974.07,Completed
108606,351,2025-12-08,2520.14,Completed
108607,374,2026-02-09,953.35,Cancelled
108608,191,2025-02-18,1382.95,Completed
108609,591,2024-04-10,1019.01,Completed
108610,866,2024-02-21,1702.66,Completed
108611,229,2025-04-14,1592.53,Completed
108612,535,2026-05-02,1276.23,Cancelled
108613,650,2025-04-14,2715.05,Completed
108614,633,2026-08-16,900.71,Completed
108615,258,2025-05-24,445.22,Completed
108616,33,2025-09-09,1241.43,Completed
108617,836,2024-03-16,7292.52,Completed
108618,598,2026-01-17,2507.33,Cancelled
108619,705,2026-05-15,1038.45,Cancelled
108620,530,2025-05-07,2403.82,Completed
108621,381,2026-05-30,1649.7,Completed
108622,249,2024-08-18,2315.77,Completed
108623,660,2025-04-21,3190.77,Completed
108624,839,2026-06-06,2041.27,Completed
108625,316,2025-08-10,1946.71,Completed
108626,28,2025-10-31,4730.41,Completed
108627,155,2025-01-27,2556.32,Cancelled
108628,579,2025-06-17,2043.03,Pending
108629,233,2024-12-27,1850.07,Completed
108630,822,2025-10-25,1246.02,Completed
108631,270,2024-02-24,801.07,Completed
108632,486,2025-05-13,2783.05,Completed
108633,225,2026-06-23,4127.07,Completed
108634,449,2024-02-26,2377.09,Completed
108635,678,2025-03-14,2600.34,Pending
108636,802,2025-10-04,1011.24,Completed
108637,746,2024-03-23,1221.72,Completed
108638,503,2024-01-06,782.4,Completed
108639,451,2024-06-09,1530.51,Completed
108640,316,2024-08-02,3410.54,Completed
108641,988,2026-05-04,1143.92,Completed
108642,738,2024-05-31,1714.73,Completed
108643,897,2025-09-15,2841.64,Completed
108644,746,2024-11-26,3947.44,Completed
108645,87,2025-06-05,617.06,Cancelled
108646,263,2026-06-02,1320.41,Cancelled
108647,454,2026-04-15,1113.94,Completed
108648,307,2024-03-18,1018.09,Completed
108649,913,2024-03-27,1403.35,Cancelled
108650,483,2024-12-13,507.59,Pending
108651,216,2026-02-25,1417.43,Cancelled
108652,600,2026-01-09,1841.43,Completed
108653,372,2025-08-24,913.7,Cancelled
108654,126,2026-04-19,1316.1,Completed
108655,950,2024-06-26,1823.03,Completed
108656,949,2025-12-17,1945.79,Completed
108657,781,2026-08-01,622.14,Pending
108658,305,2026-07-28,2837.58,Pending
108659,840,2025-11-23,2882.29,Completed
108660,283,2025-11-08,1110.94,Completed
108661,887,2024-08-05,5357.26,Completed
108662,891,2025-12-25,2420.75,Completed
108663,170,2024-08-28,2203.65,Completed
108664,307,2025-02-14,2806.05,Completed
108665,699,2024-04-23,919.74,Completed
108666,232,2024-10-20,1430.54,Completed
108667,809,2024-03-14,2689.15,Pending
108668,679,2025-03-25,1071.68,Cancelled
108669,223,2024-03-11,1431.47,Completed
108670,779,2026-01-17,2660.33,Completed
108671,46,2025-09-30,2201.61,Completed
108672,377,2025-09-24,1824.66,Completed
108673,177,2025-11-15,1874.72,Completed
108674,1,2026-01-21,1606.58,Completed
108675,748,2025-10-19,3133.31,Completed
108676,152,2025-09-02,7002.93,Pending
108677,695,2024-06-26,2177.16,Completed
108678,77,2025-12-14,4141.68,Completed
108679,897,2025-04-18,1355.17,Completed
108680,978,2024-05-31,1155.77,Completed
108681,309,2025-04-12,1078.38,Completed
108682,478,2024-11-10,990.9,Completed
108683,623,2024-07-12,1487.34,Completed
108684,592,2025-06-30,3201.94,Completed
108685,30,2026-05-20,3454.56,Pending
108686,979,2024-01-17,1292.41,Completed
108687,938,2024-05-11,1458.25,Completed
108688,479,2026-06-06,1797.61,Cancelled
108689,553,2025-11-03,2095.83,Cancelled
108690,169,2024-08-21,2635.7,Cancelled
108691,753,2024-12-25,1388.66,Completed
108692,512,2024-03-27,1580.14,Completed
108693,280,2026-03-31,4341.99,Cancelled
108694,299,2025-10-08,1501.86,Pending
108695,83,2024-08-13,1238.98,Completed
108696,793,2024-07-07,1702.66,Pending
108697,63,2025-11-03,1893.8,Completed
108698,562,2025-06-30,661.14,Completed
108699,822,2025-12-29,1349.04,Pending
108700,55,2024-08-30,2364.97,Cancelled
108701,152,2026-08-25,6624.08,Completed
108702,766,2024-06-10,1276.36,Completed
108703,831,2024-06-22,2959.32,Completed
108704,82,2025-12-16,2022.37,Completed
108705,263,2025-07-03,3825.9,Completed
108706,609,2025-01-12,1203.86,Completed
108707,538,2025-12-17,3687.17,Completed
108708,514,2025-07-12,4477.81,Completed
108709,260,2025-01-27,4603.35,Completed
108710,536,2024-07-29,4552.16,Completed
108711,53,2025-11-28,2037.76,Completed
108712,880,2025-06-21,2632.68,Completed
108713,540,2026-05-20,1370.34,Completed
108714,367,2025-02-13,424.38,Completed
108715,359,2024-09-15,2125.71,Completed
108716,361,2024-02-19,1621.16,Cancelled
108717,429,2024-09-20,3366.18,Completed
108718,190,2025-12-08,3152.11,Completed
108719,604,2024-10-06,902.47,Completed
108720,181,2025-06-21,8233.72,Completed
108721,305,2024-07-28,2316.54,Completed
108722,879,2026-06-21,781.2,Completed
108723,562,2026-05-27,855.65,Completed
108724,908,2026-02-25,437.03,Completed
108725,659,2025-12-14,2956.94,Pending
108726,788,2025-07-09,1278.03,Cancelled
108727,89,2024-01-09,1042.41,Cancelled
108728,500,2024-02-11,1184.37,Completed
108729,343,2025-03-07,1480.51,Completed
108730,20,2026-01-01,2616.83,Completed
108731,89,2024-05-06,618.09,Completed
108732,187,2025-06-18,898.0,Completed
108733,11,2026-07-17,2435.27,Completed
108734,431,2026-03-23,1223.4,Pending
108735,54,2025-06-20,2628.13,Pending
108736,832,2025-07-16,1302.7,Completed
108737,595,2024-03-01,5009.9,Cancelled
108738,964,2024-01-02,2061.48,Cancelled
108739,85,2024-11-03,3994.27,Completed
108740,81,2026-03-03,2520.18,Completed
108741,877,2024-01-06,2621.3,Completed
108742,387,2026-02-16,1103.75,Completed
108743,764,2024-09-07,3844.27,Completed
108744,187,2024-04-06,2071.0,Completed
108745,13,2024-04-03,968.33,Completed
108746,491,2025-10-27,456.71,Completed
108747,572,2024-02-13,1971.41,Completed
108748,110,2025-05-26,4796.58,Completed
108749,14,2026-06-28,998.14,Cancelled
108750,208,2025-07-27,976.54,Completed
108751,109,2024-11-21,1465.53,Completed
108752,997,2026-05-15,3682.5,Completed
108753,989,2024-03-11,545.46,Completed
108754,19,2024-08-30,1179.59,Completed
108755,451,2024-06-15,936.17,Completed
108756,380,2024-01-13,2593.87,Completed
108757,30,2026-07-17,1640.53,Completed
108758,667,2024-07-21,1436.93,Completed
108759,860,2024-03-12,1601.17,Completed
108760,614,2026-06-09,2997.93,Pending
108761,922,2026-07-25,3731.57,Completed
108762,639,2024-07-24,3503.62,Completed
108763,548,2025-01-25,2616.4,Cancelled
108764,951,2025-10-18,4425.24,Completed
108765,708,2025-02-19,982.39,Completed
108766,768,2026-02-07,2315.85,Pending
108767,784,2024-08-29,8284.36,Completed
108768,35,2026-03-02,545.48,Completed
108769,741,2025-06-27,1271.93,Cancelled
108770,754,2024-01-11,918.04,Pending
108771,486,2025-08-26,2171.58,Completed
108772,562,2024-01-10,4583.11,Completed
108773,840,2026-04-03,2552.74,Completed
108774,140,2026-08-20,1562.88,Completed
108775,526,2024-05-30,2566.33,Completed
108776,774,2025-05-28,1491.03,Pending
108777,257,2024-11-23,2042.37,Completed
108778,262,2024-03-02,2690.92,Cancelled
108779,7,2025-10-21,5624.44,Cancelled
108780,304,2024-01-27,2410.7,Completed
108781,351,2024-01-24,2073.61,Completed
108782,954,2026-02-27,6758.48,Completed
108783,83,2024-10-01,504.8,Completed
108784,648,2026-05-30,1695.5,Completed
108785,64,2025-08-01,1111.77,Completed
108786,805,2025-05-25,1541.6,Completed
108787,463,2025-02-02,2665.44,Completed
108788,421,2024-12-27,3404.91,Completed
108789,945,2024-08-06,1283.42,Completed
108790,754,2025-11-14,2780.75,Completed
108791,104,2025-08-12,1004.33,Cancelled
108792,264,2024-01-22,783.07,Completed
108793,271,2024-11-10,1884.84,Completed
108794,611,2026-05-24,1561.64,Pending
108795,837,2025-04-24,4742.83,Completed
108796,639,2024-09-06,7179.86,Pending
108797,398,2024-08-11,1211.95,Completed
108798,752,2024-07-04,554.49,Completed
108799,763,2026-04-17,740.17,Cancelled
108800,81,2024-10-29,1045.59,Completed
108801,540,2024-10-16,2059.65,Cancelled
108802,713,2024-03-03,1518.94,Completed
108803,606,2026-05-15,794.34,Completed
108804,243,2025-01-14,5747.57,Completed
108805,161,2025-11-16,2769.44,Completed
108806,286,2025-11-26,5647.14,Completed
108807,345,2024-12-06,558.26,Completed
108808,925,2025-04-29,4116.6,Completed
108809,623,2024-04-08,1633.82,Completed
108810,845,2025-10-11,1395.28,Completed
108811,30,2025-10-17,1828.69,Completed
108812,788,2024-07-27,1142.38,Completed
108813,185,2024-07-09,1640.24,Completed
108814,564,2025-01-22,3329.96,Cancelled
108815,381,2025-11-04,502.49,Completed
108816,872,2025-05-20,4763.77,Completed
108817,674,2024-03-01,2322.96,Completed
108818,454,2025-07-11,1675.56,Completed
108819,505,2025-11-18,3306.65,Completed
108820,708,2024-06-30,2280.21,Completed
108821,722,2025-03-08,1317.64,Completed
108822,572,2026-02-24,1089.19,Cancelled
108823,732,2024-11-11,4770.71,Completed
108824,793,2024-03-28,688.27,Completed
108825,35,2026-06-19,1583.75,Completed
108826,359,2024-04-05,719.65,Completed
108827,907,2024-02-29,2471.56,Completed
108828,312,2024-08-30,1689.96,Completed
108829,831,2026-01-01,798.99,Completed
108830,548,2025-09-28,1023.2,Completed
108831,269,2024-08-16,1852.71,Completed
108832,343,2024-03-16,2166.44,Pending
108833,477,2026-07-17,511.01,Completed
108834,124,2024-01-08,1137.99,Cancelled
108835,300,2026-06-18,1997.87,Pending
108836,681,2025-04-04,3951.8,Completed
108837,912,2024-07-08,3105.91,Cancelled
108838,953,2024-12-03,1339.19,Pending
108839,376,2024-10-29,3445.94,Completed
108840,798,2024-06-01,1466.67,Completed
108841,392,2025-02-24,236.51,Completed
108842,815,2025-09-30,4592.19,Completed
108843,917,2025-04-04,2423.62,Completed
108844,439,2025-09-16,2034.04,Completed
108845,603,2026-08-02,1809.65,Completed
108846,874,2024-04-28,2191.43,Completed
108847,137,2025-12-19,1808.57,Completed
108848,245,2024-08-11,1491.62,Completed
108849,627,2024-01-19,1177.35,Completed
108850,177,2024-12-21,1892.32,Pending
108851,798,2025-01-17,1015.07,Cancelled
108852,264,2026-08-21,856.57,Completed
108853,330,2024-12-01,2145.04,Cancelled
108854,819,2026-01-17,3403.43,Cancelled
108855,526,2026-06-28,1072.79,Cancelled
108856,794,2024-11-24,1201.21,Cancelled
108857,628,2024-06-23,597.79,Completed
108858,512,2026-07-28,765.12,Completed
108859,506,2025-03-21,784.15,Cancelled
108860,809,2025-03-18,3390.78,Cancelled
108861,1000,2025-12-09,582.25,Completed
108862,28,2025-01-05,2426.02,Completed
108863,503,2025-06-10,1514.98,Completed
108864,788,2026-07-07,2667.74,Completed
108865,645,2024-02-17,3841.28,Completed
108866,476,2025-12-17,1765.31,Completed
108867,797,2025-01-21,3761.11,Completed
108868,462,2025-06-17,4929.28,Completed
108869,136,2026-06-04,4318.51,Completed
108870,270,2025-08-07,1162.84,Completed
108871,47,2025-02-11,500.4,Completed
108872,703,2026-08-04,1659.7,Completed
108873,974,2025-08-11,2021.3,Completed
108874,373,2024-05-28,505.64,Completed
108875,737,2024-03-27,1872.91,Completed
108876,982,2024-12-03,338.07,Completed
108877,389,2025-11-29,4916.31,Cancelled
108878,889,2025-02-13,2454.96,Completed
108879,20,2024-06-13,1057.71,Completed
108880,678,2026-08-16,1954.51,Completed
108881,166,2024-07-11,2117.86,Completed
108882,786,2024-03-22,2463.74,Completed
108883,14,2025-01-05,1883.05,Completed
108884,841,2024-04-18,3326.85,Cancelled
108885,394,2025-07-30,789.53,Completed
108886,234,2025-02-27,1655.04,Cancelled
108887,553,2026-06-20,5749.51,Cancelled
108888,991,2024-06-13,1432.12,Completed
108889,161,2024-09-18,2105.78,Cancelled
108890,302,2025-10-28,942.59,Completed
108891,641,2025-11-10,7313.69,Completed
108892,94,2024-12-16,2166.73,Completed
108893,956,2026-06-15,794.23,Completed
108894,521,2026-04-03,3656.57,Completed
108895,991,2025-08-18,896.01,Completed
108896,411,2025-12-29,2807.39,Completed
108897,841,2025-06-05,3515.81,Completed
108898,321,2025-04-03,6720.27,Completed
108899,438,2025-06-14,2081.91,Completed
108900,340,2026-04-02,1858.07,Pending
108901,547,2024-01-16,482.05,Completed
108902,221,2024-04-08,1337.7,Pending
108903,498,2025-04-06,1131.47,Completed
108904,850,2025-07-19,1600.47,Completed
108905,155,2024-06-23,1283.68,Completed
108906,797,2025-08-11,3000.63,Completed
108907,864,2024-01-24,1251.16,Completed
108908,39,2024-08-27,2451.95,Completed
108909,675,2025-03-23,1669.78,Cancelled
108910,477,2024-02-18,1200.82,Completed
108911,639,2025-09-08,1131.96,Completed
108912,289,2025-06-04,2094.32,Completed
108913,216,2025-07-04,4387.51,Completed
108914,282,2025-05-14,1119.34,Pending
108915,153,2025-11-03,1856.49,Completed
108916,401,2025-09-27,2465.22,Completed
108917,880,2025-10-04,1776.97,Pending
108918,783,2024-07-26,573.3,Pending
108919,178,2025-10-30,2457.52,Cancelled
108920,557,2024-06-23,676.13,Cancelled
108921,76,2024-01-21,682.23,Completed
108922,61,2026-08-09,770.84,Completed
108923,627,2024-06-22,1620.31,Completed
108924,296,2024-04-20,962.17,Completed
108925,705,2024-10-21,708.04,Cancelled
108926,155,2026-08-30,2304.3,Completed
108927,119,2026-04-20,1768.74,Completed
108928,717,2025-12-01,2945.46,Completed
108929,204,2024-07-02,1120.31,Completed
108930,60,2025-09-04,1727.13,Completed
108931,792,2026-03-21,3028.29,Completed
108932,706,2024-11-26,766.52,Completed
108933,933,2024-09-09,1170.88,Completed
108934,600,2026-04-24,3431.85,Completed
108935,470,2024-05-07,1823.03,Completed
108936,671,2026-06-04,1632.19,Completed
108937,796,2025-04-11,1755.41,Completed
108938,631,2025-12-03,3985.86,Completed
108939,311,2024-12-27,1772.06,Completed
108940,896,2025-11-21,1854.11,Completed
108941,704,2026-06-18,1780.52,Cancelled
108942,884,2025-04-24,629.66,Completed
108943,556,2024-07-25,2495.49,Completed
108944,443,2024-03-16,1055.53,Completed
108945,852,2026-06-19,792.43,Cancelled
108946,614,2026-08-30,578.45,Completed
108947,781,2025-09-25,662.05,Pending
108948,896,2024-01-16,411.77,Completed
108949,280,2026-05-11,924.49,Cancelled
108950,190,2025-04-27,1356.99,Completed
108951,148,2024-08-15,3588.03,Completed
108952,601,2024-12-23,1872.46,Completed
108953,815,2026-07-05,2122.43,Completed
108954,976,2026-01-25,4134.59,Cancelled
108955,37,2025-08-03,282.1,Completed
108956,3,2025-12-16,2321.86,Completed
108957,679,2026-04-04,2208.85,Completed
108958,267,2025-09-03,3074.55,Completed
108959,470,2024-11-01,560.01,Completed
108960,80,2024-03-13,1239.46,Completed
108961,77,2024-04-29,982.8,Completed
108962,527,2024-08-18,779.31,Completed
108963,687,2026-01-17,8093.07,Completed
108964,893,2024-04-01,1245.89,Cancelled
108965,476,2024-05-03,3288.68,Completed
108966,648,2026-08-10,2847.64,Completed
108967,869,2025-01-24,705.86,Completed
108968,427,2024-05-04,1279.47,Completed
108969,205,2026-04-28,1871.92,Cancelled
108970,832,2026-07-30,2327.61,Pending
108971,3,2025-05-05,2231.65,Cancelled
108972,273,2024-04-19,5625.6,Completed
108973,129,2025-09-02,3252.91,Completed
108974,645,2026-04-18,2758.79,Completed
108975,267,2026-07-28,3377.63,Completed
108976,338,2025-07-13,4336.63,Cancelled
108977,653,2026-07-07,1200.6,Cancelled
108978,290,2026-03-20,644.74,Completed
108979,354,2024-06-06,1213.45,Cancelled
108980,492,2025-09-08,737.07,Cancelled
108981,118,2025-10-09,950.14,Completed
108982,938,2026-01-18,1920.65,Completed
108983,981,2025-05-31,1256.14,Cancelled
108984,716,2025-12-12,2742.95,Completed
108985,108,2025-07-22,2192.69,Completed
108986,466,2024-09-10,2281.59,Completed
108987,348,2025-04-16,791.02,Cancelled
108988,166,2026-06-28,1017.5,Cancelled
108989,883,2026-03-30,520.12,Completed
108990,411,2025-09-18,2603.9,Cancelled
108991,654,2024-11-09,6278.85,Completed
108992,690,2024-07-15,2021.84,Completed
108993,311,2024-10-04,2142.1,Completed
108994,341,2024-10-24,1274.11,Completed
108995,971,2026-07-24,1563.64,Completed
108996,832,2025-06-02,4121.9,Completed
108997,496,2025-01-15,1909.37,Completed
108998,531,2026-05-08,2727.36,Completed
108999,12,2024-12-25,4192.58,Completed
109000,201,2026-02-14,3680.61,Completed
109001,11,2025-09-16,1838.23,Completed
109002,814,2024-10-20,1928.18,Completed
109003,943,2026-07-23,1400.29,Cancelled
109004,162,2025-10-31,2489.52,Cancelled
109005,278,2026-08-20,1375.93,Completed
109006,345,2024-01-02,2259.99,Completed
109007,820,2024-09-30,3534.87,Completed
109008,405,2024-11-19,601.58,Completed
109009,46,2025-10-18,538.17,Completed
109010,586,2026-03-27,1748.5,Completed
109011,146,2024-04-28,2780.24,Completed
109012,646,2024-05-27,2168.99,Completed
109013,866,2025-10-18,819.3,Completed
109014,68,2024-12-09,3230.37,Completed
109015,995,2025-11-10,6222.52,Completed
109016,664,2024-01-02,1023.41,Completed
109017,54,2025-05-24,1123.58,Completed
109018,216,2024-01-23,1830.23,Pending
109019,167,2026-07-14,1658.72,Completed
109020,890,2024-05-22,3934.51,Cancelled
109021,728,2024-06-22,2164.35,Completed
109022,367,2024-04-09,1489.21,Completed
109023,528,2024-08-02,1226.89,Completed
109024,341,2025-04-21,666.89,Completed
109025,403,2025-08-23,4384.02,Completed
109026,639,2026-05-25,2706.77,Completed
109027,191,2026-05-04,1697.19,Completed
109028,764,2024-03-23,1931.83,Completed
109029,949,2025-02-20,1678.34,Completed
109030,975,2026-04-26,571.31,Cancelled
109031,171,2024-06-10,714.62,Completed
109032,409,2025-10-12,1576.21,Completed
109033,263,2025-02-19,1558.95,Pending
109034,637,2024-06-13,1785.87,Pending
109035,315,2024-03-01,5425.94,Completed
109036,391,2024-10-08,1494.31,Completed
109037,137,2024-01-01,1096.36,Completed
109038,559,2024-07-07,1863.1,Completed
109039,534,2025-06-17,726.03,Pending
109040,550,2026-02-06,1991.53,Completed
109041,334,2025-05-06,1123.73,Completed
109042,761,2025-12-06,2083.55,Cancelled
109043,610,2024-03-13,1600.99,Completed
109044,175,2024-10-23,1641.84,Pending
109045,360,2025-10-02,2704.77,Completed
109046,661,2024-02-22,2901.24,Completed
109047,117,2025-07-22,6748.53,Pending
109048,345,2024-06-13,2826.63,Completed
109049,880,2025-02-12,1535.04,Completed
109050,435,2025-09-04,1193.13,Completed
109051,505,2026-08-17,2255.21,Completed
109052,681,2024-03-28,4653.97,Completed
109053,313,2025-06-19,3140.48,Cancelled
109054,834,2025-06-05,1132.92,Pending
109055,19,2024-03-02,2415.65,Completed
109056,466,2025-08-19,2079.43,Completed
109057,599,2024-03-14,3559.82,Completed
109058,237,2025-10-31,2189.56,Pending
109059,787,2024-07-21,2136.99,Completed
109060,80,2024-05-01,835.24,Pending
109061,652,2024-03-10,3012.06,Cancelled
109062,635,2025-03-23,728.99,Completed
109063,792,2024-08-17,1907.94,Completed
109064,204,2025-03-26,1258.33,Completed
109065,154,2026-05-21,1210.99,Completed
109066,580,2026-03-23,2628.66,Completed
109067,972,2025-12-31,1796.23,Completed
109068,789,2025-04-01,379.87,Completed
109069,208,2024-04-19,1582.79,Cancelled
109070,405,2025-01-30,1398.47,Completed
109071,264,2024-01-22,4076.0,Completed
109072,784,2024-04-30,802.7,Completed
109073,510,2024-10-20,6257.56,Completed
109074,431,2025-11-06,3141.36,Completed
109075,9,2026-02-06,1502.41,Completed
109076,636,2025-08-26,1370.97,Completed
109077,435,2024-09-07,1188.76,Completed
109078,43,2025-11-28,2215.27,Completed
109079,192,2026-08-27,1078.62,Completed
109080,732,2025-09-30,1667.82,Cancelled
109081,754,2026-01-11,888.25,Completed
109082,486,2026-05-01,2860.76,Pending
109083,762,2025-11-27,2009.62,Completed
109084,744,2026-05-03,1327.91,Pending
109085,618,2024-10-15,1538.25,Completed
109086,205,2024-10-26,1147.3,Pending
109087,418,2024-06-18,2206.54,Completed
109088,824,2024-06-26,796.12,Completed
109089,302,2025-06-21,3235.09,Cancelled
109090,661,2026-06-20,2014.62,Completed
109091,835,2024-08-03,1344.69,Completed
109092,531,2025-11-24,2637.38,Completed
109093,503,2024-03-16,2317.26,Cancelled
109094,185,2026-08-02,912.22,Completed
109095,490,2025-05-26,4210.49,Cancelled
109096,45,2025-04-28,355.24,Completed
109097,112,2024-12-16,3654.61,Pending
109098,538,2026-07-25,1618.89,Cancelled
109099,214,2025-02-12,3426.86,Completed
109100,340,2024-04-29,4590.82,Completed
109101,352,2025-07-02,1363.34,Completed
109102,466,2025-07-28,1405.63,Completed
109103,699,2025-12-26,2208.46,Completed
109104,440,2025-04-28,861.5,Completed
109105,854,2024-09-29,1450.92,Completed
109106,475,2024-01-03,1373.01,Completed
109107,993,2026-08-17,832.59,Completed
109108,1000,2024-07-06,1326.9,Cancelled
109109,423,2024-12-07,2936.64,Completed
109110,769,2024-05-29,2802.06,Completed
109111,447,2024-08-17,1604.16,Cancelled
109112,882,2024-02-29,1874.48,Completed
109113,769,2024-11-27,1477.07,Completed
109114,332,2026-07-11,572.87,Pending
109115,312,2024-08-05,929.54,Completed
109116,888,2026-07-28,3357.28,Cancelled
109117,537,2025-09-08,3919.59,Pending
109118,695,2026-05-17,1030.32,Completed
109119,677,2025-08-26,3725.47,Cancelled
109120,165,2026-08-20,824.76,Completed
109121,234,2025-06-20,1286.14,Pending
109122,906,2026-03-19,1666.23,Completed
109123,276,2024-02-06,1507.15,Cancelled
109124,877,2026-06-26,1147.83,Completed
109125,349,2024-01-18,1954.56,Completed
109126,855,2024-07-11,2981.67,Completed
109127,577,2025-12-19,699.66,Pending
109128,99,2024-09-06,1953.9,Completed
109129,267,2024-02-10,3370.23,Completed
109130,955,2026-04-18,1376.45,Pending
109131,205,2025-05-13,1261.52,Completed
109132,225,2025-04-11,1035.36,Completed
109133,150,2024-11-03,6606.25,Completed
109134,611,2025-11-28,4751.04,Pending
109135,818,2024-11-01,1486.04,Pending
109136,939,2025-06-30,3876.64,Completed
109137,892,2024-05-06,1278.67,Cancelled
109138,891,2024-10-24,1626.84,Completed
109139,909,2024-01-28,903.77,Completed
109140,567,2024-10-04,543.22,Completed
109141,829,2025-01-05,1234.51,Completed
109142,637,2025-12-28,1365.51,Completed
109143,136,2026-03-11,2375.16,Completed
109144,28,2025-06-01,2755.22,Completed
109145,98,2026-06-19,1662.02,Completed
109146,339,2024-12-15,945.11,Pending
109147,492,2025-04-25,1173.66,Completed
109148,640,2025-08-23,5063.22,Completed
109149,519,2024-06-21,2709.41,Completed
109150,358,2025-02-12,4538.67,Cancelled
109151,737,2026-05-25,5713.4,Completed
109152,870,2025-04-07,1174.02,Pending
109153,219,2026-06-24,3067.62,Completed
109154,260,2025-10-21,1001.36,Completed
109155,934,2024-06-14,3523.43,Completed
109156,971,2025-03-21,3082.92,Completed
109157,302,2024-12-22,455.5,Completed
109158,505,2026-07-13,2338.69,Cancelled
109159,578,2024-11-22,1031.5,Completed
109160,637,2025-04-17,1442.71,Completed
109161,872,2025-11-02,1172.32,Completed
109162,106,2026-07-24,3247.71,Completed
109163,521,2025-06-15,1154.32,Completed
109164,212,2026-04-04,783.81,Completed
109165,759,2024-04-23,1064.89,Pending
109166,598,2026-05-16,1565.72,Completed
109167,754,2024-07-20,2350.06,Cancelled
109168,911,2026-01-12,3916.12,Completed
109169,793,2025-06-03,2513.38,Cancelled
109170,864,2025-08-11,2630.71,Pending
109171,819,2024-03-31,2908.99,Completed
109172,627,2025-06-02,3061.98,Completed
109173,387,2024-03-25,3523.62,Cancelled
109174,329,2025-06-20,9171.41,Completed
109175,355,2025-01-30,3029.36,Completed
109176,610,2024-07-15,2168.46,Completed
109177,810,2025-04-22,1330.29,Cancelled
109178,359,2024-07-27,2201.74,Completed
109179,579,2024-03-21,3810.68,Completed
109180,410,2024-02-03,815.39,Completed
109181,610,2024-11-28,4079.06,Completed
109182,826,2025-12-26,1363.98,Completed
109183,409,2025-07-14,1548.11,Completed
109184,394,2024-05-01,2526.79,Cancelled
109185,198,2025-03-07,1278.17,Pending
109186,492,2025-07-20,2425.45,Pending
109187,451,2024-08-15,851.19,Pending
109188,159,2024-05-14,3180.89,Completed
109189,970,2024-08-30,2044.53,Completed
109190,868,2024-03-05,1795.71,Completed
109191,286,2024-08-23,2151.88,Completed
109192,946,2025-06-03,1776.58,Pending
109193,270,2026-02-18,2398.39,Completed
109194,416,2026-04-29,1573.12,Completed
109195,129,2025-10-16,1489.93,Completed
109196,614,2024-12-12,570.42,Completed
109197,474,2026-06-27,4370.83,Cancelled
109198,265,2026-06-13,845.2,Completed
109199,284,2024-12-14,5144.01,Completed
109200,938,2024-01-11,1537.67,Pending
109201,686,2025-02-26,3971.63,Completed
109202,152,2025-03-29,3543.92,Completed
109203,133,2025-10-20,3364.35,Completed
109204,73,2024-05-22,1855.16,Completed
109205,245,2025-06-13,828.0,Completed
109206,744,2024-11-03,1599.15,Completed
109207,63,2025-04-27,1467.23,Completed
109208,247,2024-01-24,1684.35,Completed
109209,44,2025-05-29,810.41,Cancelled
109210,651,2024-02-04,1494.36,Completed
109211,822,2026-04-10,269.3,Pending
109212,528,2025-11-24,1480.81,Completed
109213,911,2026-06-14,1953.37,Cancelled
109214,687,2025-09-28,1082.79,Pending
109215,767,2026-08-10,1510.12,Completed
109216,305,2024-07-21,2000.63,Completed
109217,873,2024-01-06,3476.8,Cancelled
109218,634,2026-05-26,3572.61,Completed
109219,87,2025-10-03,2195.23,Cancelled
109220,83,2025-10-31,1765.94,Completed
109221,904,2024-10-09,2267.44,Pending
109222,272,2024-11-23,5799.41,Completed
109223,459,2025-10-22,2493.66,Completed
109224,765,2025-01-31,2132.29,Completed
109225,771,2024-03-15,3615.26,Completed
109226,30,2024-10-11,1857.1,Completed
109227,618,2025-01-08,1033.65,Completed
109228,918,2026-03-19,2425.99,Cancelled
109229,342,2024-11-30,2010.75,Completed
109230,540,2025-04-25,1561.58,Completed
109231,263,2025-08-04,2563.09,Cancelled
109232,725,2024-05-11,554.12,Cancelled
109233,118,2025-07-20,1266.63,Cancelled
109234,517,2024-07-15,1016.78,Completed
109235,409,2026-05-04,1087.77,Cancelled
109236,642,2024-10-15,1628.57,Completed
109237,486,2024-10-23,996.28,Completed
109238,981,2025-01-27,5353.84,Cancelled
109239,982,2024-12-16,2414.2,Completed
109240,280,2025-07-30,1074.06,Completed
109241,41,2025-12-04,580.71,Completed
109242,485,2026-07-27,1231.89,Completed
109243,592,2026-05-14,1452.77,Completed
109244,757,2024-09-11,1191.33,Cancelled
109245,522,2025-08-10,9397.11,Cancelled
109246,588,2024-11-15,614.2,Pending
109247,27,2026-02-22,1860.71,Completed
109248,766,2024-01-24,1654.22,Completed
109249,319,2026-08-26,1530.89,Cancelled
109250,380,2024-12-28,510.27,Completed
109251,419,2025-12-25,1750.64,Completed
109252,74,2025-10-18,2023.95,Completed
109253,486,2024-12-23,2855.04,Completed
109254,375,2026-07-26,2464.21,Completed
109255,231,2024-09-16,3973.51,Completed
109256,244,2025-12-21,476.04,Completed
109257,38,2026-06-22,1545.05,Completed
109258,894,2024-04-24,9167.97,Completed
109259,288,2026-06-11,3585.32,Completed
109260,882,2026-05-16,699.81,Completed
109261,846,2025-01-04,1906.13,Cancelled
109262,451,2026-03-27,911.17,Completed
109263,816,2024-01-07,1359.73,Cancelled
109264,208,2024-07-02,6603.27,Completed
109265,179,2026-01-02,3356.2,Completed
109266,904,2026-06-28,670.2,Cancelled
109267,648,2024-05-02,1094.6,Completed
109268,687,2025-11-25,1800.95,Completed
109269,927,2024-04-10,1515.84,Completed
109270,17,2026-01-31,2206.45,Completed
109271,171,2026-05-22,1088.12,Pending
109272,963,2025-03-22,1418.7,Pending
109273,127,2024-04-08,1079.92,Completed
109274,442,2024-07-14,1417.41,Completed
109275,26,2025-05-08,2844.32,Completed
109276,316,2026-02-16,2182.93,Completed
109277,171,2025-05-20,1141.04,Completed
109278,253,2025-04-09,3757.61,Completed
109279,822,2025-08-07,3593.82,Cancelled
109280,273,2026-07-30,1798.69,Cancelled
109281,822,2026-02-07,1522.03,Completed
109282,901,2024-05-29,5660.08,Completed
109283,537,2024-07-10,5115.55,Pending
109284,536,2024-12-11,672.38,Completed
109285,325,2024-09-20,3912.11,Completed
109286,668,2025-12-16,5519.29,Completed
109287,815,2026-08-23,2758.27,Completed
109288,871,2025-07-10,1328.82,Completed
109289,192,2026-05-16,1437.77,Completed
109290,685,2025-02-25,5472.24,Completed
109291,138,2025-10-31,3098.18,Cancelled
109292,482,2025-11-13,2568.96,Completed
109293,89,2024-10-12,8199.68,Cancelled
109294,549,2025-12-14,934.99,Completed
109295,861,2025-06-04,1696.89,Completed
109296,824,2025-07-15,2036.61,Pending
109297,717,2024-09-02,1568.71,Completed
109298,577,2024-11-06,544.19,Completed
109299,625,2026-04-14,3456.66,Completed
109300,100,2025-08-25,1104.62,Completed
109301,733,2024-05-06,1091.83,Completed
109302,681,2025-06-14,1425.33,Cancelled
109303,141,2025-08-24,1549.82,Cancelled
109304,635,2026-02-15,1663.31,Completed
109305,380,2026-04-09,3367.6,Completed
109306,505,2025-09-27,3847.94,Completed
109307,822,2024-01-13,1520.77,Completed
109308,313,2025-04-28,1220.17,Completed
109309,921,2024-07-20,1655.86,Completed
109310,414,2024-01-19,1006.93,Completed
109311,511,2026-06-17,1767.12,Completed
109312,33,2024-06-11,973.17,Completed
109313,121,2024-08-27,7174.12,Completed
109314,278,2024-11-23,1956.06,Completed
109315,978,2025-03-28,1268.96,Pending
109316,258,2025-08-08,2847.94,Completed
109317,392,2024-10-28,808.12,Completed
109318,863,2026-02-09,1133.46,Completed
109319,310,2024-06-02,2370.86,Completed
109320,821,2026-07-23,1965.57,Completed
109321,120,2026-04-12,3559.0,Completed
109322,132,2025-08-06,305.3,Completed
109323,16,2024-02-17,3063.53,Completed
109324,124,2025-12-10,1264.4,Completed
109325,605,2025-11-16,841.24,Cancelled
109326,91,2025-08-27,587.28,Completed
109327,615,2024-09-29,1254.33,Completed
109328,601,2025-02-22,5059.53,Cancelled
109329,232,2025-02-07,3379.43,Completed
109330,41,2025-08-16,5207.63,Pending
109331,162,2024-11-18,1671.63,Cancelled
109332,141,2025-01-24,1929.38,Completed
109333,527,2026-06-02,644.85,Completed
109334,934,2025-03-17,644.77,Cancelled
109335,430,2025-08-01,1636.45,Completed
109336,636,2026-06-05,735.85,Completed
109337,296,2026-07-08,1031.07,Completed
109338,92,2025-07-02,1851.34,Cancelled
109339,213,2024-09-15,4115.7,Completed
109340,472,2024-04-07,1811.55,Completed
109341,868,2026-04-16,743.48,Completed
109342,246,2025-05-24,550.8,Completed
109343,983,2025-07-05,1945.91,Cancelled
109344,640,2026-07-16,1195.88,Completed
109345,348,2024-12-27,1941.16,Completed
109346,623,2024-04-07,1576.29,Completed
109347,698,2025-10-17,1719.44,Completed
109348,685,2026-08-02,3930.68,Completed
109349,873,2024-06-14,3570.29,Completed
109350,663,2026-08-18,2287.68,Cancelled
109351,30,2025-06-10,1005.93,Completed
109352,372,2025-06-29,1257.94,Completed
109353,913,2026-07-22,2956.18,Pending
109354,204,2024-11-19,4194.17,Cancelled
109355,492,2025-12-26,786.52,Completed
109356,495,2024-01-09,4858.26,Completed
109357,556,2025-10-15,1084.32,Cancelled
109358,877,2024-01-16,2780.13,Pending
109359,537,2024-01-05,11116.99,Pending
109360,1,2025-01-12,640.49,Completed
109361,241,2024-12-28,2499.7,Completed
109362,633,2026-01-31,1467.73,Completed
109363,787,2026-05-17,2407.27,Cancelled
109364,649,2026-07-05,1203.76,Completed
109365,737,2025-08-29,359.2,Completed
109366,238,2024-05-30,1102.75,Completed
109367,96,2025-10-14,2255.43,Completed
109368,951,2025-04-19,4326.58,Completed
109369,561,2025-05-29,2342.89,Completed
109370,744,2025-05-03,4688.34,Completed
109371,959,2026-05-09,1306.11,Completed
109372,180,2025-01-05,1238.84,Completed
109373,879,2026-07-27,2249.68,Completed
109374,358,2025-06-09,1410.62,Pending
109375,627,2025-10-31,3733.76,Completed
109376,381,2026-06-19,721.92,Completed
109377,195,2026-03-03,3153.59,Completed
109378,887,2025-03-02,3947.19,Cancelled
109379,340,2024-07-17,2282.1,Completed
109380,28,2024-05-14,3257.82,Completed
109381,150,2024-12-19,1180.35,Completed
109382,963,2025-10-09,1048.51,Completed
109383,829,2026-02-15,2263.06,Completed
109384,665,2024-01-31,1125.63,Completed
109385,783,2025-03-25,2188.29,Completed
109386,650,2026-07-03,2189.83,Completed
109387,916,2026-03-10,1722.84,Completed
109388,100,2026-07-03,2162.53,Pending
109389,64,2026-07-20,2719.2,Completed
109390,695,2024-03-30,1686.69,Cancelled
109391,966,2025-10-24,1320.25,Pending
109392,581,2025-06-20,3072.57,Completed
109393,967,2025-04-09,2149.89,Completed
109394,397,2026-02-14,2413.28,Completed
109395,674,2026-06-28,2628.63,Completed
109396,505,2025-03-28,1982.47,Completed
109397,889,2025-09-23,1439.16,Completed
109398,649,2025-04-10,1205.44,Completed
109399,432,2025-09-10,1699.43,Completed
109400,243,2026-08-02,2461.88,Completed
109401,305,2026-02-28,2537.69,Completed
109402,77,2024-08-12,1976.49,Completed
109403,154,2026-04-23,2263.04,Completed
109404,504,2025-05-27,877.89,Completed
109405,35,2025-07-22,1330.98,Pending
109406,465,2024-04-21,2783.96,Completed
109407,45,2025-03-08,1047.12,Cancelled
109408,162,2024-10-21,1973.12,Pending
109409,690,2024-03-26,1861.35,Completed
109410,33,2026-04-07,1671.59,Completed
109411,329,2024-05-05,2798.27,Cancelled
109412,187,2025-11-28,2086.44,Completed
109413,56,2025-12-25,826.49,Completed
109414,205,2025-08-18,2517.56,Completed
109415,111,2026-03-28,1294.55,Completed
109416,81,2024-04-20,741.76,Cancelled
109417,665,2024-01-16,2916.12,Completed
109418,124,2026-04-07,832.76,Completed
109419,941,2024-06-27,1429.39,Completed
109420,479,2024-10-17,2178.34,Completed
109421,405,2025-11-02,1716.25,Completed
109422,883,2025-06-04,1199.62,Pending
109423,782,2024-07-14,943.52,Completed
109424,417,2024-08-15,1098.27,Completed
109425,974,2026-03-24,893.55,Completed
109426,529,2025-05-21,1657.93,Completed
109427,710,2026-06-16,1262.76,Cancelled
109428,970,2025-06-30,734.62,Completed
109429,728,2025-10-07,1491.52,Completed
109430,593,2024-11-27,1184.94,Pending
109431,618,2024-01-30,2142.68,Completed
109432,655,2025-05-07,2277.69,Cancelled
109433,978,2025-12-11,4306.24,Pending
109434,703,2025-01-30,2742.43,Cancelled
109435,293,2026-04-16,887.3,Completed
109436,26,2025-11-09,438.36,Completed
109437,788,2025-05-07,670.72,Completed
109438,480,2025-06-13,1298.41,Completed
109439,411,2024-08-09,632.93,Completed
109440,938,2026-05-04,1206.0,Completed
109441,155,2024-02-27,1838.14,Pending
109442,41,2024-02-18,1248.22,Completed
109443,746,2026-02-01,2157.55,Completed
109444,929,2024-01-26,1211.99,Completed
109445,837,2025-05-10,1096.93,Completed
109446,879,2024-07-02,5462.96,Completed
109447,872,2025-10-24,1761.76,Completed
109448,684,2024-04-25,1935.95,Completed
109449,926,2024-09-14,3115.98,Cancelled
109450,334,2025-05-26,3183.14,Completed
109451,750,2025-01-02,1418.84,Cancelled
109452,92,2024-07-13,3552.53,Completed
109453,526,2024-03-01,1344.5,Completed
109454,286,2024-01-16,3484.57,Completed
109455,941,2024-07-05,807.19,Completed
109456,430,2024-10-01,1474.63,Completed
109457,206,2024-04-26,2080.23,Completed
109458,568,2025-05-10,2275.73,Cancelled
109459,79,2026-05-11,1040.23,Completed
109460,125,2025-11-25,616.37,Completed
109461,426,2024-10-25,2427.8,Completed
109462,633,2025-03-02,1573.7,Completed
109463,581,2026-01-18,1396.26,Pending
109464,57,2026-07-25,5275.89,Completed
109465,680,2025-06-20,1487.85,Completed
109466,59,2024-07-13,1286.32,Completed
109467,823,2026-04-24,558.61,Completed
109468,42,2025-05-15,890.44,Completed
109469,30,2024-01-29,3180.6,Completed
109470,516,2024-09-03,1123.29,Cancelled
109471,809,2025-06-02,2708.29,Completed
109472,768,2026-02-23,776.98,Completed
109473,601,2026-04-09,1023.07,Completed
109474,177,2024-07-01,1006.24,Completed
109475,955,2025-12-04,2453.91,Completed
109476,25,2026-07-24,1568.38,Pending
109477,341,2026-02-16,874.48,Completed
109478,759,2025-11-28,2863.95,Completed
109479,619,2026-02-13,2482.04,Completed
109480,794,2025-06-25,2245.81,Completed
109481,770,2025-08-13,2180.81,Completed
109482,942,2025-06-01,1033.25,Completed
109483,514,2026-07-18,4079.05,Cancelled
109484,829,2024-12-18,1685.58,Completed
109485,155,2026-01-25,2142.54,Completed
109486,172,2024-01-21,2308.7,Completed
109487,52,2025-02-11,973.95,Completed
109488,201,2026-06-09,6174.58,Completed
109489,110,2024-08-24,1768.61,Completed
109490,831,2026-02-12,1839.5,Cancelled
109491,488,2025-05-03,1376.65,Completed
109492,438,2024-05-11,3801.02,Completed
109493,641,2024-04-13,3906.72,Completed
109494,352,2024-04-28,1995.07,Completed
109495,569,2025-03-28,694.2,Completed
109496,4,2024-10-26,1617.51,Completed
109497,715,2026-05-20,1725.54,Completed
109498,879,2026-01-12,1342.08,Pending
109499,42,2024-05-19,949.92,Completed
109500,81,2025-05-04,655.43,Completed
109501,135,2026-01-15,4683.42,Completed
109502,610,2025-09-28,2914.87,Completed
109503,765,2024-01-10,1840.76,Completed
109504,830,2024-01-07,1179.91,Completed
109505,786,2025-07-22,2274.72,Completed
109506,577,2026-06-17,2055.4,Completed
109507,704,2024-02-19,1386.86,Completed
109508,276,2024-06-10,2318.88,Completed
109509,751,2024-07-02,2511.39,Pending
109510,181,2024-11-06,2813.89,Completed
109511,965,2026-05-16,1010.55,Completed
109512,45,2026-07-10,2382.39,Completed
109513,945,2024-10-25,3869.82,Completed
109514,454,2025-12-14,2182.4,Completed
109515,646,2024-01-10,7561.9,Completed
109516,159,2025-05-12,1600.84,Completed
109517,311,2025-09-02,589.35,Completed
109518,870,2026-04-19,1036.66,Completed
109519,17,2026-03-10,1165.02,Completed
109520,189,2024-02-29,2587.94,Completed
109521,634,2025-02-05,3090.95,Completed
109522,810,2024-03-15,1966.5,Completed
109523,426,2024-01-10,2177.06,Pending
109524,87,2024-05-30,6250.03,Completed
109525,146,2026-06-26,1048.73,Completed
109526,896,2024-09-14,1716.73,Completed
109527,211,2025-12-20,1341.4,Completed
109528,578,2025-11-20,839.27,Completed
109529,939,2026-04-24,482.67,Pending
109530,369,2025-06-02,4180.87,Completed
109531,66,2026-08-06,1095.33,Cancelled
109532,821,2025-02-18,1529.64,Cancelled
109533,791,2026-02-05,2381.36,Completed
109534,652,2026-01-31,830.52,Completed
109535,907,2025-06-12,1046.46,Completed
109536,779,2024-11-04,1774.74,Cancelled
109537,687,2024-06-03,1353.78,Cancelled
109538,325,2024-03-24,785.41,Completed
109539,62,2025-04-30,2671.01,Completed
109540,731,2025-01-21,1331.14,Completed
109541,855,2024-07-22,1967.32,Completed
109542,695,2026-01-15,1867.86,Completed
109543,654,2024-06-07,3380.54,Completed
109544,722,2025-04-06,2264.34,Cancelled
109545,274,2025-02-21,1027.47,Completed
109546,117,2026-08-08,3831.36,Completed
109547,631,2024-04-11,1323.33,Completed
109548,945,2026-04-13,1060.54,Completed
109549,136,2025-10-28,963.17,Completed
109550,74,2026-02-08,392.39,Cancelled
109551,709,2026-01-26,1212.01,Completed
109552,419,2026-01-22,2329.41,Pending
109553,908,2025-02-27,742.73,Completed
109554,465,2025-07-19,5465.07,Completed
109555,519,2024-12-21,419.52,Completed
109556,63,2026-05-26,1081.89,Completed
109557,954,2024-08-07,684.47,Completed
109558,321,2025-07-27,3269.16,Completed
109559,432,2024-07-24,2750.85,Completed
109560,631,2024-12-28,1514.16,Completed
109561,866,2026-07-26,714.36,Completed
109562,802,2024-07-09,825.96,Cancelled
109563,778,2026-05-12,2117.59,Completed
109564,104,2026-03-02,1159.86,Cancelled
109565,88,2024-12-22,1249.15,Completed
109566,839,2024-12-27,1715.74,Completed
109567,918,2024-01-06,1376.59,Completed
109568,624,2026-02-08,577.24,Cancelled
109569,916,2025-10-10,757.83,Cancelled
109570,309,2026-08-14,769.86,Cancelled
109571,345,2024-10-10,1121.74,Completed
109572,169,2025-01-22,1908.56,Completed
109573,797,2025-10-30,1858.14,Completed
109574,670,2024-11-27,3892.59,Completed
109575,222,2024-11-06,721.24,Completed
109576,1000,2024-06-14,2196.7,Completed
109577,34,2026-08-19,1079.49,Cancelled
109578,774,2025-04-07,6500.47,Completed
109579,205,2026-01-18,1680.26,Completed
109580,788,2025-09-28,1249.5,Completed
109581,477,2025-08-06,2151.32,Completed
109582,232,2024-10-31,2045.98,Completed
109583,59,2024-11-02,1406.1,Completed
109584,622,2025-04-17,2648.1,Completed
109585,159,2024-05-11,4804.41,Completed
109586,443,2025-06-06,3269.37,Completed
109587,953,2024-03-29,1633.96,Completed
109588,894,2024-09-24,5712.28,Completed
109589,486,2025-09-07,2462.45,Completed
109590,736,2024-01-23,881.85,Completed
109591,830,2024-02-13,1865.41,Completed
109592,609,2024-07-28,1563.45,Completed
109593,204,2026-01-05,1266.02,Completed
109594,820,2026-02-20,2208.09,Completed
109595,88,2024-01-01,530.69,Completed
109596,520,2024-09-27,5102.93,Completed
109597,786,2024-02-25,2679.27,Pending
109598,570,2024-01-14,543.83,Pending
109599,342,2026-07-05,2658.71,Completed
109600,412,2025-02-17,2401.06,Completed
109601,453,2026-02-12,4665.67,Completed
109602,750,2025-10-26,5520.2,Completed
109603,993,2025-03-13,6159.12,Completed
109604,783,2026-01-02,1502.64,Completed
109605,308,2024-08-29,2558.23,Pending
109606,110,2025-02-06,1317.24,Completed
109607,466,2025-01-03,3399.97,Completed
109608,867,2025-07-10,441.69,Completed
109609,637,2024-07-23,785.66,Completed
109610,313,2025-12-26,1357.67,Completed
109611,89,2026-03-30,1730.91,Completed
109612,249,2026-05-15,2001.8,Completed
109613,719,2026-05-19,4121.09,Cancelled
109614,670,2025-09-14,1179.67,Completed
109615,444,2026-02-15,777.16,Completed
109616,325,2025-11-03,1399.17,Cancelled
109617,173,2026-07-16,1213.91,Completed
109618,972,2024-04-06,2578.93,Completed
109619,425,2024-07-12,4850.29,Pending
109620,770,2025-02-13,4574.7,Completed
109621,454,2025-08-27,3654.37,Completed
109622,568,2026-05-14,1243.06,Completed
109623,642,2024-04-02,1620.37,Cancelled
109624,348,2024-06-05,2372.12,Completed
109625,940,2026-04-17,1090.77,Completed
109626,451,2024-10-28,1158.86,Completed
109627,768,2024-01-17,2296.06,Completed
109628,921,2025-10-21,741.49,Completed
109629,376,2026-05-04,3661.89,Completed
109630,232,2026-05-27,1386.52,Completed
109631,970,2026-04-11,2557.8,Completed
109632,790,2024-02-27,2058.99,Completed
109633,794,2024-05-11,4067.42,Completed
109634,949,2026-04-26,451.34,Completed
109635,31,2025-11-05,4083.99,Completed
109636,946,2024-08-02,4025.13,Completed
109637,117,2025-01-12,2161.03,Completed
109638,145,2026-04-17,2526.0,Completed
109639,213,2026-06-22,2652.31,Completed
109640,112,2026-05-15,1002.08,Completed
109641,84,2025-03-24,1864.47,Cancelled
109642,124,2026-01-24,3210.09,Completed
109643,478,2024-02-13,563.17,Completed
109644,367,2026-06-17,2444.78,Completed
109645,334,2024-08-03,1904.8,Completed
109646,170,2026-07-24,2706.25,Completed
109647,974,2024-01-16,787.45,Completed
109648,323,2026-06-19,1110.06,Completed
109649,466,2025-05-27,726.36,Completed
109650,140,2025-05-14,721.31,Pending
109651,208,2025-10-20,3089.09,Completed
109652,232,2025-03-27,1227.54,Completed
109653,971,2026-07-14,1170.28,Pending
109654,175,2024-04-12,3657.17,Completed
109655,512,2025-09-30,1439.82,Completed
109656,542,2024-07-29,3367.63,Completed
109657,75,2024-02-06,910.0,Completed
109658,343,2025-09-26,1437.23,Completed
109659,82,2025-10-21,999.1,Cancelled
109660,173,2024-05-03,2570.03,Completed
109661,675,2025-12-08,1573.48,Completed
109662,568,2026-07-05,2895.09,Pending
109663,488,2025-11-07,1988.03,Completed
109664,209,2024-08-08,508.09,Pending
109665,625,2024-03-23,1516.1,Completed
109666,909,2024-03-26,663.49,Cancelled
109667,860,2025-08-24,2254.69,Completed
109668,172,2024-08-16,2582.23,Cancelled
109669,681,2024-12-27,2762.34,Cancelled
109670,242,2024-02-17,1661.85,Completed
109671,870,2025-03-04,623.08,Completed
109672,466,2024-06-10,2062.7,Pending
109673,749,2025-02-20,2345.34,Completed
109674,536,2025-07-25,1598.61,Pending
109675,674,2026-07-23,1902.85,Completed
109676,938,2024-10-08,527.63,Completed
109677,133,2024-11-08,1879.18,Cancelled
109678,908,2026-02-18,1677.55,Completed
109679,476,2026-07-16,818.33,Completed
109680,140,2025-01-28,2537.46,Completed
109681,428,2024-12-02,1305.4,Completed
109682,58,2025-11-25,2089.06,Completed
109683,537,2026-01-01,2471.96,Cancelled
109684,466,2025-11-20,2228.9,Cancelled
109685,386,2025-09-14,752.98,Completed
109686,438,2024-05-12,1402.31,Completed
109687,622,2024-09-12,7184.57,Completed
109688,834,2024-02-25,4458.82,Completed
109689,387,2025-01-14,3096.35,Cancelled
109690,20,2026-03-30,2151.36,Cancelled
109691,557,2024-08-05,947.01,Completed
109692,946,2025-11-12,1619.8,Completed
109693,391,2025-02-13,1367.8,Completed
109694,122,2024-06-19,1703.59,Pending
109695,907,2024-08-05,702.98,Completed
109696,416,2025-10-23,3347.49,Completed
109697,367,2026-02-08,313.98,Cancelled
109698,289,2024-11-16,3142.15,Completed
109699,736,2026-06-11,3181.44,Cancelled
109700,145,2024-02-25,8168.06,Cancelled
109701,616,2025-07-13,1530.24,Cancelled
109702,341,2024-08-10,1283.76,Completed
109703,380,2026-05-17,1946.46,Cancelled
109704,211,2026-01-05,2590.03,Completed
109705,815,2024-02-27,1697.47,Completed
109706,447,2025-01-15,834.27,Pending
109707,931,2025-12-26,2587.86,Completed
109708,835,2025-06-14,1799.23,Completed
109709,765,2025-04-21,934.7,Completed
109710,443,2024-05-12,626.03,Cancelled
109711,951,2025-07-09,8958.32,Completed
109712,586,2024-03-31,3091.37,Cancelled
109713,430,2024-11-06,2589.3,Pending
109714,340,2024-08-20,1670.38,Completed
109715,919,2025-10-01,2818.71,Completed
109716,252,2025-04-04,908.28,Completed
109717,883,2025-02-17,2049.09,Completed
109718,226,2026-04-04,2107.99,Completed
109719,766,2025-01-14,923.01,Completed
109720,278,2026-01-12,1681.85,Completed
109721,845,2026-05-14,1376.43,Completed
109722,845,2024-06-04,1095.51,Completed
109723,735,2025-12-25,1268.12,Completed
109724,993,2024-03-10,593.53,Completed
109725,510,2025-09-15,3591.65,Completed
109726,849,2024-08-07,4969.39,Completed
109727,551,2024-09-06,985.78,Completed
109728,42,2026-04-09,3703.51,Completed
109729,415,2024-06-30,1762.93,Completed
109730,37,2025-05-16,1788.11,Completed
109731,664,2026-01-29,775.57,Completed
109732,152,2026-02-24,1252.65,Cancelled
109733,315,2024-07-18,2544.96,Completed
109734,879,2024-12-25,954.87,Completed
109735,746,2025-06-30,1111.48,Completed
109736,329,2025-07-28,1293.71,Completed
109737,500,2024-06-08,196.53,Completed
109738,580,2025-08-01,2228.14,Cancelled
109739,346,2024-01-02,2723.22,Completed
109740,755,2025-09-01,2281.36,Completed
109741,147,2025-12-16,3322.21,Cancelled
109742,422,2025-04-02,1348.74,Completed
109743,253,2024-08-26,5841.91,Cancelled
109744,679,2024-08-20,1039.43,Completed
109745,641,2025-11-02,1555.63,Completed
109746,815,2025-02-20,1458.91,Completed
109747,361,2026-06-22,2031.71,Completed
109748,228,2026-08-06,1540.43,Completed
109749,37,2025-02-26,1683.51,Cancelled
109750,869,2024-09-21,1158.1,Completed
109751,319,2026-03-01,1353.6,Cancelled
109752,760,2025-12-06,421.27,Completed
109753,358,2024-06-09,3032.44,Completed
109754,322,2026-07-08,926.35,Completed
109755,232,2024-07-13,1308.47,Cancelled
109756,786,2025-07-04,903.88,Completed
109757,282,2024-06-30,2606.69,Completed
109758,290,2025-04-21,1264.4,Completed
109759,706,2025-08-30,367.76,Cancelled
109760,516,2024-04-27,2160.36,Completed
109761,752,2024-09-09,1107.47,Completed
109762,103,2026-01-02,1772.86,Completed
109763,961,2026-07-19,3091.66,Completed
109764,234,2026-06-05,947.32,Completed
109765,118,2026-01-01,1741.44,Completed
109766,109,2026-08-12,1090.03,Completed
109767,303,2024-06-09,3418.23,Completed
109768,420,2024-07-15,1894.79,Completed
109769,78,2025-01-29,1773.19,Cancelled
109770,623,2026-06-14,803.48,Pending
109771,616,2026-02-16,2931.21,Completed
109772,782,2024-12-26,3183.22,Cancelled
109773,19,2024-01-16,1093.95,Cancelled
109774,97,2025-08-25,1989.36,Completed
109775,203,2024-10-27,2637.91,Completed
109776,432,2024-08-05,7610.04,Completed
109777,588,2024-07-27,2321.05,Cancelled
109778,199,2024-08-29,1799.52,Completed
109779,351,2024-11-06,1626.79,Completed
109780,511,2025-08-25,1690.9,Completed
109781,542,2024-06-08,2963.97,Completed
109782,523,2025-04-16,1014.57,Completed
109783,641,2026-06-15,3300.36,Completed
109784,760,2026-07-27,660.98,Completed
109785,849,2026-03-18,2775.71,Cancelled
109786,966,2024-09-14,3326.47,Pending
109787,389,2024-05-22,3039.83,Completed
109788,318,2026-05-04,2145.86,Completed
109789,276,2025-01-28,2326.74,Completed
109790,343,2025-03-24,1387.71,Completed
109791,536,2025-02-18,866.38,Completed
109792,606,2024-05-10,2117.22,Completed
109793,72,2025-12-02,1882.55,Completed
109794,999,2024-08-20,3281.11,Completed
109795,45,2024-08-14,1642.07,Pending
109796,398,2026-01-05,1995.92,Completed
109797,446,2025-11-24,2169.75,Completed
109798,339,2026-03-15,2611.28,Completed
109799,213,2025-11-18,3334.67,Completed
109800,529,2024-02-08,968.37,Cancelled
109801,12,2025-02-09,2840.26,Completed
109802,749,2025-02-02,1600.66,Completed
109803,679,2024-11-08,2733.24,Completed
109804,774,2025-04-25,4705.79,Completed
109805,824,2025-04-28,457.19,Completed
109806,894,2025-08-21,3963.71,Cancelled
109807,147,2026-07-23,1666.69,Cancelled
109808,843,2025-09-25,1032.25,Completed
109809,562,2026-06-26,1354.46,Cancelled
109810,123,2026-03-19,920.68,Cancelled
109811,983,2025-12-15,2503.42,Completed
109812,820,2024-09-23,918.66,Completed
109813,266,2025-07-16,3937.71,Completed
109814,896,2024-04-18,2822.24,Completed
109815,736,2026-06-17,2086.39,Completed
109816,440,2024-06-30,479.17,Completed
109817,162,2024-08-20,761.95,Completed
109818,736,2026-06-30,1708.62,Completed
109819,935,2024-04-28,1770.21,Completed
109820,190,2025-06-15,3315.68,Cancelled
109821,1,2025-07-13,271.07,Completed
109822,227,2024-08-01,1098.92,Completed
109823,289,2025-01-14,3101.52,Completed
109824,373,2026-02-03,1445.7,Completed
109825,977,2025-11-23,1328.47,Completed
109826,965,2025-07-25,631.18,Completed
109827,671,2025-06-13,3581.66,Completed
109828,213,2024-12-23,1313.32,Completed
109829,208,2025-08-29,3664.49,Completed
109830,82,2024-01-18,4667.05,Completed
109831,796,2024-03-09,4237.28,Completed
109832,218,2026-01-31,1762.47,Completed
109833,904,2024-06-18,1313.99,Completed
109834,603,2025-11-29,1257.09,Completed
109835,479,2024-01-16,6470.21,Pending
109836,933,2024-09-12,1568.39,Completed
109837,155,2026-07-01,3569.2,Completed
109838,457,2024-09-15,2462.92,Completed
109839,256,2026-08-14,1377.53,Completed
109840,179,2024-09-21,1527.01,Completed
109841,945,2025-09-10,3884.51,Completed
109842,608,2025-10-14,1836.95,Cancelled
109843,161,2025-09-08,1340.18,Completed
109844,107,2024-10-13,1065.37,Cancelled
109845,303,2026-01-08,2216.28,Completed
109846,841,2024-10-28,1286.71,Completed
109847,145,2026-03-03,2648.02,Completed
109848,748,2025-01-01,9407.28,Completed
109849,106,2026-03-25,2520.73,Cancelled
109850,329,2026-08-11,5815.08,Cancelled
109851,520,2026-01-04,1131.05,Completed
109852,127,2025-03-23,2807.72,Completed
109853,394,2025-02-15,4071.25,Completed
109854,265,2025-01-02,4413.52,Completed
109855,48,2024-12-07,4134.29,Cancelled
109856,1,2025-04-02,1819.51,Completed
109857,145,2025-04-17,3209.88,Completed
109858,753,2025-11-30,929.01,Completed
109859,41,2026-05-15,5116.23,Completed
109860,502,2026-05-09,969.37,Completed
109861,28,2025-08-10,4067.29,Completed
109862,211,2026-08-22,3546.97,Completed
109863,177,2026-05-19,3532.35,Pending
109864,333,2025-04-17,6892.37,Cancelled
109865,749,2025-02-05,3567.44,Completed
109866,417,2025-03-23,759.96,Completed
109867,18,2024-01-23,2641.09,Completed
109868,142,2024-11-17,527.14,Completed
109869,297,2025-01-07,1696.47,Completed
109870,275,2026-01-28,1367.82,Completed
109871,564,2024-09-12,2724.77,Completed
109872,343,2025-09-29,1054.25,Pending
109873,749,2024-11-09,1075.02,Completed
109874,249,2024-12-19,2493.19,Pending
109875,678,2024-03-08,3862.77,Completed
109876,100,2025-05-19,1803.07,Completed
109877,989,2024-04-04,8147.97,Pending
109878,987,2024-07-19,1440.03,Completed
109879,273,2025-05-03,2799.99,Completed
109880,232,2025-11-06,2247.01,Completed
109881,1,2025-01-28,1440.51,Cancelled
109882,976,2024-09-02,4221.51,Completed
109883,42,2026-05-23,1009.12,Cancelled
109884,3,2024-12-06,466.96,Completed
109885,98,2024-11-08,1658.32,Completed
109886,289,2024-03-07,1523.21,Cancelled
109887,976,2024-12-08,3591.72,Completed
109888,166,2024-08-01,798.87,Completed
109889,569,2024-12-10,2529.94,Completed
109890,652,2024-07-08,2338.5,Completed
109891,805,2024-07-10,2220.22,Completed
109892,699,2025-12-16,3548.19,Completed
109893,984,2025-04-06,1772.77,Completed
109894,662,2025-11-06,1862.1,Completed
109895,853,2025-07-15,2412.03,Cancelled
109896,311,2025-06-07,1684.57,Completed
109897,405,2025-03-29,746.89,Completed
109898,743,2025-01-11,1378.47,Completed
109899,883,2024-09-11,1521.15,Completed
109900,9,2026-05-15,1248.85,Completed
109901,428,2025-02-02,1465.31,Completed
109902,809,2026-05-10,2022.89,Completed
109903,113,2026-01-17,1506.41,Completed
109904,346,2025-08-09,3135.76,Completed
109905,548,2026-03-31,3167.71,Completed
109906,83,2025-10-02,383.5,Pending
109907,920,2026-03-04,709.1,Completed
109908,360,2026-02-13,377.08,Completed
109909,789,2025-09-20,1506.53,Completed
109910,423,2025-12-04,1446.84,Completed
109911,398,2026-03-06,1985.6,Completed
109912,967,2024-08-06,3112.49,Completed
109913,864,2026-05-02,1750.68,Completed
109914,513,2025-05-04,1216.42,Completed
109915,458,2024-04-29,1794.96,Completed
109916,786,2024-05-27,1305.72,Completed
109917,684,2025-12-31,689.02,Completed
109918,979,2026-02-26,3354.69,Completed
109919,323,2025-09-28,2372.05,Completed
109920,111,2025-09-27,4616.28,Cancelled
109921,192,2026-04-22,805.51,Completed
109922,526,2026-08-10,630.14,Completed
109923,305,2026-03-20,979.62,Completed
109924,818,2024-05-12,2332.74,Cancelled
109925,882,2026-02-19,3145.92,Completed
109926,184,2025-05-11,2168.14,Completed
109927,991,2026-02-15,1976.13,Completed
109928,634,2025-12-05,3136.9,Completed
109929,262,2025-10-21,1335.3,Completed
109930,198,2026-04-23,3576.83,Completed
109931,165,2024-05-27,6540.72,Completed
109932,465,2026-04-10,902.13,Completed
109933,73,2024-12-04,1526.0,Completed
109934,129,2024-07-15,729.35,Completed
109935,759,2025-12-01,961.19,Completed
109936,481,2026-08-13,2323.19,Completed
109937,527,2024-03-26,601.78,Completed
109938,315,2026-08-12,1084.43,Completed
109939,554,2024-11-29,3570.29,Completed
109940,337,2026-07-31,2081.37,Completed
109941,48,2024-02-17,2965.32,Completed
109942,567,2025-08-20,776.45,Cancelled
109943,82,2025-06-04,1881.0,Completed
109944,687,2026-03-20,6135.89,Completed
109945,920,2025-04-04,1170.64,Completed
109946,668,2024-03-14,1310.72,Cancelled
109947,577,2024-06-27,2627.13,Completed
109948,965,2024-09-05,1002.9,Completed
109949,214,2026-04-27,2869.11,Completed
109950,778,2024-03-30,559.88,Completed
109951,204,2026-03-27,371.99,Completed
109952,1,2025-05-06,2208.19,Completed
109953,240,2025-07-04,952.09,Completed
109954,497,2026-07-27,1246.14,Completed
109955,64,2026-01-16,3182.27,Cancelled
109956,275,2025-09-23,2700.75,Completed
109957,52,2026-03-13,810.61,Cancelled
109958,242,2025-03-24,2523.41,Completed
109959,723,2026-06-24,1480.9,Completed
109960,152,2026-02-10,2360.55,Completed
109961,262,2026-08-08,1776.57,Pending
109962,135,2025-06-19,677.42,Completed
109963,380,2025-09-17,1132.3,Completed
109964,765,2025-03-21,375.28,Completed
109965,534,2026-06-19,2030.23,Pending
109966,197,2025-09-04,2329.77,Completed
109967,311,2024-06-03,1138.73,Completed
109968,670,2025-05-12,1669.59,Completed
109969,472,2024-05-09,955.66,Cancelled
109970,453,2025-09-16,4073.27,Cancelled
109971,873,2025-11-11,780.29,Completed
109972,826,2026-02-19,1470.52,Completed
109973,242,2024-05-29,774.07,Completed
109974,705,2025-03-25,2096.82,Completed
109975,796,2024-12-10,3534.66,Completed
109976,905,2025-02-07,466.92,Cancelled
109977,262,2026-07-03,2753.57,Completed
109978,733,2025-06-27,5198.1,Completed
109979,184,2025-03-07,1957.39,Completed
109980,438,2026-05-30,1160.9,Completed
109981,75,2025-06-01,1756.0,Completed
109982,606,2025-02-15,1262.55,Completed
109983,683,2025-06-09,6453.23,Completed
109984,440,2026-04-04,3097.31,Completed
109985,409,2025-03-16,3231.95,Completed
109986,241,2025-08-23,7305.03,Completed
109987,774,2024-06-22,4313.46,Completed
109988,916,2024-01-13,1663.43,Completed
109989,130,2024-03-06,1829.92,Completed
109990,273,2025-04-08,8344.86,Completed
109991,605,2025-11-30,1113.21,Completed
109992,358,2024-07-23,1609.99,Completed
109993,16,2026-07-06,931.83,Completed
109994,25,2024-05-26,552.07,Cancelled
109995,232,2025-11-08,1016.07,Completed
109996,968,2024-08-16,1029.12,Completed
109997,611,2024-02-27,1198.98,Completed
109998,253,2025-11-24,2679.85,Completed
109999,58,2025-05-19,1786.14,Completed
110000,761,2026-07-05,3472.72,Completed
